,mode,N,p,d,sig2e,beta,re_prior,q0,sig2b0,sig2b1,sig2b2,rho0,rho1,sig2bs_identical,thresh,experiment,exp_type,mse_X,sig2e_est,sig2b_est0,sig2b_est1,sig2b_est2,rho_est0,rho_est1,n_epochs,time
1,longitudinal,100000,100,1,1,0.001,1,1000,0.3,0.3,0.3,0.3,0.3,FALSE,0.0001,0,pca-ignore,2.158076373,,,,,,,,0.468282223
2,longitudinal,100000,100,1,1,0.001,1,1000,0.3,0.3,0.3,0.3,0.3,FALSE,0.0001,0,pca-ohe,2.203853999,,,,,,,,4.745435476
3,longitudinal,100000,100,1,1,0.001,1,1000,0.3,0.3,0.3,0.3,0.3,FALSE,0.0001,0,vae-ignore,2.200483815,,,,,,,200,86.29135466
4,longitudinal,100000,100,1,1,0.001,1,1000,0.3,0.3,0.3,0.3,0.3,FALSE,0.0001,0,vae-ohe,2.368315513,,,,,,,200,179.6618378
5,longitudinal,100000,100,1,1,0.001,1,1000,0.3,0.3,0.3,0.3,0.3,FALSE,0.0001,0,vrae,2.351770726,,,,,,,200,49.44996476
6,longitudinal,100000,100,1,1,0.001,1,1000,0.3,0.3,0.3,0.3,0.3,FALSE,0.0001,0,lmmvae,1.511956159,,0.263312429,0.273832351,0.105373815,,,200,191.0108981
7,longitudinal,100000,100,1,1,0.001,1,1000,0.3,0.3,0.3,0.3,0.3,FALSE,0.0001,0,svgpvae-10-16-2,2.639064311,,,,,,,199,410.809963
8,longitudinal,100000,100,1,1,0.001,1,1000,0.3,0.3,0.3,0.3,0.3,FALSE,0.0001,1,pca-ignore,1.839428146,,,,,,,,0.442052364
9,longitudinal,100000,100,1,1,0.001,1,1000,0.3,0.3,0.3,0.3,0.3,FALSE,0.0001,1,pca-ohe,1.879068939,,,,,,,,4.562191963
10,longitudinal,100000,100,1,1,0.001,1,1000,0.3,0.3,0.3,0.3,0.3,FALSE,0.0001,1,vae-ignore,1.893748967,,,,,,,200,82.08707881
11,longitudinal,100000,100,1,1,0.001,1,1000,0.3,0.3,0.3,0.3,0.3,FALSE,0.0001,1,vae-ohe,1.904235346,,,,,,,200,179.6539192
12,longitudinal,100000,100,1,1,0.001,1,1000,0.3,0.3,0.3,0.3,0.3,FALSE,0.0001,1,vrae,2.092906057,,,,,,,200,43.63787794
13,longitudinal,100000,100,1,1,0.001,1,1000,0.3,0.3,0.3,0.3,0.3,FALSE,0.0001,1,lmmvae,1.578361829,,0.303383708,0.259917229,0.095778912,,,200,191.4035063
14,longitudinal,100000,100,1,1,0.001,1,1000,0.3,0.3,0.3,0.3,0.3,FALSE,0.0001,1,svgpvae-10-16-2,2.355184104,,,,,,,199,406.9116912
15,longitudinal,100000,100,1,1,0.001,1,1000,0.3,0.3,0.3,0.3,0.3,FALSE,0.0001,2,pca-ignore,1.841255516,,,,,,,,0.451804638
16,longitudinal,100000,100,1,1,0.001,1,1000,0.3,0.3,0.3,0.3,0.3,FALSE,0.0001,2,pca-ohe,1.867815464,,,,,,,,4.461462736
17,longitudinal,100000,100,1,1,0.001,1,1000,0.3,0.3,0.3,0.3,0.3,FALSE,0.0001,2,vae-ignore,1.819262724,,,,,,,200,81.95536685
18,longitudinal,100000,100,1,1,0.001,1,1000,0.3,0.3,0.3,0.3,0.3,FALSE,0.0001,2,vae-ohe,1.883672817,,,,,,,200,178.9350615
19,longitudinal,100000,100,1,1,0.001,1,1000,0.3,0.3,0.3,0.3,0.3,FALSE,0.0001,2,vrae,2.120985746,,,,,,,200,43.08455706
20,longitudinal,100000,100,1,1,0.001,1,1000,0.3,0.3,0.3,0.3,0.3,FALSE,0.0001,2,lmmvae,1.691744281,,0.382904917,0.299982786,0.094872274,,,200,192.2009959
21,longitudinal,100000,100,1,1,0.001,1,1000,0.3,0.3,0.3,0.3,0.3,FALSE,0.0001,2,svgpvae-10-16-2,2.371354668,,,,,,,199,405.7480054
22,longitudinal,100000,100,1,1,0.001,1,1000,0.3,0.3,0.3,0.3,0.3,FALSE,0.0001,3,pca-ignore,1.964077998,,,,,,,,0.456302643
23,longitudinal,100000,100,1,1,0.001,1,1000,0.3,0.3,0.3,0.3,0.3,FALSE,0.0001,3,pca-ohe,2.010029888,,,,,,,,4.554204941
24,longitudinal,100000,100,1,1,0.001,1,1000,0.3,0.3,0.3,0.3,0.3,FALSE,0.0001,3,vae-ignore,1.957210217,,,,,,,200,81.91538525
25,longitudinal,100000,100,1,1,0.001,1,1000,0.3,0.3,0.3,0.3,0.3,FALSE,0.0001,3,vae-ohe,1.984450964,,,,,,,200,179.6813114
26,longitudinal,100000,100,1,1,0.001,1,1000,0.3,0.3,0.3,0.3,0.3,FALSE,0.0001,3,vrae,2.190456108,,,,,,,200,42.03983426
27,longitudinal,100000,100,1,1,0.001,1,1000,0.3,0.3,0.3,0.3,0.3,FALSE,0.0001,3,lmmvae,1.774279107,,0.317078561,0.241053939,0.091315366,,,200,190.5971947
28,longitudinal,100000,100,1,1,0.001,1,1000,0.3,0.3,0.3,0.3,0.3,FALSE,0.0001,3,svgpvae-10-16-2,2.421813321,,,,,,,199,405.7015355
29,longitudinal,100000,100,1,1,0.001,1,1000,0.3,0.3,0.3,0.3,0.3,FALSE,0.0001,4,pca-ignore,1.98335173,,,,,,,,0.453053951
30,longitudinal,100000,100,1,1,0.001,1,1000,0.3,0.3,0.3,0.3,0.3,FALSE,0.0001,4,pca-ohe,2.010251637,,,,,,,,4.54805088
31,longitudinal,100000,100,1,1,0.001,1,1000,0.3,0.3,0.3,0.3,0.3,FALSE,0.0001,4,vae-ignore,1.8974377,,,,,,,200,81.72983289
32,longitudinal,100000,100,1,1,0.001,1,1000,0.3,0.3,0.3,0.3,0.3,FALSE,0.0001,4,vae-ohe,1.945120794,,,,,,,200,178.7875283
33,longitudinal,100000,100,1,1,0.001,1,1000,0.3,0.3,0.3,0.3,0.3,FALSE,0.0001,4,vrae,2.230473396,,,,,,,200,41.33203793
34,longitudinal,100000,100,1,1,0.001,1,1000,0.3,0.3,0.3,0.3,0.3,FALSE,0.0001,4,lmmvae,1.851233146,,0.328793794,0.249436378,0.077540427,,,200,191.547328
35,longitudinal,100000,100,1,1,0.001,1,1000,0.3,0.3,0.3,0.3,0.3,FALSE,0.0001,4,svgpvae-10-16-2,2.445739727,,,,,,,199,407.2787952
36,longitudinal,100000,100,2,1,0.001,1,1000,0.3,0.3,0.3,0.3,0.3,FALSE,0.0001,0,pca-ignore,2.203883081,,,,,,,,0.462246895
37,longitudinal,100000,100,2,1,0.001,1,1000,0.3,0.3,0.3,0.3,0.3,FALSE,0.0001,0,pca-ohe,2.249159296,,,,,,,,4.515812874
38,longitudinal,100000,100,2,1,0.001,1,1000,0.3,0.3,0.3,0.3,0.3,FALSE,0.0001,0,vae-ignore,2.077368416,,,,,,,200,82.48498106
39,longitudinal,100000,100,2,1,0.001,1,1000,0.3,0.3,0.3,0.3,0.3,FALSE,0.0001,0,vae-ohe,2.11874462,,,,,,,200,179.9362431
40,longitudinal,100000,100,2,1,0.001,1,1000,0.3,0.3,0.3,0.3,0.3,FALSE,0.0001,0,vrae,2.7708803,,,,,,,200,40.71410489
41,longitudinal,100000,100,2,1,0.001,1,1000,0.3,0.3,0.3,0.3,0.3,FALSE,0.0001,0,lmmvae,1.942969734,,0.325285643,0.236148,0.078650162,,,200,191.3884392
42,longitudinal,100000,100,2,1,0.001,1,1000,0.3,0.3,0.3,0.3,0.3,FALSE,0.0001,0,svgpvae-10-16-2,3.028025833,,,,,,,199,725.7303009
43,longitudinal,100000,100,2,1,0.001,1,1000,0.3,0.3,0.3,0.3,0.3,FALSE,0.0001,1,pca-ignore,2.109159567,,,,,,,,0.457640171
44,longitudinal,100000,100,2,1,0.001,1,1000,0.3,0.3,0.3,0.3,0.3,FALSE,0.0001,1,pca-ohe,2.164142995,,,,,,,,4.452682257
45,longitudinal,100000,100,2,1,0.001,1,1000,0.3,0.3,0.3,0.3,0.3,FALSE,0.0001,1,vae-ignore,1.970526001,,,,,,,200,82.57831335
46,longitudinal,100000,100,2,1,0.001,1,1000,0.3,0.3,0.3,0.3,0.3,FALSE,0.0001,1,vae-ohe,2.057675695,,,,,,,200,179.5451794
47,longitudinal,100000,100,2,1,0.001,1,1000,0.3,0.3,0.3,0.3,0.3,FALSE,0.0001,1,vrae,2.695916125,,,,,,,200,41.68127799
48,longitudinal,100000,100,2,1,0.001,1,1000,0.3,0.3,0.3,0.3,0.3,FALSE,0.0001,1,lmmvae,1.891205037,,0.352308422,0.2600151,0.077832311,,,200,191.5700734
49,longitudinal,100000,100,2,1,0.001,1,1000,0.3,0.3,0.3,0.3,0.3,FALSE,0.0001,1,svgpvae-10-16-2,3.010971397,,,,,,,199,730.5426753
50,longitudinal,100000,100,2,1,0.001,1,1000,0.3,0.3,0.3,0.3,0.3,FALSE,0.0001,2,pca-ignore,2.072247731,,,,,,,,0.46317935
51,longitudinal,100000,100,2,1,0.001,1,1000,0.3,0.3,0.3,0.3,0.3,FALSE,0.0001,2,pca-ohe,2.12422941,,,,,,,,4.565993309
52,longitudinal,100000,100,2,1,0.001,1,1000,0.3,0.3,0.3,0.3,0.3,FALSE,0.0001,2,vae-ignore,1.935912862,,,,,,,200,83.67394233
53,longitudinal,100000,100,2,1,0.001,1,1000,0.3,0.3,0.3,0.3,0.3,FALSE,0.0001,2,vae-ohe,2.129786947,,,,,,,200,181.4507899
54,longitudinal,100000,100,2,1,0.001,1,1000,0.3,0.3,0.3,0.3,0.3,FALSE,0.0001,2,vrae,2.667138807,,,,,,,200,43.63407874
55,longitudinal,100000,100,2,1,0.001,1,1000,0.3,0.3,0.3,0.3,0.3,FALSE,0.0001,2,lmmvae,1.761047173,,0.323127449,0.271658808,0.091977701,,,200,192.9728398
56,longitudinal,100000,100,2,1,0.001,1,1000,0.3,0.3,0.3,0.3,0.3,FALSE,0.0001,2,svgpvae-10-16-2,3.17365032,,,,,,,199,726.0061359
57,longitudinal,100000,100,2,1,0.001,1,1000,0.3,0.3,0.3,0.3,0.3,FALSE,0.0001,3,pca-ignore,2.088516697,,,,,,,,0.45078516
58,longitudinal,100000,100,2,1,0.001,1,1000,0.3,0.3,0.3,0.3,0.3,FALSE,0.0001,3,pca-ohe,2.165193937,,,,,,,,4.543743134
59,longitudinal,100000,100,2,1,0.001,1,1000,0.3,0.3,0.3,0.3,0.3,FALSE,0.0001,3,vae-ignore,2.177943494,,,,,,,200,82.32054043
60,longitudinal,100000,100,2,1,0.001,1,1000,0.3,0.3,0.3,0.3,0.3,FALSE,0.0001,3,vae-ohe,2.404368487,,,,,,,200,179.3206961
61,longitudinal,100000,100,2,1,0.001,1,1000,0.3,0.3,0.3,0.3,0.3,FALSE,0.0001,3,vrae,2.650749815,,,,,,,200,45.61522555
62,longitudinal,100000,100,2,1,0.001,1,1000,0.3,0.3,0.3,0.3,0.3,FALSE,0.0001,3,lmmvae,1.580616876,,0.280596972,0.264454693,0.10081692,,,200,190.9795966
63,longitudinal,100000,100,2,1,0.001,1,1000,0.3,0.3,0.3,0.3,0.3,FALSE,0.0001,3,svgpvae-10-16-2,3.213851013,,,,,,,199,724.8285687
64,longitudinal,100000,100,2,1,0.001,1,1000,0.3,0.3,0.3,0.3,0.3,FALSE,0.0001,4,pca-ignore,2.09095985,,,,,,,,0.452063799
65,longitudinal,100000,100,2,1,0.001,1,1000,0.3,0.3,0.3,0.3,0.3,FALSE,0.0001,4,pca-ohe,2.145529496,,,,,,,,4.510910034
66,longitudinal,100000,100,2,1,0.001,1,1000,0.3,0.3,0.3,0.3,0.3,FALSE,0.0001,4,vae-ignore,1.940403496,,,,,,,200,83.59603524
67,longitudinal,100000,100,2,1,0.001,1,1000,0.3,0.3,0.3,0.3,0.3,FALSE,0.0001,4,vae-ohe,2.094445954,,,,,,,200,179.5061269
68,longitudinal,100000,100,2,1,0.001,1,1000,0.3,0.3,0.3,0.3,0.3,FALSE,0.0001,4,vrae,2.688167391,,,,,,,200,43.43345857
69,longitudinal,100000,100,2,1,0.001,1,1000,0.3,0.3,0.3,0.3,0.3,FALSE,0.0001,4,lmmvae,1.711665368,,0.315846324,0.25784564,0.090307124,,,200,191.6100607
70,longitudinal,100000,100,2,1,0.001,1,1000,0.3,0.3,0.3,0.3,0.3,FALSE,0.0001,4,svgpvae-10-16-2,3.209536213,,,,,,,199,726.697098
71,longitudinal,100000,100,1,1,0.001,1,1000,0.3,0.3,3,0.3,0.3,FALSE,0.0001,0,pca-ignore,4.474204674,,,,,,,,0.458687782
72,longitudinal,100000,100,1,1,0.001,1,1000,0.3,0.3,3,0.3,0.3,FALSE,0.0001,0,pca-ohe,4.614645967,,,,,,,,4.55579257
73,longitudinal,100000,100,1,1,0.001,1,1000,0.3,0.3,3,0.3,0.3,FALSE,0.0001,0,vae-ignore,10.40039485,,,,,,,200,82.62254882
74,longitudinal,100000,100,1,1,0.001,1,1000,0.3,0.3,3,0.3,0.3,FALSE,0.0001,0,vae-ohe,9.601153993,,,,,,,200,180.8864067
75,longitudinal,100000,100,1,1,0.001,1,1000,0.3,0.3,3,0.3,0.3,FALSE,0.0001,0,vrae,4.71415894,,,,,,,200,44.76405239
76,longitudinal,100000,100,1,1,0.001,1,1000,0.3,0.3,3,0.3,0.3,FALSE,0.0001,0,lmmvae,4.673208585,,2.605808496,3.443619013,0.800061285,,,200,193.7481368
77,longitudinal,100000,100,1,1,0.001,1,1000,0.3,0.3,3,0.3,0.3,FALSE,0.0001,0,svgpvae-10-16-2,7.53061907,,,,,,,199,409.6732635
78,longitudinal,100000,100,1,1,0.001,1,1000,0.3,0.3,3,0.3,0.3,FALSE,0.0001,1,pca-ignore,3.498005921,,,,,,,,0.463442087
79,longitudinal,100000,100,1,1,0.001,1,1000,0.3,0.3,3,0.3,0.3,FALSE,0.0001,1,pca-ohe,3.774346899,,,,,,,,4.549309969
80,longitudinal,100000,100,1,1,0.001,1,1000,0.3,0.3,3,0.3,0.3,FALSE,0.0001,1,vae-ignore,4.955974184,,,,,,,200,82.87324166
81,longitudinal,100000,100,1,1,0.001,1,1000,0.3,0.3,3,0.3,0.3,FALSE,0.0001,1,vae-ohe,4.724963017,,,,,,,200,180.6627016
82,longitudinal,100000,100,1,1,0.001,1,1000,0.3,0.3,3,0.3,0.3,FALSE,0.0001,1,vrae,3.717866709,,,,,,,200,42.87675881
83,longitudinal,100000,100,1,1,0.001,1,1000,0.3,0.3,3,0.3,0.3,FALSE,0.0001,1,lmmvae,5.139719764,,3.497444153,3.985493422,0.494120061,,,200,193.3660142
84,longitudinal,100000,100,1,1,0.001,1,1000,0.3,0.3,3,0.3,0.3,FALSE,0.0001,1,svgpvae-10-16-2,6.503668339,,,,,,,199,409.2534199
85,longitudinal,100000,100,1,1,0.001,1,1000,0.3,0.3,3,0.3,0.3,FALSE,0.0001,2,pca-ignore,4.035307384,,,,,,,,0.462511301
86,longitudinal,100000,100,1,1,0.001,1,1000,0.3,0.3,3,0.3,0.3,FALSE,0.0001,2,pca-ohe,4.22547818,,,,,,,,4.638747454
87,longitudinal,100000,100,1,1,0.001,1,1000,0.3,0.3,3,0.3,0.3,FALSE,0.0001,2,vae-ignore,4.189102571,,,,,,,200,82.71835232
88,longitudinal,100000,100,1,1,0.001,1,1000,0.3,0.3,3,0.3,0.3,FALSE,0.0001,2,vae-ohe,,,,,,,,200,178.2030163
89,longitudinal,100000,100,1,1,0.001,1,1000,0.3,0.3,3,0.3,0.3,FALSE,0.0001,2,vrae,4.243261344,,,,,,,200,42.92182279
90,longitudinal,100000,100,1,1,0.001,1,1000,0.3,0.3,3,0.3,0.3,FALSE,0.0001,2,lmmvae,2.370840888,,0.550568104,1.286559463,1.544364929,,,200,193.7988229
91,longitudinal,100000,100,1,1,0.001,1,1000,0.3,0.3,3,0.3,0.3,FALSE,0.0001,2,svgpvae-10-16-2,6.980176867,,,,,,,199,408.5437691
92,longitudinal,100000,100,1,1,0.001,1,1000,0.3,0.3,3,0.3,0.3,FALSE,0.0001,3,pca-ignore,5.000288532,,,,,,,,0.453629017
93,longitudinal,100000,100,1,1,0.001,1,1000,0.3,0.3,3,0.3,0.3,FALSE,0.0001,3,pca-ohe,5.119080329,,,,,,,,4.607841492
94,longitudinal,100000,100,1,1,0.001,1,1000,0.3,0.3,3,0.3,0.3,FALSE,0.0001,3,vae-ignore,5.09818685,,,,,,,200,82.46564007
95,longitudinal,100000,100,1,1,0.001,1,1000,0.3,0.3,3,0.3,0.3,FALSE,0.0001,3,vae-ohe,7.887558975,,,,,,,200,180.9551334
96,longitudinal,100000,100,1,1,0.001,1,1000,0.3,0.3,3,0.3,0.3,FALSE,0.0001,3,vrae,5.265704557,,,,,,,200,42.15191174
97,longitudinal,100000,100,1,1,0.001,1,1000,0.3,0.3,3,0.3,0.3,FALSE,0.0001,3,lmmvae,6.668450245,,2.965376377,3.761466265,0.516626537,,,200,194.9307208
98,longitudinal,100000,100,1,1,0.001,1,1000,0.3,0.3,3,0.3,0.3,FALSE,0.0001,3,svgpvae-10-16-2,7.57277748,,,,,,,199,409.0643473
99,longitudinal,100000,100,1,1,0.001,1,1000,0.3,0.3,3,0.3,0.3,FALSE,0.0001,4,pca-ignore,4.081455352,,,,,,,,0.453445435
100,longitudinal,100000,100,1,1,0.001,1,1000,0.3,0.3,3,0.3,0.3,FALSE,0.0001,4,pca-ohe,4.280580835,,,,,,,,4.546787977
101,longitudinal,100000,100,1,1,0.001,1,1000,0.3,0.3,3,0.3,0.3,FALSE,0.0001,4,vae-ignore,9.500730022,,,,,,,200,82.66128635
102,longitudinal,100000,100,1,1,0.001,1,1000,0.3,0.3,3,0.3,0.3,FALSE,0.0001,4,vae-ohe,11.76208357,,,,,,,200,180.165509
103,longitudinal,100000,100,1,1,0.001,1,1000,0.3,0.3,3,0.3,0.3,FALSE,0.0001,4,vrae,4.310227007,,,,,,,200,43.7171967
104,longitudinal,100000,100,1,1,0.001,1,1000,0.3,0.3,3,0.3,0.3,FALSE,0.0001,4,lmmvae,3.38024412,,1.23140955,2.22461009,1.055055499,,,200,192.6423976
105,longitudinal,100000,100,1,1,0.001,1,1000,0.3,0.3,3,0.3,0.3,FALSE,0.0001,4,svgpvae-10-16-2,7.156424016,,,,,,,199,407.3403475
106,longitudinal,100000,100,2,1,0.001,1,1000,0.3,0.3,3,0.3,0.3,FALSE,0.0001,0,pca-ignore,4.849756862,,,,,,,,0.460397482
107,longitudinal,100000,100,2,1,0.001,1,1000,0.3,0.3,3,0.3,0.3,FALSE,0.0001,0,pca-ohe,5.211169641,,,,,,,,4.561678648
108,longitudinal,100000,100,2,1,0.001,1,1000,0.3,0.3,3,0.3,0.3,FALSE,0.0001,0,vae-ignore,4.974967473,,,,,,,200,83.7620945
109,longitudinal,100000,100,2,1,0.001,1,1000,0.3,0.3,3,0.3,0.3,FALSE,0.0001,0,vae-ohe,5.494588931,,,,,,,200,181.4728897
110,longitudinal,100000,100,2,1,0.001,1,1000,0.3,0.3,3,0.3,0.3,FALSE,0.0001,0,vrae,5.439491404,,,,,,,200,41.01626778
111,longitudinal,100000,100,2,1,0.001,1,1000,0.3,0.3,3,0.3,0.3,FALSE,0.0001,0,lmmvae,4.845875896,,1.724574566,2.408875227,0.813312888,,,200,195.0360205
112,longitudinal,100000,100,2,1,0.001,1,1000,0.3,0.3,3,0.3,0.3,FALSE,0.0001,0,svgpvae-10-16-2,6.852187231,,,,,,,199,727.601445
113,longitudinal,100000,100,2,1,0.001,1,1000,0.3,0.3,3,0.3,0.3,FALSE,0.0001,1,pca-ignore,3.816186438,,,,,,,,0.458805799
114,longitudinal,100000,100,2,1,0.001,1,1000,0.3,0.3,3,0.3,0.3,FALSE,0.0001,1,pca-ohe,4.184503108,,,,,,,,4.521933794
115,longitudinal,100000,100,2,1,0.001,1,1000,0.3,0.3,3,0.3,0.3,FALSE,0.0001,1,vae-ignore,14.61320631,,,,,,,200,83.48885036
116,longitudinal,100000,100,2,1,0.001,1,1000,0.3,0.3,3,0.3,0.3,FALSE,0.0001,1,vae-ohe,21.21196756,,,,,,,200,181.4072556
117,longitudinal,100000,100,2,1,0.001,1,1000,0.3,0.3,3,0.3,0.3,FALSE,0.0001,1,vrae,4.245989922,,,,,,,200,41.9886806
118,longitudinal,100000,100,2,1,0.001,1,1000,0.3,0.3,3,0.3,0.3,FALSE,0.0001,1,lmmvae,3.140947832,,1.026389599,1.924054384,1.107015014,,,200,195.6911583
119,longitudinal,100000,100,2,1,0.001,1,1000,0.3,0.3,3,0.3,0.3,FALSE,0.0001,1,svgpvae-10-16-2,,,,,,,,199,724.7056482
120,longitudinal,100000,100,2,1,0.001,1,1000,0.3,0.3,3,0.3,0.3,FALSE,0.0001,2,pca-ignore,4.472205118,,,,,,,,0.455578804
121,longitudinal,100000,100,2,1,0.001,1,1000,0.3,0.3,3,0.3,0.3,FALSE,0.0001,2,pca-ohe,4.833674183,,,,,,,,4.609484673
122,longitudinal,100000,100,2,1,0.001,1,1000,0.3,0.3,3,0.3,0.3,FALSE,0.0001,2,vae-ignore,29.29620177,,,,,,,200,83.49566841
123,longitudinal,100000,100,2,1,0.001,1,1000,0.3,0.3,3,0.3,0.3,FALSE,0.0001,2,vae-ohe,29.47910976,,,,,,,200,181.1100299
124,longitudinal,100000,100,2,1,0.001,1,1000,0.3,0.3,3,0.3,0.3,FALSE,0.0001,2,vrae,4.78896428,,,,,,,200,44.78597164
125,longitudinal,100000,100,2,1,0.001,1,1000,0.3,0.3,3,0.3,0.3,FALSE,0.0001,2,lmmvae,3.644151524,,1.382483363,2.928597212,1.066714525,,,200,195.0035093
126,longitudinal,100000,100,2,1,0.001,1,1000,0.3,0.3,3,0.3,0.3,FALSE,0.0001,2,svgpvae-10-16-2,,,,,,,,199,726.689656
127,longitudinal,100000,100,2,1,0.001,1,1000,0.3,0.3,3,0.3,0.3,FALSE,0.0001,3,pca-ignore,4.570238944,,,,,,,,0.453299284
128,longitudinal,100000,100,2,1,0.001,1,1000,0.3,0.3,3,0.3,0.3,FALSE,0.0001,3,pca-ohe,4.905934248,,,,,,,,4.692274094
129,longitudinal,100000,100,2,1,0.001,1,1000,0.3,0.3,3,0.3,0.3,FALSE,0.0001,3,vae-ignore,4.919261684,,,,,,,200,83.731071
130,longitudinal,100000,100,2,1,0.001,1,1000,0.3,0.3,3,0.3,0.3,FALSE,0.0001,3,vae-ohe,5.618830834,,,,,,,200,181.5605228
131,longitudinal,100000,100,2,1,0.001,1,1000,0.3,0.3,3,0.3,0.3,FALSE,0.0001,3,vrae,5.001177527,,,,,,,200,41.48636532
132,longitudinal,100000,100,2,1,0.001,1,1000,0.3,0.3,3,0.3,0.3,FALSE,0.0001,3,lmmvae,3.215018446,,0.742467642,1.541382432,1.250631452,,,200,194.9743173
133,longitudinal,100000,100,2,1,0.001,1,1000,0.3,0.3,3,0.3,0.3,FALSE,0.0001,3,svgpvae-10-16-2,7.340627205,,,,,,,199,727.7839844
134,longitudinal,100000,100,2,1,0.001,1,1000,0.3,0.3,3,0.3,0.3,FALSE,0.0001,4,pca-ignore,4.960142398,,,,,,,,0.46667552
135,longitudinal,100000,100,2,1,0.001,1,1000,0.3,0.3,3,0.3,0.3,FALSE,0.0001,4,pca-ohe,5.274628127,,,,,,,,4.563952446
136,longitudinal,100000,100,2,1,0.001,1,1000,0.3,0.3,3,0.3,0.3,FALSE,0.0001,4,vae-ignore,5.404427532,,,,,,,200,83.42176604
137,longitudinal,100000,100,2,1,0.001,1,1000,0.3,0.3,3,0.3,0.3,FALSE,0.0001,4,vae-ohe,10.48955913,,,,,,,200,180.753983
138,longitudinal,100000,100,2,1,0.001,1,1000,0.3,0.3,3,0.3,0.3,FALSE,0.0001,4,vrae,5.273750867,,,,,,,200,41.84264493
139,longitudinal,100000,100,2,1,0.001,1,1000,0.3,0.3,3,0.3,0.3,FALSE,0.0001,4,lmmvae,4.731702354,,1.46485126,2.518335104,0.836689055,,,200,195.4676991
140,longitudinal,100000,100,2,1,0.001,1,1000,0.3,0.3,3,0.3,0.3,FALSE,0.0001,4,svgpvae-10-16-2,,,,,,,,199,728.8599615
141,longitudinal,100000,100,1,1,0.001,1,1000,3,0.3,0.3,0.3,0.3,FALSE,0.0001,0,pca-ignore,4.889000238,,,,,,,,0.483649492
142,longitudinal,100000,100,1,1,0.001,1,1000,3,0.3,0.3,0.3,0.3,FALSE,0.0001,0,pca-ohe,4.951696255,,,,,,,,5.273809433
143,longitudinal,100000,100,1,1,0.001,1,1000,3,0.3,0.3,0.3,0.3,FALSE,0.0001,0,vae-ignore,5.046810166,,,,,,,200,87.11442018
144,longitudinal,100000,100,1,1,0.001,1,1000,3,0.3,0.3,0.3,0.3,FALSE,0.0001,0,vae-ohe,5.300340641,,,,,,,200,180.5597789
145,longitudinal,100000,100,1,1,0.001,1,1000,3,0.3,0.3,0.3,0.3,FALSE,0.0001,0,vrae,5.203755914,,,,,,,200,50.48009491
146,longitudinal,100000,100,1,1,0.001,1,1000,3,0.3,0.3,0.3,0.3,FALSE,0.0001,0,lmmvae,2.364549081,,0.613171339,0.484140664,0.09605889,,,200,193.2899497
147,longitudinal,100000,100,1,1,0.001,1,1000,3,0.3,0.3,0.3,0.3,FALSE,0.0001,0,svgpvae-10-16-2,5.321816851,,,,,,,199,412.283675
148,longitudinal,100000,100,1,1,0.001,1,1000,3,0.3,0.3,0.3,0.3,FALSE,0.0001,1,pca-ignore,4.843311143,,,,,,,,0.597216368
149,longitudinal,100000,100,1,1,0.001,1,1000,3,0.3,0.3,0.3,0.3,FALSE,0.0001,1,pca-ohe,4.872536919,,,,,,,,4.577825069
150,longitudinal,100000,100,1,1,0.001,1,1000,3,0.3,0.3,0.3,0.3,FALSE,0.0001,1,vae-ignore,4.803982064,,,,,,,200,84.3580699
151,longitudinal,100000,100,1,1,0.001,1,1000,3,0.3,0.3,0.3,0.3,FALSE,0.0001,1,vae-ohe,4.899082596,,,,,,,200,181.1365237
152,longitudinal,100000,100,1,1,0.001,1,1000,3,0.3,0.3,0.3,0.3,FALSE,0.0001,1,vrae,5.206724473,,,,,,,200,41.70901513
153,longitudinal,100000,100,1,1,0.001,1,1000,3,0.3,0.3,0.3,0.3,FALSE,0.0001,1,lmmvae,3.112614536,,0.843544602,0.521481931,0.066163585,,,200,193.0239854
154,longitudinal,100000,100,1,1,0.001,1,1000,3,0.3,0.3,0.3,0.3,FALSE,0.0001,1,svgpvae-10-16-2,5.350896083,,,,,,,199,408.4033804
155,longitudinal,100000,100,1,1,0.001,1,1000,3,0.3,0.3,0.3,0.3,FALSE,0.0001,2,pca-ignore,4.602002014,,,,,,,,0.429320574
156,longitudinal,100000,100,1,1,0.001,1,1000,3,0.3,0.3,0.3,0.3,FALSE,0.0001,2,pca-ohe,4.636262997,,,,,,,,4.46287179
157,longitudinal,100000,100,1,1,0.001,1,1000,3,0.3,0.3,0.3,0.3,FALSE,0.0001,2,vae-ignore,4.853492224,,,,,,,200,82.76169348
158,longitudinal,100000,100,1,1,0.001,1,1000,3,0.3,0.3,0.3,0.3,FALSE,0.0001,2,vae-ohe,4.888667657,,,,,,,200,178.7048495
159,longitudinal,100000,100,1,1,0.001,1,1000,3,0.3,0.3,0.3,0.3,FALSE,0.0001,2,vrae,4.931998369,,,,,,,200,46.15361452
160,longitudinal,100000,100,1,1,0.001,1,1000,3,0.3,0.3,0.3,0.3,FALSE,0.0001,2,lmmvae,2.401884523,,0.721044183,0.524895668,0.079228871,,,200,192.733114
161,longitudinal,100000,100,1,1,0.001,1,1000,3,0.3,0.3,0.3,0.3,FALSE,0.0001,2,svgpvae-10-16-2,5.051177042,,,,,,,199,407.2777176
162,longitudinal,100000,100,1,1,0.001,1,1000,3,0.3,0.3,0.3,0.3,FALSE,0.0001,3,pca-ignore,4.612047165,,,,,,,,0.434607744
163,longitudinal,100000,100,1,1,0.001,1,1000,3,0.3,0.3,0.3,0.3,FALSE,0.0001,3,pca-ohe,4.652949183,,,,,,,,4.497107506
164,longitudinal,100000,100,1,1,0.001,1,1000,3,0.3,0.3,0.3,0.3,FALSE,0.0001,3,vae-ignore,4.661655727,,,,,,,200,82.73804235
165,longitudinal,100000,100,1,1,0.001,1,1000,3,0.3,0.3,0.3,0.3,FALSE,0.0001,3,vae-ohe,4.681438933,,,,,,,200,179.0255616
166,longitudinal,100000,100,1,1,0.001,1,1000,3,0.3,0.3,0.3,0.3,FALSE,0.0001,3,vrae,4.878445937,,,,,,,200,41.69283128
167,longitudinal,100000,100,1,1,0.001,1,1000,3,0.3,0.3,0.3,0.3,FALSE,0.0001,3,lmmvae,3.001334466,,0.883176506,0.500340223,0.065018222,,,200,191.9940948
168,longitudinal,100000,100,1,1,0.001,1,1000,3,0.3,0.3,0.3,0.3,FALSE,0.0001,3,svgpvae-10-16-2,5.032709516,,,,,,,199,410.2523272
169,longitudinal,100000,100,1,1,0.001,1,1000,3,0.3,0.3,0.3,0.3,FALSE,0.0001,4,pca-ignore,5.304544911,,,,,,,,0.447429657
170,longitudinal,100000,100,1,1,0.001,1,1000,3,0.3,0.3,0.3,0.3,FALSE,0.0001,4,pca-ohe,5.367165043,,,,,,,,4.749302626
171,longitudinal,100000,100,1,1,0.001,1,1000,3,0.3,0.3,0.3,0.3,FALSE,0.0001,4,vae-ignore,5.773258797,,,,,,,200,83.4262023
172,longitudinal,100000,100,1,1,0.001,1,1000,3,0.3,0.3,0.3,0.3,FALSE,0.0001,4,vae-ohe,5.953436653,,,,,,,200,181.116426
173,longitudinal,100000,100,1,1,0.001,1,1000,3,0.3,0.3,0.3,0.3,FALSE,0.0001,4,vrae,5.62265281,,,,,,,200,51.11201692
174,longitudinal,100000,100,1,1,0.001,1,1000,3,0.3,0.3,0.3,0.3,FALSE,0.0001,4,lmmvae,2.196006794,,0.523668408,0.47628811,0.111774072,,,200,193.3044295
175,longitudinal,100000,100,1,1,0.001,1,1000,3,0.3,0.3,0.3,0.3,FALSE,0.0001,4,svgpvae-10-16-2,5.721161108,,,,,,,199,408.8822207
176,longitudinal,100000,100,2,1,0.001,1,1000,3,0.3,0.3,0.3,0.3,FALSE,0.0001,0,pca-ignore,4.955059438,,,,,,,,0.468382359
177,longitudinal,100000,100,2,1,0.001,1,1000,3,0.3,0.3,0.3,0.3,FALSE,0.0001,0,pca-ohe,5.023520895,,,,,,,,4.724797726
178,longitudinal,100000,100,2,1,0.001,1,1000,3,0.3,0.3,0.3,0.3,FALSE,0.0001,0,vae-ignore,4.966021963,,,,,,,200,83.55433226
179,longitudinal,100000,100,2,1,0.001,1,1000,3,0.3,0.3,0.3,0.3,FALSE,0.0001,0,vae-ohe,5.13454354,,,,,,,200,180.3324468
180,longitudinal,100000,100,2,1,0.001,1,1000,3,0.3,0.3,0.3,0.3,FALSE,0.0001,0,vrae,5.66863765,,,,,,,200,42.0830071
181,longitudinal,100000,100,2,1,0.001,1,1000,3,0.3,0.3,0.3,0.3,FALSE,0.0001,0,lmmvae,3.177225775,,0.885054469,0.496867716,0.063751891,,,200,194.4763126
182,longitudinal,100000,100,2,1,0.001,1,1000,3,0.3,0.3,0.3,0.3,FALSE,0.0001,0,svgpvae-10-16-2,5.870283551,,,,,,,199,729.9037282
183,longitudinal,100000,100,2,1,0.001,1,1000,3,0.3,0.3,0.3,0.3,FALSE,0.0001,1,pca-ignore,4.748152859,,,,,,,,0.460321426
184,longitudinal,100000,100,2,1,0.001,1,1000,3,0.3,0.3,0.3,0.3,FALSE,0.0001,1,pca-ohe,4.843360815,,,,,,,,4.7156322
185,longitudinal,100000,100,2,1,0.001,1,1000,3,0.3,0.3,0.3,0.3,FALSE,0.0001,1,vae-ignore,4.882253677,,,,,,,200,83.21423435
186,longitudinal,100000,100,2,1,0.001,1,1000,3,0.3,0.3,0.3,0.3,FALSE,0.0001,1,vae-ohe,5.18063567,,,,,,,200,180.530472
187,longitudinal,100000,100,2,1,0.001,1,1000,3,0.3,0.3,0.3,0.3,FALSE,0.0001,1,vrae,5.292996407,,,,,,,200,40.30347157
188,longitudinal,100000,100,2,1,0.001,1,1000,3,0.3,0.3,0.3,0.3,FALSE,0.0001,1,lmmvae,3.151926047,,1.007703781,0.493901253,0.057648249,,,200,194.2575448
189,longitudinal,100000,100,2,1,0.001,1,1000,3,0.3,0.3,0.3,0.3,FALSE,0.0001,1,svgpvae-10-16-2,5.390700459,,,,,,,199,729.0899549
190,longitudinal,100000,100,2,1,0.001,1,1000,3,0.3,0.3,0.3,0.3,FALSE,0.0001,2,pca-ignore,4.958486178,,,,,,,,0.442280531
191,longitudinal,100000,100,2,1,0.001,1,1000,3,0.3,0.3,0.3,0.3,FALSE,0.0001,2,pca-ohe,5.049494564,,,,,,,,4.714579105
192,longitudinal,100000,100,2,1,0.001,1,1000,3,0.3,0.3,0.3,0.3,FALSE,0.0001,2,vae-ignore,4.918838456,,,,,,,200,84.41257286
193,longitudinal,100000,100,2,1,0.001,1,1000,3,0.3,0.3,0.3,0.3,FALSE,0.0001,2,vae-ohe,5.128362833,,,,,,,200,180.2847517
194,longitudinal,100000,100,2,1,0.001,1,1000,3,0.3,0.3,0.3,0.3,FALSE,0.0001,2,vrae,5.54454551,,,,,,,200,40.93559766
195,longitudinal,100000,100,2,1,0.001,1,1000,3,0.3,0.3,0.3,0.3,FALSE,0.0001,2,lmmvae,3.270942873,,1.02226758,0.481663674,0.061132483,,,200,193.5472417
196,longitudinal,100000,100,2,1,0.001,1,1000,3,0.3,0.3,0.3,0.3,FALSE,0.0001,2,svgpvae-10-16-2,5.61321309,,,,,,,199,728.3656805
197,longitudinal,100000,100,2,1,0.001,1,1000,3,0.3,0.3,0.3,0.3,FALSE,0.0001,3,pca-ignore,4.665674188,,,,,,,,0.441593647
198,longitudinal,100000,100,2,1,0.001,1,1000,3,0.3,0.3,0.3,0.3,FALSE,0.0001,3,pca-ohe,4.748381351,,,,,,,,4.709519386
199,longitudinal,100000,100,2,1,0.001,1,1000,3,0.3,0.3,0.3,0.3,FALSE,0.0001,3,vae-ignore,5.050186016,,,,,,,200,83.59794044
200,longitudinal,100000,100,2,1,0.001,1,1000,3,0.3,0.3,0.3,0.3,FALSE,0.0001,3,vae-ohe,5.445523241,,,,,,,200,180.8526082
201,longitudinal,100000,100,2,1,0.001,1,1000,3,0.3,0.3,0.3,0.3,FALSE,0.0001,3,vrae,5.213977374,,,,,,,200,42.28035498
202,longitudinal,100000,100,2,1,0.001,1,1000,3,0.3,0.3,0.3,0.3,FALSE,0.0001,3,lmmvae,2.928905106,,0.868416369,0.488518327,0.067028098,,,200,194.1964936
203,longitudinal,100000,100,2,1,0.001,1,1000,3,0.3,0.3,0.3,0.3,FALSE,0.0001,3,svgpvae-10-16-2,5.401901599,,,,,,,199,732.301301
204,longitudinal,100000,100,2,1,0.001,1,1000,3,0.3,0.3,0.3,0.3,FALSE,0.0001,4,pca-ignore,4.8333666,,,,,,,,0.472575188
205,longitudinal,100000,100,2,1,0.001,1,1000,3,0.3,0.3,0.3,0.3,FALSE,0.0001,4,pca-ohe,4.919910668,,,,,,,,4.572253466
206,longitudinal,100000,100,2,1,0.001,1,1000,3,0.3,0.3,0.3,0.3,FALSE,0.0001,4,vae-ignore,5.318718824,,,,,,,200,83.5047791
207,longitudinal,100000,100,2,1,0.001,1,1000,3,0.3,0.3,0.3,0.3,FALSE,0.0001,4,vae-ohe,5.837791772,,,,,,,200,181.0512686
208,longitudinal,100000,100,2,1,0.001,1,1000,3,0.3,0.3,0.3,0.3,FALSE,0.0001,4,vrae,5.414393708,,,,,,,200,43.23551631
209,longitudinal,100000,100,2,1,0.001,1,1000,3,0.3,0.3,0.3,0.3,FALSE,0.0001,4,lmmvae,3.125966438,,0.824368119,0.54130435,0.064664781,,,200,194.0694101
210,longitudinal,100000,100,2,1,0.001,1,1000,3,0.3,0.3,0.3,0.3,FALSE,0.0001,4,svgpvae-10-16-2,5.673696509,,,,,,,199,729.9073493
211,longitudinal,100000,100,1,1,0.001,1,1000,3,0.3,3,0.3,0.3,FALSE,0.0001,0,pca-ignore,8.678085837,,,,,,,,0.459926844
212,longitudinal,100000,100,1,1,0.001,1,1000,3,0.3,3,0.3,0.3,FALSE,0.0001,0,pca-ohe,8.783077378,,,,,,,,4.732532263
213,longitudinal,100000,100,1,1,0.001,1,1000,3,0.3,3,0.3,0.3,FALSE,0.0001,0,vae-ignore,8.776327206,,,,,,,200,83.42995834
214,longitudinal,100000,100,1,1,0.001,1,1000,3,0.3,3,0.3,0.3,FALSE,0.0001,0,vae-ohe,9.484032314,,,,,,,200,180.2152517
215,longitudinal,100000,100,1,1,0.001,1,1000,3,0.3,3,0.3,0.3,FALSE,0.0001,0,vrae,9.022891669,,,,,,,200,40.09889722
216,longitudinal,100000,100,1,1,0.001,1,1000,3,0.3,3,0.3,0.3,FALSE,0.0001,0,lmmvae,5.38496213,,1.084942102,1.541582227,1.279575467,,,200,195.6548681
217,longitudinal,100000,100,1,1,0.001,1,1000,3,0.3,3,0.3,0.3,FALSE,0.0001,0,svgpvae-10-16-2,10.74549156,,,,,,,199,407.783035
218,longitudinal,100000,100,1,1,0.001,1,1000,3,0.3,3,0.3,0.3,FALSE,0.0001,1,pca-ignore,7.413227817,,,,,,,,0.439796686
219,longitudinal,100000,100,1,1,0.001,1,1000,3,0.3,3,0.3,0.3,FALSE,0.0001,1,pca-ohe,7.523170634,,,,,,,,4.647096395
220,longitudinal,100000,100,1,1,0.001,1,1000,3,0.3,3,0.3,0.3,FALSE,0.0001,1,vae-ignore,10.36992287,,,,,,,200,83.43885922
221,longitudinal,100000,100,1,1,0.001,1,1000,3,0.3,3,0.3,0.3,FALSE,0.0001,1,vae-ohe,7.551238411,,,,,,,200,178.2246544
222,longitudinal,100000,100,1,1,0.001,1,1000,3,0.3,3,0.3,0.3,FALSE,0.0001,1,vrae,7.703281224,,,,,,,200,41.64424443
223,longitudinal,100000,100,1,1,0.001,1,1000,3,0.3,3,0.3,0.3,FALSE,0.0001,1,lmmvae,5.625106132,,1.926725864,2.718305588,0.872880459,,,200,196.2847774
224,longitudinal,100000,100,1,1,0.001,1,1000,3,0.3,3,0.3,0.3,FALSE,0.0001,1,svgpvae-10-16-2,10.04597862,,,,,,,199,407.8889337
225,longitudinal,100000,100,1,1,0.001,1,1000,3,0.3,3,0.3,0.3,FALSE,0.0001,2,pca-ignore,9.462635907,,,,,,,,0.440384388
226,longitudinal,100000,100,1,1,0.001,1,1000,3,0.3,3,0.3,0.3,FALSE,0.0001,2,pca-ohe,9.626385533,,,,,,,,4.611809969
227,longitudinal,100000,100,1,1,0.001,1,1000,3,0.3,3,0.3,0.3,FALSE,0.0001,2,vae-ignore,17.90989689,,,,,,,200,83.43100333
228,longitudinal,100000,100,1,1,0.001,1,1000,3,0.3,3,0.3,0.3,FALSE,0.0001,2,vae-ohe,19.27660456,,,,,,,200,180.4121377
229,longitudinal,100000,100,1,1,0.001,1,1000,3,0.3,3,0.3,0.3,FALSE,0.0001,2,vrae,9.786905377,,,,,,,200,47.69313574
230,longitudinal,100000,100,1,1,0.001,1,1000,3,0.3,3,0.3,0.3,FALSE,0.0001,2,lmmvae,4.401531509,,2.048516989,3.357280016,0.970441997,,,200,196.0306756
231,longitudinal,100000,100,1,1,0.001,1,1000,3,0.3,3,0.3,0.3,FALSE,0.0001,2,svgpvae-10-16-2,12.51090821,,,,,,,199,411.9290271
232,longitudinal,100000,100,1,1,0.001,1,1000,3,0.3,3,0.3,0.3,FALSE,0.0001,3,pca-ignore,7.541893347,,,,,,,,0.466541529
233,longitudinal,100000,100,1,1,0.001,1,1000,3,0.3,3,0.3,0.3,FALSE,0.0001,3,pca-ohe,7.742413403,,,,,,,,4.696969986
234,longitudinal,100000,100,1,1,0.001,1,1000,3,0.3,3,0.3,0.3,FALSE,0.0001,3,vae-ignore,15.83299083,,,,,,,200,83.9460299
235,longitudinal,100000,100,1,1,0.001,1,1000,3,0.3,3,0.3,0.3,FALSE,0.0001,3,vae-ohe,16.05402672,,,,,,,200,181.7317255
236,longitudinal,100000,100,1,1,0.001,1,1000,3,0.3,3,0.3,0.3,FALSE,0.0001,3,vrae,7.753211286,,,,,,,200,44.72895241
237,longitudinal,100000,100,1,1,0.001,1,1000,3,0.3,3,0.3,0.3,FALSE,0.0001,3,lmmvae,6.759864262,,3.665795088,4.28920269,0.834234595,,,200,196.7157505
238,longitudinal,100000,100,1,1,0.001,1,1000,3,0.3,3,0.3,0.3,FALSE,0.0001,3,svgpvae-10-16-2,10.58377726,,,,,,,199,408.6756027
239,longitudinal,100000,100,1,1,0.001,1,1000,3,0.3,3,0.3,0.3,FALSE,0.0001,4,pca-ignore,7.860044564,,,,,,,,0.433737278
240,longitudinal,100000,100,1,1,0.001,1,1000,3,0.3,3,0.3,0.3,FALSE,0.0001,4,pca-ohe,8.09580262,,,,,,,,4.673482418
241,longitudinal,100000,100,1,1,0.001,1,1000,3,0.3,3,0.3,0.3,FALSE,0.0001,4,vae-ignore,8.263317587,,,,,,,200,82.95960736
242,longitudinal,100000,100,1,1,0.001,1,1000,3,0.3,3,0.3,0.3,FALSE,0.0001,4,vae-ohe,8.27401403,,,,,,,200,181.7713683
243,longitudinal,100000,100,1,1,0.001,1,1000,3,0.3,3,0.3,0.3,FALSE,0.0001,4,vrae,8.345774207,,,,,,,200,42.08129168
244,longitudinal,100000,100,1,1,0.001,1,1000,3,0.3,3,0.3,0.3,FALSE,0.0001,4,lmmvae,6.866092452,,2.352220058,3.211606979,0.743142605,,,200,194.4934123
245,longitudinal,100000,100,1,1,0.001,1,1000,3,0.3,3,0.3,0.3,FALSE,0.0001,4,svgpvae-10-16-2,10.46518061,,,,,,,199,408.8680952
246,longitudinal,100000,100,2,1,0.001,1,1000,3,0.3,3,0.3,0.3,FALSE,0.0001,0,pca-ignore,7.456951781,,,,,,,,0.456199408
247,longitudinal,100000,100,2,1,0.001,1,1000,3,0.3,3,0.3,0.3,FALSE,0.0001,0,pca-ohe,7.709072401,,,,,,,,4.629234552
248,longitudinal,100000,100,2,1,0.001,1,1000,3,0.3,3,0.3,0.3,FALSE,0.0001,0,vae-ignore,19.1285589,,,,,,,200,83.98399687
249,longitudinal,100000,100,2,1,0.001,1,1000,3,0.3,3,0.3,0.3,FALSE,0.0001,0,vae-ohe,22.36622233,,,,,,,200,181.7567184
250,longitudinal,100000,100,2,1,0.001,1,1000,3,0.3,3,0.3,0.3,FALSE,0.0001,0,vrae,7.860537806,,,,,,,200,42.554286
251,longitudinal,100000,100,2,1,0.001,1,1000,3,0.3,3,0.3,0.3,FALSE,0.0001,0,lmmvae,6.19285054,,2.248655558,3.154999495,0.714768529,,,200,196.1537728
252,longitudinal,100000,100,2,1,0.001,1,1000,3,0.3,3,0.3,0.3,FALSE,0.0001,0,svgpvae-10-16-2,,,,,,,,199,731.3753955
253,longitudinal,100000,100,2,1,0.001,1,1000,3,0.3,3,0.3,0.3,FALSE,0.0001,1,pca-ignore,8.039641916,,,,,,,,0.462473869
254,longitudinal,100000,100,2,1,0.001,1,1000,3,0.3,3,0.3,0.3,FALSE,0.0001,1,pca-ohe,8.365101769,,,,,,,,4.566802979
255,longitudinal,100000,100,2,1,0.001,1,1000,3,0.3,3,0.3,0.3,FALSE,0.0001,1,vae-ignore,19.45205066,,,,,,,200,83.81691551
256,longitudinal,100000,100,2,1,0.001,1,1000,3,0.3,3,0.3,0.3,FALSE,0.0001,1,vae-ohe,19.44827355,,,,,,,200,182.4988506
257,longitudinal,100000,100,2,1,0.001,1,1000,3,0.3,3,0.3,0.3,FALSE,0.0001,1,vrae,8.532557013,,,,,,,200,42.68700695
258,longitudinal,100000,100,2,1,0.001,1,1000,3,0.3,3,0.3,0.3,FALSE,0.0001,1,lmmvae,6.810899704,,2.448856592,3.362354755,0.661684036,,,200,195.6025403
259,longitudinal,100000,100,2,1,0.001,1,1000,3,0.3,3,0.3,0.3,FALSE,0.0001,1,svgpvae-10-16-2,,,,,,,,199,730.9446676
260,longitudinal,100000,100,2,1,0.001,1,1000,3,0.3,3,0.3,0.3,FALSE,0.0001,2,pca-ignore,7.255854993,,,,,,,,0.477766752
261,longitudinal,100000,100,2,1,0.001,1,1000,3,0.3,3,0.3,0.3,FALSE,0.0001,2,pca-ohe,7.564552943,,,,,,,,4.569531441
262,longitudinal,100000,100,2,1,0.001,1,1000,3,0.3,3,0.3,0.3,FALSE,0.0001,2,vae-ignore,23.96301916,,,,,,,200,83.63943052
263,longitudinal,100000,100,2,1,0.001,1,1000,3,0.3,3,0.3,0.3,FALSE,0.0001,2,vae-ohe,33.09718892,,,,,,,200,181.7772579
264,longitudinal,100000,100,2,1,0.001,1,1000,3,0.3,3,0.3,0.3,FALSE,0.0001,2,vrae,7.591405061,,,,,,,200,43.40135837
265,longitudinal,100000,100,2,1,0.001,1,1000,3,0.3,3,0.3,0.3,FALSE,0.0001,2,lmmvae,5.486887031,,2.156550169,3.007040024,0.775853634,,,200,194.5973389
266,longitudinal,100000,100,2,1,0.001,1,1000,3,0.3,3,0.3,0.3,FALSE,0.0001,2,svgpvae-10-16-2,11.02798278,,,,,,,199,731.4740596
267,longitudinal,100000,100,2,1,0.001,1,1000,3,0.3,3,0.3,0.3,FALSE,0.0001,3,pca-ignore,6.971516874,,,,,,,,0.595462322
268,longitudinal,100000,100,2,1,0.001,1,1000,3,0.3,3,0.3,0.3,FALSE,0.0001,3,pca-ohe,7.273594277,,,,,,,,4.623183966
269,longitudinal,100000,100,2,1,0.001,1,1000,3,0.3,3,0.3,0.3,FALSE,0.0001,3,vae-ignore,16.29754472,,,,,,,200,83.87382817
270,longitudinal,100000,100,2,1,0.001,1,1000,3,0.3,3,0.3,0.3,FALSE,0.0001,3,vae-ohe,28.98262416,,,,,,,200,181.6314247
271,longitudinal,100000,100,2,1,0.001,1,1000,3,0.3,3,0.3,0.3,FALSE,0.0001,3,vrae,7.341560893,,,,,,,200,42.47061014
272,longitudinal,100000,100,2,1,0.001,1,1000,3,0.3,3,0.3,0.3,FALSE,0.0001,3,lmmvae,5.368089157,,1.898725629,2.752075195,0.808980942,,,200,195.0325828
273,longitudinal,100000,100,2,1,0.001,1,1000,3,0.3,3,0.3,0.3,FALSE,0.0001,3,svgpvae-10-16-2,10.18354609,,,,,,,199,732.5952041
274,longitudinal,100000,100,2,1,0.001,1,1000,3,0.3,3,0.3,0.3,FALSE,0.0001,4,pca-ignore,8.27868774,,,,,,,,0.453455925
275,longitudinal,100000,100,2,1,0.001,1,1000,3,0.3,3,0.3,0.3,FALSE,0.0001,4,pca-ohe,8.657971911,,,,,,,,4.588683844
276,longitudinal,100000,100,2,1,0.001,1,1000,3,0.3,3,0.3,0.3,FALSE,0.0001,4,vae-ignore,8.809161558,,,,,,,200,83.96123719
277,longitudinal,100000,100,2,1,0.001,1,1000,3,0.3,3,0.3,0.3,FALSE,0.0001,4,vae-ohe,15.37719151,,,,,,,200,181.588167
278,longitudinal,100000,100,2,1,0.001,1,1000,3,0.3,3,0.3,0.3,FALSE,0.0001,4,vrae,8.734396349,,,,,,,200,41.51076078
279,longitudinal,100000,100,2,1,0.001,1,1000,3,0.3,3,0.3,0.3,FALSE,0.0001,4,lmmvae,,,,,,,,200,181.9714625
280,longitudinal,100000,100,2,1,0.001,1,1000,3,0.3,3,0.3,0.3,FALSE,0.0001,4,svgpvae-10-16-2,10.69182009,,,,,,,199,731.3889835
281,longitudinal,100000,100,1,1,0.001,1,1000,3,3,0.3,0.3,0.3,FALSE,0.0001,0,pca-ignore,5.723643232,,,,,,,,0.47328043
282,longitudinal,100000,100,1,1,0.001,1,1000,3,3,0.3,0.3,0.3,FALSE,0.0001,0,pca-ohe,5.8252853,,,,,,,,4.822316647
283,longitudinal,100000,100,1,1,0.001,1,1000,3,3,0.3,0.3,0.3,FALSE,0.0001,0,vae-ignore,6.254322128,,,,,,,200,83.1161561
284,longitudinal,100000,100,1,1,0.001,1,1000,3,3,0.3,0.3,0.3,FALSE,0.0001,0,vae-ohe,6.476412773,,,,,,,200,177.6286793
285,longitudinal,100000,100,1,1,0.001,1,1000,3,3,0.3,0.3,0.3,FALSE,0.0001,0,vrae,6.130462782,,,,,,,200,44.0136764
286,longitudinal,100000,100,1,1,0.001,1,1000,3,3,0.3,0.3,0.3,FALSE,0.0001,0,lmmvae,4.598432066,,1.127696037,0.830232859,0.139803633,,,200,192.2019708
287,longitudinal,100000,100,1,1,0.001,1,1000,3,3,0.3,0.3,0.3,FALSE,0.0001,0,svgpvae-10-16-2,6.790531338,,,,,,,199,410.3975575
288,longitudinal,100000,100,1,1,0.001,1,1000,3,3,0.3,0.3,0.3,FALSE,0.0001,1,pca-ignore,6.112589022,,,,,,,,0.451485395
289,longitudinal,100000,100,1,1,0.001,1,1000,3,3,0.3,0.3,0.3,FALSE,0.0001,1,pca-ohe,6.311916646,,,,,,,,4.830072165
290,longitudinal,100000,100,1,1,0.001,1,1000,3,3,0.3,0.3,0.3,FALSE,0.0001,1,vae-ignore,8.004920496,,,,,,,200,81.99170709
291,longitudinal,100000,100,1,1,0.001,1,1000,3,3,0.3,0.3,0.3,FALSE,0.0001,1,vae-ohe,8.311942507,,,,,,,200,179.6286612
292,longitudinal,100000,100,1,1,0.001,1,1000,3,3,0.3,0.3,0.3,FALSE,0.0001,1,vrae,6.389865265,,,,,,,200,47.18991733
293,longitudinal,100000,100,1,1,0.001,1,1000,3,3,0.3,0.3,0.3,FALSE,0.0001,1,lmmvae,3.001414812,,1.028623939,0.871445596,0.162459373,,,200,191.1695762
294,longitudinal,100000,100,1,1,0.001,1,1000,3,3,0.3,0.3,0.3,FALSE,0.0001,1,svgpvae-10-16-2,6.826020066,,,,,,,199,408.2708519
295,longitudinal,100000,100,1,1,0.001,1,1000,3,3,0.3,0.3,0.3,FALSE,0.0001,2,pca-ignore,5.858574509,,,,,,,,0.446855545
296,longitudinal,100000,100,1,1,0.001,1,1000,3,3,0.3,0.3,0.3,FALSE,0.0001,2,pca-ohe,5.993734348,,,,,,,,4.533783436
297,longitudinal,100000,100,1,1,0.001,1,1000,3,3,0.3,0.3,0.3,FALSE,0.0001,2,vae-ignore,6.683589404,,,,,,,200,81.56122208
298,longitudinal,100000,100,1,1,0.001,1,1000,3,3,0.3,0.3,0.3,FALSE,0.0001,2,vae-ohe,6.955874443,,,,,,,200,179.316607
299,longitudinal,100000,100,1,1,0.001,1,1000,3,3,0.3,0.3,0.3,FALSE,0.0001,2,vrae,6.165570733,,,,,,,200,41.90332818
300,longitudinal,100000,100,1,1,0.001,1,1000,3,3,0.3,0.3,0.3,FALSE,0.0001,2,lmmvae,4.910168481,,1.226267576,0.792110085,0.134843171,,,200,193.8334253
301,longitudinal,100000,100,1,1,0.001,1,1000,3,3,0.3,0.3,0.3,FALSE,0.0001,2,svgpvae-10-16-2,6.74929678,,,,,,,199,409.5886598
302,longitudinal,100000,100,1,1,0.001,1,1000,3,3,0.3,0.3,0.3,FALSE,0.0001,3,pca-ignore,5.41093174,,,,,,,,0.45135498
303,longitudinal,100000,100,1,1,0.001,1,1000,3,3,0.3,0.3,0.3,FALSE,0.0001,3,pca-ohe,5.505724778,,,,,,,,4.526346922
304,longitudinal,100000,100,1,1,0.001,1,1000,3,3,0.3,0.3,0.3,FALSE,0.0001,3,vae-ignore,6.174609944,,,,,,,200,82.3325088
305,longitudinal,100000,100,1,1,0.001,1,1000,3,3,0.3,0.3,0.3,FALSE,0.0001,3,vae-ohe,6.43476242,,,,,,,200,180.9851646
306,longitudinal,100000,100,1,1,0.001,1,1000,3,3,0.3,0.3,0.3,FALSE,0.0001,3,vrae,5.745524854,,,,,,,200,43.02256823
307,longitudinal,100000,100,1,1,0.001,1,1000,3,3,0.3,0.3,0.3,FALSE,0.0001,3,lmmvae,4.179061008,,1.175857067,0.915132701,0.133459568,,,200,192.749851
308,longitudinal,100000,100,1,1,0.001,1,1000,3,3,0.3,0.3,0.3,FALSE,0.0001,3,svgpvae-10-16-2,6.351129029,,,,,,,199,408.7585051
309,longitudinal,100000,100,1,1,0.001,1,1000,3,3,0.3,0.3,0.3,FALSE,0.0001,4,pca-ignore,5.627744965,,,,,,,,0.447583437
310,longitudinal,100000,100,1,1,0.001,1,1000,3,3,0.3,0.3,0.3,FALSE,0.0001,4,pca-ohe,5.766072812,,,,,,,,4.575224638
311,longitudinal,100000,100,1,1,0.001,1,1000,3,3,0.3,0.3,0.3,FALSE,0.0001,4,vae-ignore,6.937536042,,,,,,,200,81.73656392
312,longitudinal,100000,100,1,1,0.001,1,1000,3,3,0.3,0.3,0.3,FALSE,0.0001,4,vae-ohe,6.28608112,,,,,,,200,179.6587579
313,longitudinal,100000,100,1,1,0.001,1,1000,3,3,0.3,0.3,0.3,FALSE,0.0001,4,vrae,5.953258652,,,,,,,200,45.62747407
314,longitudinal,100000,100,1,1,0.001,1,1000,3,3,0.3,0.3,0.3,FALSE,0.0001,4,lmmvae,3.338905821,,1.041923642,0.85959053,0.152370289,,,200,191.4207006
315,longitudinal,100000,100,1,1,0.001,1,1000,3,3,0.3,0.3,0.3,FALSE,0.0001,4,svgpvae-10-16-2,6.452754676,,,,,,,199,409.5380712
316,longitudinal,100000,100,2,1,0.001,1,1000,3,3,0.3,0.3,0.3,FALSE,0.0001,0,pca-ignore,5.587676321,,,,,,,,0.483017683
317,longitudinal,100000,100,2,1,0.001,1,1000,3,3,0.3,0.3,0.3,FALSE,0.0001,0,pca-ohe,5.870551503,,,,,,,,4.525957346
318,longitudinal,100000,100,2,1,0.001,1,1000,3,3,0.3,0.3,0.3,FALSE,0.0001,0,vae-ignore,10.55547269,,,,,,,200,83.85122299
319,longitudinal,100000,100,2,1,0.001,1,1000,3,3,0.3,0.3,0.3,FALSE,0.0001,0,vae-ohe,10.93793682,,,,,,,200,183.1842806
320,longitudinal,100000,100,2,1,0.001,1,1000,3,3,0.3,0.3,0.3,FALSE,0.0001,0,vrae,6.175782365,,,,,,,200,44.16410398
321,longitudinal,100000,100,2,1,0.001,1,1000,3,3,0.3,0.3,0.3,FALSE,0.0001,0,lmmvae,3.509451537,,1.085119486,0.944945157,0.133293211,,,200,195.267792
322,longitudinal,100000,100,2,1,0.001,1,1000,3,3,0.3,0.3,0.3,FALSE,0.0001,0,svgpvae-10-16-2,7.27832868,,,,,,,199,729.1310968
323,longitudinal,100000,100,2,1,0.001,1,1000,3,3,0.3,0.3,0.3,FALSE,0.0001,1,pca-ignore,6.78525128,,,,,,,,0.467123508
324,longitudinal,100000,100,2,1,0.001,1,1000,3,3,0.3,0.3,0.3,FALSE,0.0001,1,pca-ohe,7.031594201,,,,,,,,5.002592802
325,longitudinal,100000,100,2,1,0.001,1,1000,3,3,0.3,0.3,0.3,FALSE,0.0001,1,vae-ignore,14.08892246,,,,,,,200,84.44486094
326,longitudinal,100000,100,2,1,0.001,1,1000,3,3,0.3,0.3,0.3,FALSE,0.0001,1,vae-ohe,13.52772484,,,,,,,200,181.4935446
327,longitudinal,100000,100,2,1,0.001,1,1000,3,3,0.3,0.3,0.3,FALSE,0.0001,1,vrae,7.330286328,,,,,,,200,48.75833988
328,longitudinal,100000,100,2,1,0.001,1,1000,3,3,0.3,0.3,0.3,FALSE,0.0001,1,lmmvae,2.751146482,,0.872172296,0.890589237,0.162657082,,,200,195.3922622
329,longitudinal,100000,100,2,1,0.001,1,1000,3,3,0.3,0.3,0.3,FALSE,0.0001,1,svgpvae-10-16-2,8.102457148,,,,,,,199,726.2369115
330,longitudinal,100000,100,2,1,0.001,1,1000,3,3,0.3,0.3,0.3,FALSE,0.0001,2,pca-ignore,5.501843529,,,,,,,,0.468651772
331,longitudinal,100000,100,2,1,0.001,1,1000,3,3,0.3,0.3,0.3,FALSE,0.0001,2,pca-ohe,5.830578512,,,,,,,,4.795804262
332,longitudinal,100000,100,2,1,0.001,1,1000,3,3,0.3,0.3,0.3,FALSE,0.0001,2,vae-ignore,10.10974015,,,,,,,200,84.42244697
333,longitudinal,100000,100,2,1,0.001,1,1000,3,3,0.3,0.3,0.3,FALSE,0.0001,2,vae-ohe,10.89396379,,,,,,,200,179.4169393
334,longitudinal,100000,100,2,1,0.001,1,1000,3,3,0.3,0.3,0.3,FALSE,0.0001,2,vrae,6.031750018,,,,,,,200,43.40300155
335,longitudinal,100000,100,2,1,0.001,1,1000,3,3,0.3,0.3,0.3,FALSE,0.0001,2,lmmvae,3.87140849,,1.112195969,0.868940115,0.13652122,,,200,194.9344757
336,longitudinal,100000,100,2,1,0.001,1,1000,3,3,0.3,0.3,0.3,FALSE,0.0001,2,svgpvae-10-16-2,7.169964175,,,,,,,199,725.7145498
337,longitudinal,100000,100,2,1,0.001,1,1000,3,3,0.3,0.3,0.3,FALSE,0.0001,3,pca-ignore,5.959333928,,,,,,,,0.462605476
338,longitudinal,100000,100,2,1,0.001,1,1000,3,3,0.3,0.3,0.3,FALSE,0.0001,3,pca-ohe,6.205187578,,,,,,,,4.516337633
339,longitudinal,100000,100,2,1,0.001,1,1000,3,3,0.3,0.3,0.3,FALSE,0.0001,3,vae-ignore,11.06812871,,,,,,,200,83.95860147
340,longitudinal,100000,100,2,1,0.001,1,1000,3,3,0.3,0.3,0.3,FALSE,0.0001,3,vae-ohe,11.33619121,,,,,,,200,180.055954
341,longitudinal,100000,100,2,1,0.001,1,1000,3,3,0.3,0.3,0.3,FALSE,0.0001,3,vrae,6.423287387,,,,,,,200,43.63283014
342,longitudinal,100000,100,2,1,0.001,1,1000,3,3,0.3,0.3,0.3,FALSE,0.0001,3,lmmvae,4.268654441,,1.118170142,0.880163193,0.13633953,,,200,195.1662312
343,longitudinal,100000,100,2,1,0.001,1,1000,3,3,0.3,0.3,0.3,FALSE,0.0001,3,svgpvae-10-16-2,7.864881484,,,,,,,199,727.0767081
344,longitudinal,100000,100,2,1,0.001,1,1000,3,3,0.3,0.3,0.3,FALSE,0.0001,4,pca-ignore,5.993301042,,,,,,,,0.473139048
345,longitudinal,100000,100,2,1,0.001,1,1000,3,3,0.3,0.3,0.3,FALSE,0.0001,4,pca-ohe,6.303167865,,,,,,,,4.531114817
346,longitudinal,100000,100,2,1,0.001,1,1000,3,3,0.3,0.3,0.3,FALSE,0.0001,4,vae-ignore,11.13293752,,,,,,,200,84.2171309
347,longitudinal,100000,100,2,1,0.001,1,1000,3,3,0.3,0.3,0.3,FALSE,0.0001,4,vae-ohe,11.48461256,,,,,,,200,180.8830297
348,longitudinal,100000,100,2,1,0.001,1,1000,3,3,0.3,0.3,0.3,FALSE,0.0001,4,vrae,6.567882203,,,,,,,200,45.47055411
349,longitudinal,100000,100,2,1,0.001,1,1000,3,3,0.3,0.3,0.3,FALSE,0.0001,4,lmmvae,3.47121001,,1.076321602,0.925107658,0.138079345,,,200,195.2111647
350,longitudinal,100000,100,2,1,0.001,1,1000,3,3,0.3,0.3,0.3,FALSE,0.0001,4,svgpvae-10-16-2,7.647396204,,,,,,,199,727.3736775
351,longitudinal,100000,100,1,1,0.001,1,1000,3,3,3,0.3,0.3,FALSE,0.0001,0,pca-ignore,8.520737948,,,,,,,,0.438101292
352,longitudinal,100000,100,1,1,0.001,1,1000,3,3,3,0.3,0.3,FALSE,0.0001,0,pca-ohe,8.733419372,,,,,,,,4.503405333
353,longitudinal,100000,100,1,1,0.001,1,1000,3,3,3,0.3,0.3,FALSE,0.0001,0,vae-ignore,17.41765763,,,,,,,200,82.09975147
354,longitudinal,100000,100,1,1,0.001,1,1000,3,3,3,0.3,0.3,FALSE,0.0001,0,vae-ohe,17.14233227,,,,,,,200,178.3023078
355,longitudinal,100000,100,1,1,0.001,1,1000,3,3,3,0.3,0.3,FALSE,0.0001,0,vrae,8.891030297,,,,,,,200,43.27392006
356,longitudinal,100000,100,1,1,0.001,1,1000,3,3,3,0.3,0.3,FALSE,0.0001,0,lmmvae,6.141383403,,1.745561242,2.729774237,1.189694643,,,200,194.5985706
357,longitudinal,100000,100,1,1,0.001,1,1000,3,3,3,0.3,0.3,FALSE,0.0001,0,svgpvae-10-16-2,12.0247518,,,,,,,199,408.0476372
358,longitudinal,100000,100,1,1,0.001,1,1000,3,3,3,0.3,0.3,FALSE,0.0001,1,pca-ignore,7.700221561,,,,,,,,0.452849388
359,longitudinal,100000,100,1,1,0.001,1,1000,3,3,3,0.3,0.3,FALSE,0.0001,1,pca-ohe,7.900308766,,,,,,,,4.517181873
360,longitudinal,100000,100,1,1,0.001,1,1000,3,3,3,0.3,0.3,FALSE,0.0001,1,vae-ignore,15.75182991,,,,,,,200,82.02063513
361,longitudinal,100000,100,1,1,0.001,1,1000,3,3,3,0.3,0.3,FALSE,0.0001,1,vae-ohe,15.21707319,,,,,,,200,179.1245506
362,longitudinal,100000,100,1,1,0.001,1,1000,3,3,3,0.3,0.3,FALSE,0.0001,1,vrae,7.979023784,,,,,,,200,42.77906203
363,longitudinal,100000,100,1,1,0.001,1,1000,3,3,3,0.3,0.3,FALSE,0.0001,1,lmmvae,6.232833273,,2.457535505,3.691496849,0.865010619,,,200,196.2438459
364,longitudinal,100000,100,1,1,0.001,1,1000,3,3,3,0.3,0.3,FALSE,0.0001,1,svgpvae-10-16-2,11.27545799,,,,,,,199,406.8489459
365,longitudinal,100000,100,1,1,0.001,1,1000,3,3,3,0.3,0.3,FALSE,0.0001,2,pca-ignore,8.657975325,,,,,,,,0.4336586
366,longitudinal,100000,100,1,1,0.001,1,1000,3,3,3,0.3,0.3,FALSE,0.0001,2,pca-ohe,8.818700524,,,,,,,,4.460287333
367,longitudinal,100000,100,1,1,0.001,1,1000,3,3,3,0.3,0.3,FALSE,0.0001,2,vae-ignore,15.92416108,,,,,,,200,81.81163383
368,longitudinal,100000,100,1,1,0.001,1,1000,3,3,3,0.3,0.3,FALSE,0.0001,2,vae-ohe,17.94119933,,,,,,,200,178.9143803
369,longitudinal,100000,100,1,1,0.001,1,1000,3,3,3,0.3,0.3,FALSE,0.0001,2,vrae,8.939119927,,,,,,,200,42.33358288
370,longitudinal,100000,100,1,1,0.001,1,1000,3,3,3,0.3,0.3,FALSE,0.0001,2,lmmvae,,,,,,,,200,193.3409598
371,longitudinal,100000,100,1,1,0.001,1,1000,3,3,3,0.3,0.3,FALSE,0.0001,2,svgpvae-10-16-2,11.87135661,,,,,,,199,407.2871504
372,longitudinal,100000,100,1,1,0.001,1,1000,3,3,3,0.3,0.3,FALSE,0.0001,3,pca-ignore,9.699753266,,,,,,,,0.453274727
373,longitudinal,100000,100,1,1,0.001,1,1000,3,3,3,0.3,0.3,FALSE,0.0001,3,pca-ohe,9.954183861,,,,,,,,4.49733305
374,longitudinal,100000,100,1,1,0.001,1,1000,3,3,3,0.3,0.3,FALSE,0.0001,3,vae-ignore,18.69554931,,,,,,,200,82.12811875
375,longitudinal,100000,100,1,1,0.001,1,1000,3,3,3,0.3,0.3,FALSE,0.0001,3,vae-ohe,21.37125362,,,,,,,200,178.777679
376,longitudinal,100000,100,1,1,0.001,1,1000,3,3,3,0.3,0.3,FALSE,0.0001,3,vrae,10.04753288,,,,,,,200,45.22823334
377,longitudinal,100000,100,1,1,0.001,1,1000,3,3,3,0.3,0.3,FALSE,0.0001,3,lmmvae,5.465412935,,2.507435083,3.82369566,0.949763775,,,200,196.2568076
378,longitudinal,100000,100,1,1,0.001,1,1000,3,3,3,0.3,0.3,FALSE,0.0001,3,svgpvae-10-16-2,13.14044154,,,,,,,199,407.6912851
379,longitudinal,100000,100,1,1,0.001,1,1000,3,3,3,0.3,0.3,FALSE,0.0001,4,pca-ignore,8.091719987,,,,,,,,0.442007303
380,longitudinal,100000,100,1,1,0.001,1,1000,3,3,3,0.3,0.3,FALSE,0.0001,4,pca-ohe,8.237320026,,,,,,,,4.469259501
381,longitudinal,100000,100,1,1,0.001,1,1000,3,3,3,0.3,0.3,FALSE,0.0001,4,vae-ignore,15.42494256,,,,,,,200,81.76804304
382,longitudinal,100000,100,1,1,0.001,1,1000,3,3,3,0.3,0.3,FALSE,0.0001,4,vae-ohe,17.56513113,,,,,,,200,178.7569435
383,longitudinal,100000,100,1,1,0.001,1,1000,3,3,3,0.3,0.3,FALSE,0.0001,4,vrae,8.37685482,,,,,,,200,42.29782629
384,longitudinal,100000,100,1,1,0.001,1,1000,3,3,3,0.3,0.3,FALSE,0.0001,4,lmmvae,7.421932518,,3.418583155,4.485864162,0.613550723,,,200,195.0374289
385,longitudinal,100000,100,1,1,0.001,1,1000,3,3,3,0.3,0.3,FALSE,0.0001,4,svgpvae-10-16-2,11.5317208,,,,,,,199,407.9065716
386,longitudinal,100000,100,2,1,0.001,1,1000,3,3,3,0.3,0.3,FALSE,0.0001,0,pca-ignore,8.53576634,,,,,,,,0.708062887
387,longitudinal,100000,100,2,1,0.001,1,1000,3,3,3,0.3,0.3,FALSE,0.0001,0,pca-ohe,8.972118961,,,,,,,,4.647756815
388,longitudinal,100000,100,2,1,0.001,1,1000,3,3,3,0.3,0.3,FALSE,0.0001,0,vae-ignore,37.23364521,,,,,,,200,84.74019337
389,longitudinal,100000,100,2,1,0.001,1,1000,3,3,3,0.3,0.3,FALSE,0.0001,0,vae-ohe,34.48467248,,,,,,,200,181.6819639
390,longitudinal,100000,100,2,1,0.001,1,1000,3,3,3,0.3,0.3,FALSE,0.0001,0,vrae,9.074007519,,,,,,,200,43.98314381
391,longitudinal,100000,100,2,1,0.001,1,1000,3,3,3,0.3,0.3,FALSE,0.0001,0,lmmvae,8.696988774,,4.688927174,4.945331573,0.69952935,,,200,197.8379297
392,longitudinal,100000,100,2,1,0.001,1,1000,3,3,3,0.3,0.3,FALSE,0.0001,0,svgpvae-10-16-2,13.11954452,,,,,,,199,727.8163421
393,longitudinal,100000,100,2,1,0.001,1,1000,3,3,3,0.3,0.3,FALSE,0.0001,1,pca-ignore,9.161975195,,,,,,,,0.456225872
394,longitudinal,100000,100,2,1,0.001,1,1000,3,3,3,0.3,0.3,FALSE,0.0001,1,pca-ohe,9.53690004,,,,,,,,4.502324581
395,longitudinal,100000,100,2,1,0.001,1,1000,3,3,3,0.3,0.3,FALSE,0.0001,1,vae-ignore,11.05940544,,,,,,,200,84.36652136
396,longitudinal,100000,100,2,1,0.001,1,1000,3,3,3,0.3,0.3,FALSE,0.0001,1,vae-ohe,10.83811742,,,,,,,200,180.8110409
397,longitudinal,100000,100,2,1,0.001,1,1000,3,3,3,0.3,0.3,FALSE,0.0001,1,vrae,9.876664846,,,,,,,200,40.84173656
398,longitudinal,100000,100,2,1,0.001,1,1000,3,3,3,0.3,0.3,FALSE,0.0001,1,lmmvae,7.224013118,,1.607589006,2.306451559,1.203557849,,,200,198.2716069
399,longitudinal,100000,100,2,1,0.001,1,1000,3,3,3,0.3,0.3,FALSE,0.0001,1,svgpvae-10-16-2,13.16892623,,,,,,,199,725.9359269
400,longitudinal,100000,100,2,1,0.001,1,1000,3,3,3,0.3,0.3,FALSE,0.0001,2,pca-ignore,8.590990902,,,,,,,,0.479722023
401,longitudinal,100000,100,2,1,0.001,1,1000,3,3,3,0.3,0.3,FALSE,0.0001,2,pca-ohe,8.941333799,,,,,,,,4.563573122
402,longitudinal,100000,100,2,1,0.001,1,1000,3,3,3,0.3,0.3,FALSE,0.0001,2,vae-ignore,25.26106835,,,,,,,200,84.83407021
403,longitudinal,100000,100,2,1,0.001,1,1000,3,3,3,0.3,0.3,FALSE,0.0001,2,vae-ohe,33.71570312,,,,,,,200,181.2238705
404,longitudinal,100000,100,2,1,0.001,1,1000,3,3,3,0.3,0.3,FALSE,0.0001,2,vrae,9.072989016,,,,,,,200,41.78605437
405,longitudinal,100000,100,2,1,0.001,1,1000,3,3,3,0.3,0.3,FALSE,0.0001,2,lmmvae,8.765242937,,5.223493576,4.579526901,0.63081336,,,200,198.2005999
406,longitudinal,100000,100,2,1,0.001,1,1000,3,3,3,0.3,0.3,FALSE,0.0001,2,svgpvae-10-16-2,,,,,,,,199,729.7355919
407,longitudinal,100000,100,2,1,0.001,1,1000,3,3,3,0.3,0.3,FALSE,0.0001,3,pca-ignore,9.129530736,,,,,,,,0.486261845
408,longitudinal,100000,100,2,1,0.001,1,1000,3,3,3,0.3,0.3,FALSE,0.0001,3,pca-ohe,9.531614449,,,,,,,,4.902081728
409,longitudinal,100000,100,2,1,0.001,1,1000,3,3,3,0.3,0.3,FALSE,0.0001,3,vae-ignore,38.04721689,,,,,,,200,88.24186873
410,longitudinal,100000,100,2,1,0.001,1,1000,3,3,3,0.3,0.3,FALSE,0.0001,3,vae-ohe,38.90840168,,,,,,,200,184.6065204
411,longitudinal,100000,100,2,1,0.001,1,1000,3,3,3,0.3,0.3,FALSE,0.0001,3,vrae,9.555390078,,,,,,,200,46.76977444
412,longitudinal,100000,100,2,1,0.001,1,1000,3,3,3,0.3,0.3,FALSE,0.0001,3,lmmvae,8.258576135,,2.827049971,3.931617975,0.709230185,,,200,193.0318766
413,longitudinal,100000,100,2,1,0.001,1,1000,3,3,3,0.3,0.3,FALSE,0.0001,3,svgpvae-10-16-2,,,,,,,,199,738.8649921
414,longitudinal,100000,100,2,1,0.001,1,1000,3,3,3,0.3,0.3,FALSE,0.0001,4,pca-ignore,8.109282019,,,,,,,,0.464196444
415,longitudinal,100000,100,2,1,0.001,1,1000,3,3,3,0.3,0.3,FALSE,0.0001,4,pca-ohe,8.436562488,,,,,,,,4.674394608
416,longitudinal,100000,100,2,1,0.001,1,1000,3,3,3,0.3,0.3,FALSE,0.0001,4,vae-ignore,37.12978292,,,,,,,200,84.58766866
417,longitudinal,100000,100,2,1,0.001,1,1000,3,3,3,0.3,0.3,FALSE,0.0001,4,vae-ohe,35.64663424,,,,,,,200,186.6461735
418,longitudinal,100000,100,2,1,0.001,1,1000,3,3,3,0.3,0.3,FALSE,0.0001,4,vrae,8.53381025,,,,,,,200,43.14548016
419,longitudinal,100000,100,2,1,0.001,1,1000,3,3,3,0.3,0.3,FALSE,0.0001,4,lmmvae,7.667647718,,3.610486984,4.386072159,0.716997147,,,200,194.7736459
420,longitudinal,100000,100,2,1,0.001,1,1000,3,3,3,0.3,0.3,FALSE,0.0001,4,svgpvae-10-16-2,,,,,,,,199,731.7115462
421,longitudinal,100000,100,1,1,0.001,1,1000,0.3,3,0.3,0.3,0.3,FALSE,0.0001,0,pca-ignore,3.292438713,,,,,,,,0.668355942
422,longitudinal,100000,100,1,1,0.001,1,1000,0.3,3,0.3,0.3,0.3,FALSE,0.0001,0,pca-ohe,3.448149884,,,,,,,,9.176933765
423,longitudinal,100000,100,1,1,0.001,1,1000,0.3,3,0.3,0.3,0.3,FALSE,0.0001,0,vae-ignore,5.018479963,,,,,,,200,98.19746304
424,longitudinal,100000,100,1,1,0.001,1,1000,0.3,3,0.3,0.3,0.3,FALSE,0.0001,0,vae-ohe,5.459342517,,,,,,,200,206.6834812
425,longitudinal,100000,100,1,1,0.001,1,1000,0.3,3,0.3,0.3,0.3,FALSE,0.0001,0,vrae,3.484877,,,,,,,200,54.5845046
426,longitudinal,100000,100,1,1,0.001,1,1000,0.3,3,0.3,0.3,0.3,FALSE,0.0001,0,lmmvae,2.201053329,,0.798904896,0.726364613,0.161717057,,,200,218.5376706
427,longitudinal,100000,100,1,1,0.001,1,1000,0.3,3,0.3,0.3,0.3,FALSE,0.0001,0,svgpvae-10-16-2,4.05007922,,,,,,,199,497.4774146
428,longitudinal,100000,100,1,1,0.001,1,1000,0.3,3,0.3,0.3,0.3,FALSE,0.0001,1,pca-ignore,3.512567834,,,,,,,,0.661034346
429,longitudinal,100000,100,1,1,0.001,1,1000,0.3,3,0.3,0.3,0.3,FALSE,0.0001,1,pca-ohe,3.667040315,,,,,,,,7.478162527
430,longitudinal,100000,100,1,1,0.001,1,1000,0.3,3,0.3,0.3,0.3,FALSE,0.0001,1,vae-ignore,4.643246971,,,,,,,200,150.5039535
431,longitudinal,100000,100,1,1,0.001,1,1000,0.3,3,0.3,0.3,0.3,FALSE,0.0001,1,vae-ohe,5.107117467,,,,,,,200,204.9256852
432,longitudinal,100000,100,1,1,0.001,1,1000,0.3,3,0.3,0.3,0.3,FALSE,0.0001,1,vrae,3.846225622,,,,,,,200,52.48327589
433,longitudinal,100000,100,1,1,0.001,1,1000,0.3,3,0.3,0.3,0.3,FALSE,0.0001,1,lmmvae,2.286405137,,0.970593214,0.750056088,0.180682987,,,200,210.1672654
434,longitudinal,100000,100,1,1,0.001,1,1000,0.3,3,0.3,0.3,0.3,FALSE,0.0001,1,svgpvae-10-16-2,4.49350891,,,,,,,199,496.3867555
435,longitudinal,100000,100,1,1,0.001,1,1000,0.3,3,0.3,0.3,0.3,FALSE,0.0001,2,pca-ignore,3.169135773,,,,,,,,0.670425653
436,longitudinal,100000,100,1,1,0.001,1,1000,0.3,3,0.3,0.3,0.3,FALSE,0.0001,2,pca-ohe,3.285060296,,,,,,,,7.372396708
437,longitudinal,100000,100,1,1,0.001,1,1000,0.3,3,0.3,0.3,0.3,FALSE,0.0001,2,vae-ignore,4.008077963,,,,,,,200,90.82270765
438,longitudinal,100000,100,1,1,0.001,1,1000,0.3,3,0.3,0.3,0.3,FALSE,0.0001,2,vae-ohe,4.338174056,,,,,,,200,218.5408661
439,longitudinal,100000,100,1,1,0.001,1,1000,0.3,3,0.3,0.3,0.3,FALSE,0.0001,2,vrae,3.476728934,,,,,,,200,50.67566419
440,longitudinal,100000,100,1,1,0.001,1,1000,0.3,3,0.3,0.3,0.3,FALSE,0.0001,2,lmmvae,2.981963211,,0.868718743,0.662726223,0.158351779,,,200,217.8519564
441,longitudinal,100000,100,1,1,0.001,1,1000,0.3,3,0.3,0.3,0.3,FALSE,0.0001,2,svgpvae-10-16-2,4.13066478,,,,,,,199,497.4023821
442,longitudinal,100000,100,1,1,0.001,1,1000,0.3,3,0.3,0.3,0.3,FALSE,0.0001,3,pca-ignore,2.832023786,,,,,,,,0.674573898
443,longitudinal,100000,100,1,1,0.001,1,1000,0.3,3,0.3,0.3,0.3,FALSE,0.0001,3,pca-ohe,2.93105725,,,,,,,,7.505960464
444,longitudinal,100000,100,1,1,0.001,1,1000,0.3,3,0.3,0.3,0.3,FALSE,0.0001,3,vae-ignore,3.720016468,,,,,,,200,89.61160278
445,longitudinal,100000,100,1,1,0.001,1,1000,0.3,3,0.3,0.3,0.3,FALSE,0.0001,3,vae-ohe,4.024638366,,,,,,,200,216.7948015
446,longitudinal,100000,100,1,1,0.001,1,1000,0.3,3,0.3,0.3,0.3,FALSE,0.0001,3,vrae,3.154690735,,,,,,,200,49.49523425
447,longitudinal,100000,100,1,1,0.001,1,1000,0.3,3,0.3,0.3,0.3,FALSE,0.0001,3,lmmvae,2.737172145,,0.816660225,0.680622637,0.149385929,,,200,218.9750717
448,longitudinal,100000,100,1,1,0.001,1,1000,0.3,3,0.3,0.3,0.3,FALSE,0.0001,3,svgpvae-10-16-2,3.84088973,,,,,,,199,489.6811802
449,longitudinal,100000,100,1,1,0.001,1,1000,0.3,3,0.3,0.3,0.3,FALSE,0.0001,4,pca-ignore,2.869759871,,,,,,,,0.669323921
450,longitudinal,100000,100,1,1,0.001,1,1000,0.3,3,0.3,0.3,0.3,FALSE,0.0001,4,pca-ohe,2.996705742,,,,,,,,7.411719561
451,longitudinal,100000,100,1,1,0.001,1,1000,0.3,3,0.3,0.3,0.3,FALSE,0.0001,4,vae-ignore,3.595374896,,,,,,,200,89.59910059
452,longitudinal,100000,100,1,1,0.001,1,1000,0.3,3,0.3,0.3,0.3,FALSE,0.0001,4,vae-ohe,3.752246435,,,,,,,200,216.9140356
453,longitudinal,100000,100,1,1,0.001,1,1000,0.3,3,0.3,0.3,0.3,FALSE,0.0001,4,vrae,3.141734999,,,,,,,200,51.78249764
454,longitudinal,100000,100,1,1,0.001,1,1000,0.3,3,0.3,0.3,0.3,FALSE,0.0001,4,lmmvae,2.258675264,,0.794326723,0.717472315,0.154592246,,,200,204.0447969
455,longitudinal,100000,100,1,1,0.001,1,1000,0.3,3,0.3,0.3,0.3,FALSE,0.0001,4,svgpvae-10-16-2,3.769323678,,,,,,,199,490.2802031
456,longitudinal,100000,100,1,1,0.001,1,1000,0.3,3,3,0.3,0.3,FALSE,0.0001,0,pca-ignore,5.065721736,,,,,,,,0.749504089
457,longitudinal,100000,100,1,1,0.001,1,1000,0.3,3,3,0.3,0.3,FALSE,0.0001,0,pca-ohe,5.267179571,,,,,,,,8.111423731
458,longitudinal,100000,100,1,1,0.001,1,1000,0.3,3,3,0.3,0.3,FALSE,0.0001,0,vae-ignore,5.378180414,,,,,,,200,153.4915848
459,longitudinal,100000,100,1,1,0.001,1,1000,0.3,3,3,0.3,0.3,FALSE,0.0001,0,vae-ohe,5.49824024,,,,,,,200,210.3511755
460,longitudinal,100000,100,1,1,0.001,1,1000,0.3,3,3,0.3,0.3,FALSE,0.0001,0,vrae,5.431701491,,,,,,,200,52.68907189
461,longitudinal,100000,100,1,1,0.001,1,1000,0.3,3,3,0.3,0.3,FALSE,0.0001,0,lmmvae,4.446711086,,1.076234341,1.979929209,1.361787081,,,200,209.1132939
462,longitudinal,100000,100,1,1,0.001,1,1000,0.3,3,3,0.3,0.3,FALSE,0.0001,0,svgpvae-10-16-2,8.175515702,,,,,,,199,498.4738576
463,longitudinal,100000,100,1,1,0.001,1,1000,0.3,3,3,0.3,0.3,FALSE,0.0001,1,pca-ignore,7.062734657,,,,,,,,0.85410881
464,longitudinal,100000,100,1,1,0.001,1,1000,0.3,3,3,0.3,0.3,FALSE,0.0001,1,pca-ohe,7.252512274,,,,,,,,10.20492601
465,longitudinal,100000,100,1,1,0.001,1,1000,0.3,3,3,0.3,0.3,FALSE,0.0001,1,vae-ignore,17.86786179,,,,,,,200,90.12396622
466,longitudinal,100000,100,1,1,0.001,1,1000,0.3,3,3,0.3,0.3,FALSE,0.0001,1,vae-ohe,18.14115467,,,,,,,200,209.9879091
467,longitudinal,100000,100,1,1,0.001,1,1000,0.3,3,3,0.3,0.3,FALSE,0.0001,1,vrae,7.376111997,,,,,,,200,58.11675239
468,longitudinal,100000,100,1,1,0.001,1,1000,0.3,3,3,0.3,0.3,FALSE,0.0001,1,lmmvae,4.776213455,,2.745572567,4.061004162,0.807501554,,,200,209.8001654
469,longitudinal,100000,100,1,1,0.001,1,1000,0.3,3,3,0.3,0.3,FALSE,0.0001,1,svgpvae-10-16-2,10.57587509,,,,,,,199,497.0402811
470,longitudinal,100000,100,1,1,0.001,1,1000,0.3,3,3,0.3,0.3,FALSE,0.0001,2,pca-ignore,4.620025166,,,,,,,,0.693571806
471,longitudinal,100000,100,1,1,0.001,1,1000,0.3,3,3,0.3,0.3,FALSE,0.0001,2,pca-ohe,4.842618243,,,,,,,,7.792224169
472,longitudinal,100000,100,1,1,0.001,1,1000,0.3,3,3,0.3,0.3,FALSE,0.0001,2,vae-ignore,4.932774621,,,,,,,200,89.85867691
473,longitudinal,100000,100,1,1,0.001,1,1000,0.3,3,3,0.3,0.3,FALSE,0.0001,2,vae-ohe,,,,,,,,200,217.0450144
474,longitudinal,100000,100,1,1,0.001,1,1000,0.3,3,3,0.3,0.3,FALSE,0.0001,2,vrae,4.887377409,,,,,,,200,50.66738105
475,longitudinal,100000,100,1,1,0.001,1,1000,0.3,3,3,0.3,0.3,FALSE,0.0001,2,lmmvae,4.696455699,,1.699187517,2.694766521,0.97294879,,,200,218.5043685
476,longitudinal,100000,100,1,1,0.001,1,1000,0.3,3,3,0.3,0.3,FALSE,0.0001,2,svgpvae-10-16-2,7.603093993,,,,,,,199,498.2869551
477,longitudinal,100000,100,1,1,0.001,1,1000,0.3,3,3,0.3,0.3,FALSE,0.0001,3,pca-ignore,5.398273894,,,,,,,,0.699827909
478,longitudinal,100000,100,1,1,0.001,1,1000,0.3,3,3,0.3,0.3,FALSE,0.0001,3,pca-ohe,5.727185341,,,,,,,,7.939741611
479,longitudinal,100000,100,1,1,0.001,1,1000,0.3,3,3,0.3,0.3,FALSE,0.0001,3,vae-ignore,11.56418955,,,,,,,200,90.04279661
480,longitudinal,100000,100,1,1,0.001,1,1000,0.3,3,3,0.3,0.3,FALSE,0.0001,3,vae-ohe,14.58696084,,,,,,,200,216.8918138
481,longitudinal,100000,100,1,1,0.001,1,1000,0.3,3,3,0.3,0.3,FALSE,0.0001,3,vrae,5.660294022,,,,,,,200,52.64057255
482,longitudinal,100000,100,1,1,0.001,1,1000,0.3,3,3,0.3,0.3,FALSE,0.0001,3,lmmvae,,,,,,,,200,214.1367698
483,longitudinal,100000,100,1,1,0.001,1,1000,0.3,3,3,0.3,0.3,FALSE,0.0001,3,svgpvae-10-16-2,8.789762179,,,,,,,199,500.0179894
484,longitudinal,100000,100,1,1,0.001,1,1000,0.3,3,3,0.3,0.3,FALSE,0.0001,4,pca-ignore,7.045084779,,,,,,,,0.686403513
485,longitudinal,100000,100,1,1,0.001,1,1000,0.3,3,3,0.3,0.3,FALSE,0.0001,4,pca-ohe,7.183807945,,,,,,,,8.439743996
486,longitudinal,100000,100,1,1,0.001,1,1000,0.3,3,3,0.3,0.3,FALSE,0.0001,4,vae-ignore,14.24858564,,,,,,,200,89.52769995
487,longitudinal,100000,100,1,1,0.001,1,1000,0.3,3,3,0.3,0.3,FALSE,0.0001,4,vae-ohe,18.38110629,,,,,,,200,205.3473914
488,longitudinal,100000,100,1,1,0.001,1,1000,0.3,3,3,0.3,0.3,FALSE,0.0001,4,vrae,7.335871612,,,,,,,200,58.18817043
489,longitudinal,100000,100,1,1,0.001,1,1000,0.3,3,3,0.3,0.3,FALSE,0.0001,4,lmmvae,5.120735778,,2.79970789,4.271579742,0.739524364,,,200,204.2246897
490,longitudinal,100000,100,1,1,0.001,1,1000,0.3,3,3,0.3,0.3,FALSE,0.0001,4,svgpvae-10-16-2,10.42889589,,,,,,,199,499.2774343
491,longitudinal,100000,100,2,1,0.001,1,1000,0.3,3,3,0.3,0.3,FALSE,0.0001,0,pca-ignore,10.97240512,,,,,,,,0.701475143
492,longitudinal,100000,100,2,1,0.001,1,1000,0.3,3,3,0.3,0.3,FALSE,0.0001,0,pca-ohe,11.4723738,,,,,,,,7.807801485
493,longitudinal,100000,100,2,1,0.001,1,1000,0.3,3,3,0.3,0.3,FALSE,0.0001,0,vae-ignore,45.56264448,,,,,,,200,95.98813033
494,longitudinal,100000,100,2,1,0.001,1,1000,0.3,3,3,0.3,0.3,FALSE,0.0001,0,vae-ohe,48.49467475,,,,,,,200,216.6270242
495,longitudinal,100000,100,2,1,0.001,1,1000,0.3,3,3,0.3,0.3,FALSE,0.0001,0,vrae,11.45116043,,,,,,,200,100.0987418
496,longitudinal,100000,100,2,1,0.001,1,1000,0.3,3,3,0.3,0.3,FALSE,0.0001,0,lmmvae,4.245122948,,1.340712309,2.542091846,1.377246141,,,200,206.8478899
497,longitudinal,100000,100,2,1,0.001,1,1000,0.3,3,3,0.3,0.3,FALSE,0.0001,0,svgpvae-10-16-2,9.875930715,,,,,,,199,946.4950824
498,longitudinal,100000,100,2,1,0.001,1,1000,0.3,3,3,0.3,0.3,FALSE,0.0001,1,pca-ignore,5.187012449,,,,,,,,0.73124361
499,longitudinal,100000,100,2,1,0.001,1,1000,0.3,3,3,0.3,0.3,FALSE,0.0001,1,pca-ohe,5.543649795,,,,,,,,7.906811714
500,longitudinal,100000,100,2,1,0.001,1,1000,0.3,3,3,0.3,0.3,FALSE,0.0001,1,vae-ignore,10.69374218,,,,,,,200,150.8580534
501,longitudinal,100000,100,2,1,0.001,1,1000,0.3,3,3,0.3,0.3,FALSE,0.0001,1,vae-ohe,23.19217423,,,,,,,200,203.6933548
502,longitudinal,100000,100,2,1,0.001,1,1000,0.3,3,3,0.3,0.3,FALSE,0.0001,1,vrae,5.575054436,,,,,,,200,50.32872772
503,longitudinal,100000,100,2,1,0.001,1,1000,0.3,3,3,0.3,0.3,FALSE,0.0001,1,lmmvae,5.141791102,,2.494225502,1.883734584,0.796231449,,,200,215.2847121
504,longitudinal,100000,100,2,1,0.001,1,1000,0.3,3,3,0.3,0.3,FALSE,0.0001,1,svgpvae-10-16-2,9.164354405,,,,,,,199,966.3556609
505,longitudinal,100000,100,2,1,0.001,1,1000,0.3,3,3,0.3,0.3,FALSE,0.0001,2,pca-ignore,6.18770547,,,,,,,,0.69584775
506,longitudinal,100000,100,2,1,0.001,1,1000,0.3,3,3,0.3,0.3,FALSE,0.0001,2,pca-ohe,6.637090705,,,,,,,,7.897426605
507,longitudinal,100000,100,2,1,0.001,1,1000,0.3,3,3,0.3,0.3,FALSE,0.0001,2,vae-ignore,7.730968096,,,,,,,200,89.9576993
508,longitudinal,100000,100,2,1,0.001,1,1000,0.3,3,3,0.3,0.3,FALSE,0.0001,2,vae-ohe,25.88905982,,,,,,,200,210.6192837
509,longitudinal,100000,100,2,1,0.001,1,1000,0.3,3,3,0.3,0.3,FALSE,0.0001,2,vrae,6.59189215,,,,,,,200,50.60293889
510,longitudinal,100000,100,2,1,0.001,1,1000,0.3,3,3,0.3,0.3,FALSE,0.0001,2,lmmvae,5.365328772,,1.347615719,2.258445501,1.201779842,,,200,214.8507104
511,longitudinal,100000,100,2,1,0.001,1,1000,0.3,3,3,0.3,0.3,FALSE,0.0001,2,svgpvae-10-16-2,,,,,,,,199,949.2061048
512,longitudinal,100000,100,2,1,0.001,1,1000,0.3,3,3,0.3,0.3,FALSE,0.0001,3,pca-ignore,5.507544455,,,,,,,,0.718025208
513,longitudinal,100000,100,2,1,0.001,1,1000,0.3,3,3,0.3,0.3,FALSE,0.0001,3,pca-ohe,5.8806573,,,,,,,,7.907087803
514,longitudinal,100000,100,2,1,0.001,1,1000,0.3,3,3,0.3,0.3,FALSE,0.0001,3,vae-ignore,35.17332694,,,,,,,200,150.9658282
515,longitudinal,100000,100,2,1,0.001,1,1000,0.3,3,3,0.3,0.3,FALSE,0.0001,3,vae-ohe,33.70135595,,,,,,,200,216.3100469
516,longitudinal,100000,100,2,1,0.001,1,1000,0.3,3,3,0.3,0.3,FALSE,0.0001,3,vrae,5.875396339,,,,,,,200,52.48567986
517,longitudinal,100000,100,2,1,0.001,1,1000,0.3,3,3,0.3,0.3,FALSE,0.0001,3,lmmvae,7.078948446,,3.902207613,4.521645546,0.696687698,,,200,218.9804561
518,longitudinal,100000,100,2,1,0.001,1,1000,0.3,3,3,0.3,0.3,FALSE,0.0001,3,svgpvae-10-16-2,,,,,,,,199,965.3394749
519,longitudinal,100000,100,2,1,0.001,1,1000,0.3,3,3,0.3,0.3,FALSE,0.0001,4,pca-ignore,5.468890667,,,,,,,,0.721952915
520,longitudinal,100000,100,2,1,0.001,1,1000,0.3,3,3,0.3,0.3,FALSE,0.0001,4,pca-ohe,5.806098947,,,,,,,,7.892015219
521,longitudinal,100000,100,2,1,0.001,1,1000,0.3,3,3,0.3,0.3,FALSE,0.0001,4,vae-ignore,21.08608657,,,,,,,200,91.32840061
522,longitudinal,100000,100,2,1,0.001,1,1000,0.3,3,3,0.3,0.3,FALSE,0.0001,4,vae-ohe,12.64002017,,,,,,,200,216.5267103
523,longitudinal,100000,100,2,1,0.001,1,1000,0.3,3,3,0.3,0.3,FALSE,0.0001,4,vrae,5.880665583,,,,,,,200,50.74639511
524,longitudinal,100000,100,2,1,0.001,1,1000,0.3,3,3,0.3,0.3,FALSE,0.0001,4,lmmvae,6.038560122,,2.498440027,3.646188736,0.682057023,,,200,217.5384555
525,longitudinal,100000,100,2,1,0.001,1,1000,0.3,3,3,0.3,0.3,FALSE,0.0001,4,svgpvae-10-16-2,,,,,,,,199,929.4776289
526,longitudinal,100000,100,2,1,0.001,1,1000,0.3,3,0.3,0.3,0.3,FALSE,0.0001,0,pca-ignore,3.208772419,,,,,,,,0.444206238
527,longitudinal,100000,100,2,1,0.001,1,1000,0.3,3,0.3,0.3,0.3,FALSE,0.0001,0,pca-ohe,3.45759535,,,,,,,,4.663987637
528,longitudinal,100000,100,2,1,0.001,1,1000,0.3,3,0.3,0.3,0.3,FALSE,0.0001,0,vae-ignore,3.625024911,,,,,,,200,83.8737464
529,longitudinal,100000,100,2,1,0.001,1,1000,0.3,3,0.3,0.3,0.3,FALSE,0.0001,0,vae-ohe,4.067950603,,,,,,,200,182.1770327
530,longitudinal,100000,100,2,1,0.001,1,1000,0.3,3,0.3,0.3,0.3,FALSE,0.0001,0,vrae,3.794840613,,,,,,,200,42.41010857
531,longitudinal,100000,100,2,1,0.001,1,1000,0.3,3,0.3,0.3,0.3,FALSE,0.0001,0,lmmvae,2.894886542,,1.256721973,0.819487631,0.171721056,,,200,192.9447773
532,longitudinal,100000,100,2,1,0.001,1,1000,0.3,3,0.3,0.3,0.3,FALSE,0.0001,0,svgpvae-10-16-2,5.361117101,,,,,,,199,729.3763843
533,longitudinal,100000,100,2,1,0.001,1,1000,0.3,3,0.3,0.3,0.3,FALSE,0.0001,1,pca-ignore,3.057877951,,,,,,,,0.459577084
534,longitudinal,100000,100,2,1,0.001,1,1000,0.3,3,0.3,0.3,0.3,FALSE,0.0001,1,pca-ohe,3.288743615,,,,,,,,4.77067399
535,longitudinal,100000,100,2,1,0.001,1,1000,0.3,3,0.3,0.3,0.3,FALSE,0.0001,1,vae-ignore,3.847281359,,,,,,,200,83.4149425
536,longitudinal,100000,100,2,1,0.001,1,1000,0.3,3,0.3,0.3,0.3,FALSE,0.0001,1,vae-ohe,3.976216572,,,,,,,200,181.5672429
537,longitudinal,100000,100,2,1,0.001,1,1000,0.3,3,0.3,0.3,0.3,FALSE,0.0001,1,vrae,3.667486917,,,,,,,200,42.5432682
538,longitudinal,100000,100,2,1,0.001,1,1000,0.3,3,0.3,0.3,0.3,FALSE,0.0001,1,lmmvae,2.574737996,,0.852807403,0.699434638,0.145948708,,,200,191.2753885
539,longitudinal,100000,100,2,1,0.001,1,1000,0.3,3,0.3,0.3,0.3,FALSE,0.0001,1,svgpvae-10-16-2,4.857837791,,,,,,,199,728.6214514
540,longitudinal,100000,100,2,1,0.001,1,1000,0.3,3,0.3,0.3,0.3,FALSE,0.0001,2,pca-ignore,4.78084243,,,,,,,,0.459693909
541,longitudinal,100000,100,2,1,0.001,1,1000,0.3,3,0.3,0.3,0.3,FALSE,0.0001,2,pca-ohe,5.078055496,,,,,,,,4.547201633
542,longitudinal,100000,100,2,1,0.001,1,1000,0.3,3,0.3,0.3,0.3,FALSE,0.0001,2,vae-ignore,9.972093192,,,,,,,200,83.77968359
543,longitudinal,100000,100,2,1,0.001,1,1000,0.3,3,0.3,0.3,0.3,FALSE,0.0001,2,vae-ohe,10.57371004,,,,,,,200,181.8005908
544,longitudinal,100000,100,2,1,0.001,1,1000,0.3,3,0.3,0.3,0.3,FALSE,0.0001,2,vrae,5.31274537,,,,,,,200,49.02244377
545,longitudinal,100000,100,2,1,0.001,1,1000,0.3,3,0.3,0.3,0.3,FALSE,0.0001,2,lmmvae,2.112108707,,1.014390826,0.82123369,0.180736259,,,200,192.8637776
546,longitudinal,100000,100,2,1,0.001,1,1000,0.3,3,0.3,0.3,0.3,FALSE,0.0001,2,svgpvae-10-16-2,6.417443103,,,,,,,199,728.4076748
547,longitudinal,100000,100,2,1,0.001,1,1000,0.3,3,0.3,0.3,0.3,FALSE,0.0001,3,pca-ignore,3.124173487,,,,,,,,0.472248316
548,longitudinal,100000,100,2,1,0.001,1,1000,0.3,3,0.3,0.3,0.3,FALSE,0.0001,3,pca-ohe,3.379243866,,,,,,,,4.550213099
549,longitudinal,100000,100,2,1,0.001,1,1000,0.3,3,0.3,0.3,0.3,FALSE,0.0001,3,vae-ignore,5.40024832,,,,,,,200,84.16685843
550,longitudinal,100000,100,2,1,0.001,1,1000,0.3,3,0.3,0.3,0.3,FALSE,0.0001,3,vae-ohe,6.181581241,,,,,,,200,181.997447
551,longitudinal,100000,100,2,1,0.001,1,1000,0.3,3,0.3,0.3,0.3,FALSE,0.0001,3,vrae,3.533575868,,,,,,,200,43.77851033
552,longitudinal,100000,100,2,1,0.001,1,1000,0.3,3,0.3,0.3,0.3,FALSE,0.0001,3,lmmvae,2.855262507,,0.807715893,0.674953938,0.152322203,,,200,191.6832211
553,longitudinal,100000,100,2,1,0.001,1,1000,0.3,3,0.3,0.3,0.3,FALSE,0.0001,3,svgpvae-10-16-2,5.150493133,,,,,,,199,727.7970216
554,longitudinal,100000,100,2,1,0.001,1,1000,0.3,3,0.3,0.3,0.3,FALSE,0.0001,4,pca-ignore,3.399888077,,,,,,,,0.476652861
555,longitudinal,100000,100,2,1,0.001,1,1000,0.3,3,0.3,0.3,0.3,FALSE,0.0001,4,pca-ohe,3.637847134,,,,,,,,4.586517096
556,longitudinal,100000,100,2,1,0.001,1,1000,0.3,3,0.3,0.3,0.3,FALSE,0.0001,4,vae-ignore,3.851798428,,,,,,,200,84.17917061
557,longitudinal,100000,100,2,1,0.001,1,1000,0.3,3,0.3,0.3,0.3,FALSE,0.0001,4,vae-ohe,6.34456066,,,,,,,200,180.5784128
558,longitudinal,100000,100,2,1,0.001,1,1000,0.3,3,0.3,0.3,0.3,FALSE,0.0001,4,vrae,3.80740478,,,,,,,200,42.47477245
559,longitudinal,100000,100,2,1,0.001,1,1000,0.3,3,0.3,0.3,0.3,FALSE,0.0001,4,lmmvae,2.586272852,,0.869208992,0.684884548,0.144913733,,,200,191.6292429
560,longitudinal,100000,100,2,1,0.001,1,1000,0.3,3,0.3,0.3,0.3,FALSE,0.0001,4,svgpvae-10-16-2,5.316856888,,,,,,,199,728.2985981
