,mode,N,p,d,sig2e,beta,re_prior,q_spatial,sig2b0_spatial,sig2b1_spatial,sig2bs_identical,thresh,experiment,exp_type,mse_X,sig2e_est,sig2b_spatial_est0,sig2b_spatial_est1,n_epochs,time
1,spatial2,100000,100,1,1,0.0001,1,10000,0.3,0.3,FALSE,0.0001,0,pca-ignore,1.429003817,,,,,0.934601307
2,spatial2,100000,100,1,1,0.0001,1,10000,0.3,0.3,FALSE,0.0001,0,pca-ohe,1.429328564,,,,,32.90040898
3,spatial2,100000,100,1,1,0.0001,1,10000,0.3,0.3,FALSE,0.0001,0,vae-ignore,1.233214704,,,,200,86.79271054
4,spatial2,100000,100,1,1,0.0001,1,10000,0.3,0.3,FALSE,0.0001,0,vae-embed,1.27547537,,,,200,91.28351831
5,spatial2,100000,100,1,1,0.0001,1,10000,0.3,0.3,FALSE,0.0001,0,lmmvae,1.073728833,,0.111671165,,200,154.9034333
6,spatial2,100000,100,1,1,0.0001,1,10000,0.3,0.3,FALSE,0.0001,1,pca-ignore,1.546162044,,,,,0.86605978
7,spatial2,100000,100,1,1,0.0001,1,10000,0.3,0.3,FALSE,0.0001,1,pca-ohe,1.546702314,,,,,32.09655452
8,spatial2,100000,100,1,1,0.0001,1,10000,0.3,0.3,FALSE,0.0001,1,vae-ignore,1.239590945,,,,200,85.21667886
9,spatial2,100000,100,1,1,0.0001,1,10000,0.3,0.3,FALSE,0.0001,1,vae-embed,1.320105598,,,,200,92.31437731
10,spatial2,100000,100,1,1,0.0001,1,10000,0.3,0.3,FALSE,0.0001,1,lmmvae,1.098913694,,0.110582411,,200,150.4585624
11,spatial2,100000,100,1,1,0.0001,1,10000,0.3,0.3,FALSE,0.0001,2,pca-ignore,1.416806613,,,,,0.863361359
12,spatial2,100000,100,1,1,0.0001,1,10000,0.3,0.3,FALSE,0.0001,2,pca-ohe,1.41682433,,,,,32.28790092
13,spatial2,100000,100,1,1,0.0001,1,10000,0.3,0.3,FALSE,0.0001,2,vae-ignore,1.239841668,,,,200,85.43040347
14,spatial2,100000,100,1,1,0.0001,1,10000,0.3,0.3,FALSE,0.0001,2,vae-embed,1.242350112,,,,200,92.80635357
15,spatial2,100000,100,1,1,0.0001,1,10000,0.3,0.3,FALSE,0.0001,2,lmmvae,1.065567884,,0.094590776,,200,154.5702634
16,spatial2,100000,100,1,1,0.0001,1,10000,0.3,0.3,FALSE,0.0001,3,pca-ignore,1.548697688,,,,,0.848084688
17,spatial2,100000,100,1,1,0.0001,1,10000,0.3,0.3,FALSE,0.0001,3,pca-ohe,1.548899642,,,,,30.60431576
18,spatial2,100000,100,1,1,0.0001,1,10000,0.3,0.3,FALSE,0.0001,3,vae-ignore,1.223628442,,,,200,84.40355778
19,spatial2,100000,100,1,1,0.0001,1,10000,0.3,0.3,FALSE,0.0001,3,vae-embed,1.324304567,,,,200,91.89044166
20,spatial2,100000,100,1,1,0.0001,1,10000,0.3,0.3,FALSE,0.0001,3,lmmvae,1.075742592,,0.093205884,,200,152.929636
21,spatial2,100000,100,1,1,0.0001,1,10000,0.3,0.3,FALSE,0.0001,4,pca-ignore,1.440459854,,,,,0.697136879
22,spatial2,100000,100,1,1,0.0001,1,10000,0.3,0.3,FALSE,0.0001,4,pca-ohe,1.44121731,,,,,30.82455921
23,spatial2,100000,100,1,1,0.0001,1,10000,0.3,0.3,FALSE,0.0001,4,vae-ignore,1.262048591,,,,200,85.10217547
24,spatial2,100000,100,1,1,0.0001,1,10000,0.3,0.3,FALSE,0.0001,4,vae-embed,1.25061754,,,,200,92.49188805
25,spatial2,100000,100,1,1,0.0001,1,10000,0.3,0.3,FALSE,0.0001,4,lmmvae,1.059823205,,0.11857795,,200,154.0254216
26,spatial2,100000,100,2,1,0.0001,1,10000,0.3,0.3,FALSE,0.0001,0,pca-ignore,1.551604869,,,,,0.867170095
27,spatial2,100000,100,2,1,0.0001,1,10000,0.3,0.3,FALSE,0.0001,0,pca-ohe,1.551648624,,,,,31.45068765
28,spatial2,100000,100,2,1,0.0001,1,10000,0.3,0.3,FALSE,0.0001,0,vae-ignore,1.22808094,,,,200,87.73210502
29,spatial2,100000,100,2,1,0.0001,1,10000,0.3,0.3,FALSE,0.0001,0,vae-embed,1.226396303,,,,200,94.80093789
30,spatial2,100000,100,2,1,0.0001,1,10000,0.3,0.3,FALSE,0.0001,0,lmmvae,1.089636765,,0.088182986,,200,157.287441
31,spatial2,100000,100,2,1,0.0001,1,10000,0.3,0.3,FALSE,0.0001,1,pca-ignore,1.651596548,,,,,1.009378195
32,spatial2,100000,100,2,1,0.0001,1,10000,0.3,0.3,FALSE,0.0001,1,pca-ohe,1.652318523,,,,,31.74941921
33,spatial2,100000,100,2,1,0.0001,1,10000,0.3,0.3,FALSE,0.0001,1,vae-ignore,1.26377897,,,,200,87.09487009
34,spatial2,100000,100,2,1,0.0001,1,10000,0.3,0.3,FALSE,0.0001,1,vae-embed,1.410758538,,,,200,94.04036736
35,spatial2,100000,100,2,1,0.0001,1,10000,0.3,0.3,FALSE,0.0001,1,lmmvae,1.083472706,,0.102809563,,200,156.9503207
36,spatial2,100000,100,2,1,0.0001,1,10000,0.3,0.3,FALSE,0.0001,2,pca-ignore,1.733768942,,,,,1.028568268
37,spatial2,100000,100,2,1,0.0001,1,10000,0.3,0.3,FALSE,0.0001,2,pca-ohe,1.735383042,,,,,30.22898269
38,spatial2,100000,100,2,1,0.0001,1,10000,0.3,0.3,FALSE,0.0001,2,vae-ignore,1.472871761,,,,200,88.04256415
39,spatial2,100000,100,2,1,0.0001,1,10000,0.3,0.3,FALSE,0.0001,2,vae-embed,1.356979283,,,,200,94.65250301
40,spatial2,100000,100,2,1,0.0001,1,10000,0.3,0.3,FALSE,0.0001,2,lmmvae,1.084901143,,0.103401393,,200,153.8690479
41,spatial2,100000,100,2,1,0.0001,1,10000,0.3,0.3,FALSE,0.0001,3,pca-ignore,1.627437826,,,,,0.861742258
42,spatial2,100000,100,2,1,0.0001,1,10000,0.3,0.3,FALSE,0.0001,3,pca-ohe,1.63227507,,,,,30.23444629
43,spatial2,100000,100,2,1,0.0001,1,10000,0.3,0.3,FALSE,0.0001,3,vae-ignore,1.30422476,,,,200,88.16815782
44,spatial2,100000,100,2,1,0.0001,1,10000,0.3,0.3,FALSE,0.0001,3,vae-embed,1.331789565,,,,200,94.06295109
45,spatial2,100000,100,2,1,0.0001,1,10000,0.3,0.3,FALSE,0.0001,3,lmmvae,1.06493671,,0.08280056,,200,156.8694515
46,spatial2,100000,100,2,1,0.0001,1,10000,0.3,0.3,FALSE,0.0001,4,pca-ignore,1.76848076,,,,,0.876364231
47,spatial2,100000,100,2,1,0.0001,1,10000,0.3,0.3,FALSE,0.0001,4,pca-ohe,1.769989836,,,,,29.96491933
48,spatial2,100000,100,2,1,0.0001,1,10000,0.3,0.3,FALSE,0.0001,4,vae-ignore,1.240121974,,,,200,87.91555333
49,spatial2,100000,100,2,1,0.0001,1,10000,0.3,0.3,FALSE,0.0001,4,vae-embed,1.351353425,,,,200,94.8830595
50,spatial2,100000,100,2,1,0.0001,1,10000,0.3,0.3,FALSE,0.0001,4,lmmvae,1.099086414,,0.109104544,,200,154.4600754
51,spatial2,100000,100,1,1,0.0001,1,10000,0.3,3,FALSE,0.0001,0,pca-ignore,1.24732107,,,,,0.748440504
52,spatial2,100000,100,1,1,0.0001,1,10000,0.3,3,FALSE,0.0001,0,pca-ohe,1.247356295,,,,,31.59597802
53,spatial2,100000,100,1,1,0.0001,1,10000,0.3,3,FALSE,0.0001,0,vae-ignore,1.066098227,,,,200,84.55370808
54,spatial2,100000,100,1,1,0.0001,1,10000,0.3,3,FALSE,0.0001,0,vae-embed,1.075226725,,,,200,92.06765962
55,spatial2,100000,100,1,1,0.0001,1,10000,0.3,3,FALSE,0.0001,0,lmmvae,1.017607137,,0.021937424,,200,151.4653888
56,spatial2,100000,100,1,1,0.0001,1,10000,0.3,3,FALSE,0.0001,1,pca-ignore,1.203539816,,,,,0.895918131
57,spatial2,100000,100,1,1,0.0001,1,10000,0.3,3,FALSE,0.0001,1,pca-ohe,1.203590823,,,,,31.25161886
58,spatial2,100000,100,1,1,0.0001,1,10000,0.3,3,FALSE,0.0001,1,vae-ignore,1.06656068,,,,200,85.48582101
59,spatial2,100000,100,1,1,0.0001,1,10000,0.3,3,FALSE,0.0001,1,vae-embed,1.069895458,,,,200,92.36812377
60,spatial2,100000,100,1,1,0.0001,1,10000,0.3,3,FALSE,0.0001,1,lmmvae,1.017457838,,0.019237325,,200,153.0544105
61,spatial2,100000,100,1,1,0.0001,1,10000,0.3,3,FALSE,0.0001,2,pca-ignore,1.197770038,,,,,0.825466633
62,spatial2,100000,100,1,1,0.0001,1,10000,0.3,3,FALSE,0.0001,2,pca-ohe,1.19777527,,,,,29.72431159
63,spatial2,100000,100,1,1,0.0001,1,10000,0.3,3,FALSE,0.0001,2,vae-ignore,1.065297717,,,,200,85.04223228
64,spatial2,100000,100,1,1,0.0001,1,10000,0.3,3,FALSE,0.0001,2,vae-embed,1.084359331,,,,200,92.05015302
65,spatial2,100000,100,1,1,0.0001,1,10000,0.3,3,FALSE,0.0001,2,lmmvae,1.012265641,,0.016099811,,200,151.0105765
66,spatial2,100000,100,1,1,0.0001,1,10000,0.3,3,FALSE,0.0001,3,pca-ignore,1.280152006,,,,,0.740651846
67,spatial2,100000,100,1,1,0.0001,1,10000,0.3,3,FALSE,0.0001,3,pca-ohe,1.280191021,,,,,30.35774207
68,spatial2,100000,100,1,1,0.0001,1,10000,0.3,3,FALSE,0.0001,3,vae-ignore,1.052236059,,,,200,84.49222708
69,spatial2,100000,100,1,1,0.0001,1,10000,0.3,3,FALSE,0.0001,3,vae-embed,1.062658916,,,,200,91.65366817
70,spatial2,100000,100,1,1,0.0001,1,10000,0.3,3,FALSE,0.0001,3,lmmvae,1.013658375,,0.019624135,,200,149.9417398
71,spatial2,100000,100,1,1,0.0001,1,10000,0.3,3,FALSE,0.0001,4,pca-ignore,1.280932207,,,,,1.014368057
72,spatial2,100000,100,1,1,0.0001,1,10000,0.3,3,FALSE,0.0001,4,pca-ohe,1.281065683,,,,,30.82662344
73,spatial2,100000,100,1,1,0.0001,1,10000,0.3,3,FALSE,0.0001,4,vae-ignore,1.104490896,,,,200,85.73681736
74,spatial2,100000,100,1,1,0.0001,1,10000,0.3,3,FALSE,0.0001,4,vae-embed,1.092614686,,,,200,92.34614229
75,spatial2,100000,100,1,1,0.0001,1,10000,0.3,3,FALSE,0.0001,4,lmmvae,1.012109473,,0.029880796,,200,151.7886512
76,spatial2,100000,100,2,1,0.0001,1,10000,0.3,3,FALSE,0.0001,0,pca-ignore,1.435079608,,,,,0.984914303
77,spatial2,100000,100,2,1,0.0001,1,10000,0.3,3,FALSE,0.0001,0,pca-ohe,1.435553482,,,,,29.66164255
78,spatial2,100000,100,2,1,0.0001,1,10000,0.3,3,FALSE,0.0001,0,vae-ignore,1.076812669,,,,200,86.40209341
79,spatial2,100000,100,2,1,0.0001,1,10000,0.3,3,FALSE,0.0001,0,vae-embed,1.261264168,,,,200,93.82682824
80,spatial2,100000,100,2,1,0.0001,1,10000,0.3,3,FALSE,0.0001,0,lmmvae,1.025465308,,0.022228632,,200,152.6175733
81,spatial2,100000,100,2,1,0.0001,1,10000,0.3,3,FALSE,0.0001,1,pca-ignore,1.443325064,,,,,0.787835598
82,spatial2,100000,100,2,1,0.0001,1,10000,0.3,3,FALSE,0.0001,1,pca-ohe,1.443457202,,,,,33.31772494
83,spatial2,100000,100,2,1,0.0001,1,10000,0.3,3,FALSE,0.0001,1,vae-ignore,1.060910867,,,,200,86.52063704
84,spatial2,100000,100,2,1,0.0001,1,10000,0.3,3,FALSE,0.0001,1,vae-embed,1.237585711,,,,200,93.59651375
85,spatial2,100000,100,2,1,0.0001,1,10000,0.3,3,FALSE,0.0001,1,lmmvae,1.031090217,,0.022630606,,200,154.3771856
86,spatial2,100000,100,2,1,0.0001,1,10000,0.3,3,FALSE,0.0001,2,pca-ignore,1.500825978,,,,,0.97658968
87,spatial2,100000,100,2,1,0.0001,1,10000,0.3,3,FALSE,0.0001,2,pca-ohe,1.501002063,,,,,31.08071303
88,spatial2,100000,100,2,1,0.0001,1,10000,0.3,3,FALSE,0.0001,2,vae-ignore,1.062705287,,,,200,86.7112999
89,spatial2,100000,100,2,1,0.0001,1,10000,0.3,3,FALSE,0.0001,2,vae-embed,1.094079272,,,,200,93.5795207
90,spatial2,100000,100,2,1,0.0001,1,10000,0.3,3,FALSE,0.0001,2,lmmvae,1.016558081,,0.02087632,,200,156.2712772
91,spatial2,100000,100,2,1,0.0001,1,10000,0.3,3,FALSE,0.0001,3,pca-ignore,1.381070076,,,,,1.01629281
92,spatial2,100000,100,2,1,0.0001,1,10000,0.3,3,FALSE,0.0001,3,pca-ohe,1.381631944,,,,,31.58355451
93,spatial2,100000,100,2,1,0.0001,1,10000,0.3,3,FALSE,0.0001,3,vae-ignore,1.106121022,,,,200,87.64610505
94,spatial2,100000,100,2,1,0.0001,1,10000,0.3,3,FALSE,0.0001,3,vae-embed,1.210097364,,,,200,94.7547853
95,spatial2,100000,100,2,1,0.0001,1,10000,0.3,3,FALSE,0.0001,3,lmmvae,1.016077297,,0.030750779,,200,157.5753179
96,spatial2,100000,100,2,1,0.0001,1,10000,0.3,3,FALSE,0.0001,4,pca-ignore,1.408284083,,,,,0.804524183
97,spatial2,100000,100,2,1,0.0001,1,10000,0.3,3,FALSE,0.0001,4,pca-ohe,1.408266816,,,,,31.41833639
98,spatial2,100000,100,2,1,0.0001,1,10000,0.3,3,FALSE,0.0001,4,vae-ignore,1.057842668,,,,200,86.7738142
99,spatial2,100000,100,2,1,0.0001,1,10000,0.3,3,FALSE,0.0001,4,vae-embed,1.234854501,,,,200,94.27322125
100,spatial2,100000,100,2,1,0.0001,1,10000,0.3,3,FALSE,0.0001,4,lmmvae,1.026730747,,0.025266467,,200,151.0345216
101,spatial2,100000,100,1,1,0.0001,1,10000,3,0.3,FALSE,0.0001,0,pca-ignore,3.60870421,,,,,0.78278017
102,spatial2,100000,100,1,1,0.0001,1,10000,3,0.3,FALSE,0.0001,0,pca-ohe,3.611748591,,,,,32.30597115
103,spatial2,100000,100,1,1,0.0001,1,10000,3,0.3,FALSE,0.0001,0,vae-ignore,1.931779175,,,,200,85.49266076
104,spatial2,100000,100,1,1,0.0001,1,10000,3,0.3,FALSE,0.0001,0,vae-embed,2.198950813,,,,200,92.33819127
105,spatial2,100000,100,1,1,0.0001,1,10000,3,0.3,FALSE,0.0001,0,lmmvae,1.717040477,,0.138410568,,200,153.6760175
106,spatial2,100000,100,1,1,0.0001,1,10000,3,0.3,FALSE,0.0001,1,pca-ignore,3.572036029,,,,,1.058193207
107,spatial2,100000,100,1,1,0.0001,1,10000,3,0.3,FALSE,0.0001,1,pca-ohe,3.574695221,,,,,31.23253536
108,spatial2,100000,100,1,1,0.0001,1,10000,3,0.3,FALSE,0.0001,1,vae-ignore,1.70045532,,,,200,83.12183905
109,spatial2,100000,100,1,1,0.0001,1,10000,3,0.3,FALSE,0.0001,1,vae-embed,3.906006885,,,,200,91.39405084
110,spatial2,100000,100,1,1,0.0001,1,10000,3,0.3,FALSE,0.0001,1,lmmvae,1.734409167,,0.163777292,,200,151.1768606
111,spatial2,100000,100,1,1,0.0001,1,10000,3,0.3,FALSE,0.0001,2,pca-ignore,3.663409636,,,,,0.799971819
112,spatial2,100000,100,1,1,0.0001,1,10000,3,0.3,FALSE,0.0001,2,pca-ohe,3.666182833,,,,,30.31270027
113,spatial2,100000,100,1,1,0.0001,1,10000,3,0.3,FALSE,0.0001,2,vae-ignore,1.944395499,,,,200,84.26379848
114,spatial2,100000,100,1,1,0.0001,1,10000,3,0.3,FALSE,0.0001,2,vae-embed,2.463246005,,,,200,91.80234671
115,spatial2,100000,100,1,1,0.0001,1,10000,3,0.3,FALSE,0.0001,2,lmmvae,1.61130981,,0.165105343,,200,150.4804511
116,spatial2,100000,100,1,1,0.0001,1,10000,3,0.3,FALSE,0.0001,3,pca-ignore,3.831360192,,,,,0.736146927
117,spatial2,100000,100,1,1,0.0001,1,10000,3,0.3,FALSE,0.0001,3,pca-ohe,3.833649932,,,,,30.67170477
118,spatial2,100000,100,1,1,0.0001,1,10000,3,0.3,FALSE,0.0001,3,vae-ignore,1.946689402,,,,200,82.84229374
119,spatial2,100000,100,1,1,0.0001,1,10000,3,0.3,FALSE,0.0001,3,vae-embed,3.125065972,,,,200,91.17899537
120,spatial2,100000,100,1,1,0.0001,1,10000,3,0.3,FALSE,0.0001,3,lmmvae,1.738497389,,0.168189406,,200,151.0473313
121,spatial2,100000,100,1,1,0.0001,1,10000,3,0.3,FALSE,0.0001,4,pca-ignore,3.577862792,,,,,0.999240875
122,spatial2,100000,100,1,1,0.0001,1,10000,3,0.3,FALSE,0.0001,4,pca-ohe,3.579966767,,,,,29.93932271
123,spatial2,100000,100,1,1,0.0001,1,10000,3,0.3,FALSE,0.0001,4,vae-ignore,2.022632253,,,,200,82.91221356
124,spatial2,100000,100,1,1,0.0001,1,10000,3,0.3,FALSE,0.0001,4,vae-embed,2.461067803,,,,200,90.33946753
125,spatial2,100000,100,1,1,0.0001,1,10000,3,0.3,FALSE,0.0001,4,lmmvae,1.731030614,,0.128828809,,200,148.4767516
126,spatial2,100000,100,2,1,0.0001,1,10000,3,0.3,FALSE,0.0001,0,pca-ignore,3.233434233,,,,,0.920424223
127,spatial2,100000,100,2,1,0.0001,1,10000,3,0.3,FALSE,0.0001,0,pca-ohe,3.239330463,,,,,31.54391909
128,spatial2,100000,100,2,1,0.0001,1,10000,3,0.3,FALSE,0.0001,0,vae-ignore,1.596078675,,,,200,85.8858459
129,spatial2,100000,100,2,1,0.0001,1,10000,3,0.3,FALSE,0.0001,0,vae-embed,2.665594607,,,,200,93.886168
130,spatial2,100000,100,2,1,0.0001,1,10000,3,0.3,FALSE,0.0001,0,lmmvae,1.562853096,,0.016859166,,200,155.626653
131,spatial2,100000,100,2,1,0.0001,1,10000,3,0.3,FALSE,0.0001,1,pca-ignore,3.138323546,,,,,0.762798786
132,spatial2,100000,100,2,1,0.0001,1,10000,3,0.3,FALSE,0.0001,1,pca-ohe,3.144425664,,,,,30.56057477
133,spatial2,100000,100,2,1,0.0001,1,10000,3,0.3,FALSE,0.0001,1,vae-ignore,1.63923458,,,,200,85.71050549
134,spatial2,100000,100,2,1,0.0001,1,10000,3,0.3,FALSE,0.0001,1,vae-embed,2.286762571,,,,200,93.78824568
135,spatial2,100000,100,2,1,0.0001,1,10000,3,0.3,FALSE,0.0001,1,lmmvae,1.538097964,,0.030902192,,200,152.626405
136,spatial2,100000,100,2,1,0.0001,1,10000,3,0.3,FALSE,0.0001,2,pca-ignore,3.684338189,,,,,0.942192078
137,spatial2,100000,100,2,1,0.0001,1,10000,3,0.3,FALSE,0.0001,2,pca-ohe,3.691311558,,,,,34.25746942
138,spatial2,100000,100,2,1,0.0001,1,10000,3,0.3,FALSE,0.0001,2,vae-ignore,1.905010775,,,,200,85.57137489
139,spatial2,100000,100,2,1,0.0001,1,10000,3,0.3,FALSE,0.0001,2,vae-embed,2.491062596,,,,200,94.09069657
140,spatial2,100000,100,2,1,0.0001,1,10000,3,0.3,FALSE,0.0001,2,lmmvae,1.917779188,,0.117194377,,200,156.3052807
141,spatial2,100000,100,2,1,0.0001,1,10000,3,0.3,FALSE,0.0001,3,pca-ignore,3.316446248,,,,,0.793189764
142,spatial2,100000,100,2,1,0.0001,1,10000,3,0.3,FALSE,0.0001,3,pca-ohe,3.322412966,,,,,30.2666173
143,spatial2,100000,100,2,1,0.0001,1,10000,3,0.3,FALSE,0.0001,3,vae-ignore,1.676342501,,,,200,85.62153125
144,spatial2,100000,100,2,1,0.0001,1,10000,3,0.3,FALSE,0.0001,3,vae-embed,2.286512242,,,,200,93.9793129
145,spatial2,100000,100,2,1,0.0001,1,10000,3,0.3,FALSE,0.0001,3,lmmvae,1.49855271,,0.098843098,,200,152.2794559
146,spatial2,100000,100,2,1,0.0001,1,10000,3,0.3,FALSE,0.0001,4,pca-ignore,3.18240029,,,,,0.823565006
147,spatial2,100000,100,2,1,0.0001,1,10000,3,0.3,FALSE,0.0001,4,pca-ohe,3.188204327,,,,,30.94332385
148,spatial2,100000,100,2,1,0.0001,1,10000,3,0.3,FALSE,0.0001,4,vae-ignore,1.666928347,,,,200,85.33627748
149,spatial2,100000,100,2,1,0.0001,1,10000,3,0.3,FALSE,0.0001,4,vae-embed,3.326160865,,,,200,93.30616641
150,spatial2,100000,100,2,1,0.0001,1,10000,3,0.3,FALSE,0.0001,4,lmmvae,1.610472612,,0.045330271,,200,154.3596201
151,spatial2,100000,100,1,1,0.0001,1,10000,3,3,FALSE,0.0001,0,pca-ignore,1.798193532,,,,,0.715280056
152,spatial2,100000,100,1,1,0.0001,1,10000,3,3,FALSE,0.0001,0,pca-ohe,1.79956967,,,,,31.79667687
153,spatial2,100000,100,1,1,0.0001,1,10000,3,3,FALSE,0.0001,0,vae-ignore,1.386750101,,,,200,83.19808793
154,spatial2,100000,100,1,1,0.0001,1,10000,3,3,FALSE,0.0001,0,vae-embed,1.956525969,,,,200,92.70576549
155,spatial2,100000,100,1,1,0.0001,1,10000,3,3,FALSE,0.0001,0,lmmvae,1.183061049,,0.128271431,,200,154.0562279
156,spatial2,100000,100,1,1,0.0001,1,10000,3,3,FALSE,0.0001,1,pca-ignore,1.841404441,,,,,0.954017878
157,spatial2,100000,100,1,1,0.0001,1,10000,3,3,FALSE,0.0001,1,pca-ohe,1.84248561,,,,,29.57924557
158,spatial2,100000,100,1,1,0.0001,1,10000,3,3,FALSE,0.0001,1,vae-ignore,1.308914315,,,,200,84.37967539
159,spatial2,100000,100,1,1,0.0001,1,10000,3,3,FALSE,0.0001,1,vae-embed,1.63232139,,,,200,91.60060906
160,spatial2,100000,100,1,1,0.0001,1,10000,3,3,FALSE,0.0001,1,lmmvae,1.204059377,,0.084323235,,200,154.7872458
161,spatial2,100000,100,1,1,0.0001,1,10000,3,3,FALSE,0.0001,2,pca-ignore,1.764865259,,,,,0.720221996
162,spatial2,100000,100,1,1,0.0001,1,10000,3,3,FALSE,0.0001,2,pca-ohe,1.766094472,,,,,30.72721767
163,spatial2,100000,100,1,1,0.0001,1,10000,3,3,FALSE,0.0001,2,vae-ignore,1.356617187,,,,200,85.27307391
164,spatial2,100000,100,1,1,0.0001,1,10000,3,3,FALSE,0.0001,2,vae-embed,1.415697328,,,,200,92.4603579
165,spatial2,100000,100,1,1,0.0001,1,10000,3,3,FALSE,0.0001,2,lmmvae,1.288647221,,0.165086672,,200,153.7856758
166,spatial2,100000,100,1,1,0.0001,1,10000,3,3,FALSE,0.0001,3,pca-ignore,1.716513658,,,,,0.965620995
167,spatial2,100000,100,1,1,0.0001,1,10000,3,3,FALSE,0.0001,3,pca-ohe,1.718168086,,,,,30.82262421
168,spatial2,100000,100,1,1,0.0001,1,10000,3,3,FALSE,0.0001,3,vae-ignore,1.272818072,,,,200,84.01080704
169,spatial2,100000,100,1,1,0.0001,1,10000,3,3,FALSE,0.0001,3,vae-embed,1.458549153,,,,200,92.03174257
170,spatial2,100000,100,1,1,0.0001,1,10000,3,3,FALSE,0.0001,3,lmmvae,1.179929096,,0.109254703,,200,154.3223042
171,spatial2,100000,100,1,1,0.0001,1,10000,3,3,FALSE,0.0001,4,pca-ignore,1.806447405,,,,,0.799146414
172,spatial2,100000,100,1,1,0.0001,1,10000,3,3,FALSE,0.0001,4,pca-ohe,1.807895358,,,,,30.74050784
173,spatial2,100000,100,1,1,0.0001,1,10000,3,3,FALSE,0.0001,4,vae-ignore,1.47615371,,,,200,86.27686715
174,spatial2,100000,100,1,1,0.0001,1,10000,3,3,FALSE,0.0001,4,vae-embed,1.534274177,,,,200,92.7872684
175,spatial2,100000,100,1,1,0.0001,1,10000,3,3,FALSE,0.0001,4,lmmvae,1.161196657,,0.182566285,,200,157.2291408
176,spatial2,100000,100,2,1,0.0001,1,10000,3,3,FALSE,0.0001,0,pca-ignore,1.951849983,,,,,0.89400816
177,spatial2,100000,100,2,1,0.0001,1,10000,3,3,FALSE,0.0001,0,pca-ohe,1.95598938,,,,,32.94481564
178,spatial2,100000,100,2,1,0.0001,1,10000,3,3,FALSE,0.0001,0,vae-ignore,1.324352827,,,,200,86.40135074
179,spatial2,100000,100,2,1,0.0001,1,10000,3,3,FALSE,0.0001,0,vae-embed,1.705116809,,,,200,93.99008131
180,spatial2,100000,100,2,1,0.0001,1,10000,3,3,FALSE,0.0001,0,lmmvae,1.2223932,,0.055656806,,200,157.2302589
181,spatial2,100000,100,2,1,0.0001,1,10000,3,3,FALSE,0.0001,1,pca-ignore,1.791335205,,,,,0.80797863
182,spatial2,100000,100,2,1,0.0001,1,10000,3,3,FALSE,0.0001,1,pca-ohe,1.802891727,,,,,29.95424366
183,spatial2,100000,100,2,1,0.0001,1,10000,3,3,FALSE,0.0001,1,vae-ignore,1.234828768,,,,200,87.43290019
184,spatial2,100000,100,2,1,0.0001,1,10000,3,3,FALSE,0.0001,1,vae-embed,1.469944073,,,,200,95.33720469
185,spatial2,100000,100,2,1,0.0001,1,10000,3,3,FALSE,0.0001,1,lmmvae,1.212665988,,0.073701486,,200,154.6344583
186,spatial2,100000,100,2,1,0.0001,1,10000,3,3,FALSE,0.0001,2,pca-ignore,1.721027982,,,,,0.989509344
187,spatial2,100000,100,2,1,0.0001,1,10000,3,3,FALSE,0.0001,2,pca-ohe,1.724953622,,,,,31.38655829
188,spatial2,100000,100,2,1,0.0001,1,10000,3,3,FALSE,0.0001,2,vae-ignore,1.230913679,,,,200,86.81088138
189,spatial2,100000,100,2,1,0.0001,1,10000,3,3,FALSE,0.0001,2,vae-embed,1.967479307,,,,200,94.62112784
190,spatial2,100000,100,2,1,0.0001,1,10000,3,3,FALSE,0.0001,2,lmmvae,1.189720341,,0.03426858,,200,156.1431985
191,spatial2,100000,100,2,1,0.0001,1,10000,3,3,FALSE,0.0001,3,pca-ignore,1.88638923,,,,,0.774397373
192,spatial2,100000,100,2,1,0.0001,1,10000,3,3,FALSE,0.0001,3,pca-ohe,1.891843841,,,,,30.32417488
193,spatial2,100000,100,2,1,0.0001,1,10000,3,3,FALSE,0.0001,3,vae-ignore,1.211986503,,,,200,87.81317544
194,spatial2,100000,100,2,1,0.0001,1,10000,3,3,FALSE,0.0001,3,vae-embed,1.352516388,,,,200,94.41479111
195,spatial2,100000,100,2,1,0.0001,1,10000,3,3,FALSE,0.0001,3,lmmvae,1.217203955,,0.119420961,,200,154.9208467
196,spatial2,100000,100,2,1,0.0001,1,10000,3,3,FALSE,0.0001,4,pca-ignore,2.013977489,,,,,0.793710709
197,spatial2,100000,100,2,1,0.0001,1,10000,3,3,FALSE,0.0001,4,pca-ohe,2.019680855,,,,,30.45217633
198,spatial2,100000,100,2,1,0.0001,1,10000,3,3,FALSE,0.0001,4,vae-ignore,1.277694348,,,,200,86.53194571
199,spatial2,100000,100,2,1,0.0001,1,10000,3,3,FALSE,0.0001,4,vae-embed,1.388742142,,,,200,93.44860578
200,spatial2,100000,100,2,1,0.0001,1,10000,3,3,FALSE,0.0001,4,lmmvae,1.210497118,,0.078061968,,200,158.2538223
201,spatial2,100000,100,1,1,0.001,1,10000,0.3,0.3,FALSE,0.0001,0,svgpvae-10-16-2,1.857474859,,,,199,506.555006
202,spatial2,100000,100,1,1,0.001,1,10000,0.3,0.3,FALSE,0.0001,1,svgpvae-10-16-2,1.818765695,,,,199,505.1237986
203,spatial2,100000,100,1,1,0.001,1,10000,0.3,0.3,FALSE,0.0001,2,svgpvae-10-16-2,1.748825672,,,,199,498.7003496
204,spatial2,100000,100,1,1,0.001,1,10000,0.3,0.3,FALSE,0.0001,3,svgpvae-10-16-2,1.951055848,,,,199,498.1203182
205,spatial2,100000,100,1,1,0.001,1,10000,0.3,0.3,FALSE,0.0001,4,svgpvae-10-16-2,1.851421305,,,,199,497.7277079
206,spatial2,100000,100,2,1,0.001,1,10000,0.3,0.3,FALSE,0.0001,0,svgpvae-10-16-2,2.374508342,,,,199,971.9439166
207,spatial2,100000,100,2,1,0.001,1,10000,0.3,0.3,FALSE,0.0001,1,svgpvae-10-16-2,2.265352986,,,,199,945.747092
208,spatial2,100000,100,2,1,0.001,1,10000,0.3,0.3,FALSE,0.0001,2,svgpvae-10-16-2,2.318328643,,,,199,944.5485802
209,spatial2,100000,100,2,1,0.001,1,10000,0.3,0.3,FALSE,0.0001,3,svgpvae-10-16-2,2.50379939,,,,199,964.4650366
210,spatial2,100000,100,2,1,0.001,1,10000,0.3,0.3,FALSE,0.0001,4,svgpvae-10-16-2,2.345875394,,,,199,962.1598728
211,spatial2,100000,100,1,1,0.001,1,10000,0.3,3,FALSE,0.0001,0,svgpvae-10-16-2,1.537080941,,,,199,495.7130632
212,spatial2,100000,100,1,1,0.001,1,10000,0.3,3,FALSE,0.0001,1,svgpvae-10-16-2,1.592438771,,,,199,495.6589842
213,spatial2,100000,100,1,1,0.001,1,10000,0.3,3,FALSE,0.0001,2,svgpvae-10-16-2,1.491231343,,,,199,490.9974093
214,spatial2,100000,100,1,1,0.001,1,10000,0.3,3,FALSE,0.0001,3,svgpvae-10-16-2,1.659948289,,,,199,503.9828925
215,spatial2,100000,100,1,1,0.001,1,10000,0.3,3,FALSE,0.0001,4,svgpvae-10-16-2,1.508900573,,,,199,496.6825309
216,spatial2,100000,100,2,1,0.001,1,10000,0.3,3,FALSE,0.0001,0,svgpvae-10-16-2,2.106014508,,,,199,934.465977
217,spatial2,100000,100,2,1,0.001,1,10000,0.3,3,FALSE,0.0001,1,svgpvae-10-16-2,1.809554734,,,,199,953.030998
218,spatial2,100000,100,2,1,0.001,1,10000,0.3,3,FALSE,0.0001,2,svgpvae-10-16-2,2.019506302,,,,199,765.9800208
219,spatial2,100000,100,2,1,0.001,1,10000,0.3,3,FALSE,0.0001,3,svgpvae-10-16-2,1.810084582,,,,199,755.6428497
220,spatial2,100000,100,2,1,0.001,1,10000,0.3,3,FALSE,0.0001,4,svgpvae-10-16-2,2.070513691,,,,199,756.2364979
221,spatial2,100000,100,1,1,0.001,1,10000,3,0.3,FALSE,0.0001,0,svgpvae-10-16-2,7.272518534,,,,199,514.5183554
222,spatial2,100000,100,1,1,0.001,1,10000,3,0.3,FALSE,0.0001,1,svgpvae-10-16-2,7.999997034,,,,199,494.8312373
223,spatial2,100000,100,1,1,0.001,1,10000,3,0.3,FALSE,0.0001,2,svgpvae-10-16-2,6.057318278,,,,199,499.6070895
224,spatial2,100000,100,1,1,0.001,1,10000,3,0.3,FALSE,0.0001,3,svgpvae-10-16-2,5.835769807,,,,199,507.9937768
225,spatial2,100000,100,1,1,0.001,1,10000,3,0.3,FALSE,0.0001,4,svgpvae-10-16-2,7.520216823,,,,199,503.1361544
226,spatial2,100000,100,2,1,0.001,1,10000,3,0.3,FALSE,0.0001,0,svgpvae-10-16-2,8.8798102,,,,199,950.9565222
227,spatial2,100000,100,2,1,0.001,1,10000,3,0.3,FALSE,0.0001,1,svgpvae-10-16-2,,,,,199,968.6393633
228,spatial2,100000,100,2,1,0.001,1,10000,3,0.3,FALSE,0.0001,2,svgpvae-10-16-2,35.20703215,,,,199,960.441761
229,spatial2,100000,100,2,1,0.001,1,10000,3,0.3,FALSE,0.0001,3,svgpvae-10-16-2,34.70610626,,,,199,955.9451246
230,spatial2,100000,100,2,1,0.001,1,10000,3,0.3,FALSE,0.0001,4,svgpvae-10-16-2,34.05817271,,,,199,978.6309986
231,spatial2,100000,100,1,1,0.001,1,10000,3,3,FALSE,0.0001,0,svgpvae-10-16-2,2.674083475,,,,199,499.47347
232,spatial2,100000,100,1,1,0.001,1,10000,3,3,FALSE,0.0001,1,svgpvae-10-16-2,2.509836143,,,,199,488.1012647
233,spatial2,100000,100,1,1,0.001,1,10000,3,3,FALSE,0.0001,2,svgpvae-10-16-2,2.309581587,,,,199,497.6652086
234,spatial2,100000,100,1,1,0.001,1,10000,3,3,FALSE,0.0001,3,svgpvae-10-16-2,2.564547457,,,,199,492.6530395
235,spatial2,100000,100,1,1,0.001,1,10000,3,3,FALSE,0.0001,4,svgpvae-10-16-2,2.840894695,,,,199,489.8769021
236,spatial2,100000,100,2,1,0.001,1,10000,3,3,FALSE,0.0001,0,svgpvae-10-16-2,18.18915883,,,,199,926.7214773
237,spatial2,100000,100,2,1,0.001,1,10000,3,3,FALSE,0.0001,1,svgpvae-10-16-2,3.409356257,,,,199,742.3457143
238,spatial2,100000,100,2,1,0.001,1,10000,3,3,FALSE,0.0001,2,svgpvae-10-16-2,,,,,199,739.3503001
239,spatial2,100000,100,2,1,0.001,1,10000,3,3,FALSE,0.0001,3,svgpvae-10-16-2,8.512293123,,,,199,737.9959042
240,spatial2,100000,100,2,1,0.001,1,10000,3,3,FALSE,0.0001,4,svgpvae-10-16-2,2.956585471,,,,199,736.8533735
