,mode,N,p,d,sig2e,beta,re_prior,q0,q1,q2,sig2b0,sig2b1,sig2b2,sig2bs_identical,thresh,experiment,exp_type,mse_X,sig2e_est,sig2b_est0,sig2b_est1,sig2b_est2,n_epochs,time
1,categorical,100000,100,1,1.0,0.001,1.0,1000,3000,5000,0.3,0.3,0.3,False,0.0001,0,pca-ignore,2.395378946971167,,,,,,0.4483506679534912
2,categorical,100000,100,1,1.0,0.001,1.0,1000,3000,5000,0.3,0.3,0.3,False,0.0001,0,pca-ohe,2.397690017718548,,,,,,31.19796395301819
3,categorical,100000,100,1,1.0,0.001,1.0,1000,3000,5000,0.3,0.3,0.3,False,0.0001,0,vae-ignore,2.159126913259813,,,,,200,65.01026153564453
4,categorical,100000,100,1,1.0,0.001,1.0,1000,3000,5000,0.3,0.3,0.3,False,0.0001,0,vae-ohe,2.2424102097231966,,,,,200,464.8359258174896
5,categorical,100000,100,1,1.0,0.001,1.0,1000,3000,5000,0.3,0.3,0.3,False,0.0001,0,vae-embed,2.2228775349344416,,,,,200,84.16198492050171
6,categorical,100000,100,1,1.0,0.001,1.0,1000,3000,5000,0.3,0.3,0.3,False,0.0001,0,lmmvae,1.4294926952900817,,0.0040983036160469055,0.12867867946624756,0.4177262783050537,200,114.13483762741089
7,categorical,100000,100,1,1.0,0.001,1.0,1000,3000,5000,0.3,0.3,0.3,False,0.0001,1,pca-ignore,2.3020852653848425,,,,,,0.4149775505065918
8,categorical,100000,100,1,1.0,0.001,1.0,1000,3000,5000,0.3,0.3,0.3,False,0.0001,1,pca-ohe,2.305067412336494,,,,,,30.067403316497803
9,categorical,100000,100,1,1.0,0.001,1.0,1000,3000,5000,0.3,0.3,0.3,False,0.0001,1,vae-ignore,2.119789309039615,,,,,200,56.887280225753784
10,categorical,100000,100,1,1.0,0.001,1.0,1000,3000,5000,0.3,0.3,0.3,False,0.0001,1,vae-ohe,2.1888602330592564,,,,,200,454.5580780506134
11,categorical,100000,100,1,1.0,0.001,1.0,1000,3000,5000,0.3,0.3,0.3,False,0.0001,1,vae-embed,2.1423441332874473,,,,,200,83.83817625045776
12,categorical,100000,100,1,1.0,0.001,1.0,1000,3000,5000,0.3,0.3,0.3,False,0.0001,1,lmmvae,1.5951691144969238,,0.003851695917546749,0.11908762902021408,0.43176156282424927,200,112.79151058197021
13,categorical,100000,100,1,1.0,0.001,1.0,1000,3000,5000,0.3,0.3,0.3,False,0.0001,2,pca-ignore,2.4972031607828677,,,,,,0.4261012077331543
14,categorical,100000,100,1,1.0,0.001,1.0,1000,3000,5000,0.3,0.3,0.3,False,0.0001,2,pca-ohe,2.499499186186415,,,,,,28.300699710845947
15,categorical,100000,100,1,1.0,0.001,1.0,1000,3000,5000,0.3,0.3,0.3,False,0.0001,2,vae-ignore,2.2141535734312376,,,,,200,57.1277129650116
16,categorical,100000,100,1,1.0,0.001,1.0,1000,3000,5000,0.3,0.3,0.3,False,0.0001,2,vae-ohe,2.2633589443258137,,,,,200,458.34757471084595
17,categorical,100000,100,1,1.0,0.001,1.0,1000,3000,5000,0.3,0.3,0.3,False,0.0001,2,vae-embed,2.206021934046833,,,,,200,83.78797674179077
18,categorical,100000,100,1,1.0,0.001,1.0,1000,3000,5000,0.3,0.3,0.3,False,0.0001,2,lmmvae,1.3442365727463854,,0.0038939928635954857,0.1229529157280922,0.42724817991256714,200,113.64457321166992
19,categorical,100000,100,1,1.0,0.001,1.0,1000,3000,5000,0.3,0.3,0.3,False,0.0001,3,pca-ignore,2.298059393258456,,,,,,0.4130239486694336
20,categorical,100000,100,1,1.0,0.001,1.0,1000,3000,5000,0.3,0.3,0.3,False,0.0001,3,pca-ohe,2.301525577069387,,,,,,28.44735884666443
21,categorical,100000,100,1,1.0,0.001,1.0,1000,3000,5000,0.3,0.3,0.3,False,0.0001,3,vae-ignore,2.249878429743174,,,,,200,57.013638734817505
22,categorical,100000,100,1,1.0,0.001,1.0,1000,3000,5000,0.3,0.3,0.3,False,0.0001,3,vae-ohe,2.239105773935244,,,,,200,443.23267674446106
23,categorical,100000,100,1,1.0,0.001,1.0,1000,3000,5000,0.3,0.3,0.3,False,0.0001,3,vae-embed,2.148100774982362,,,,,200,84.12885093688965
24,categorical,100000,100,1,1.0,0.001,1.0,1000,3000,5000,0.3,0.3,0.3,False,0.0001,3,lmmvae,1.321179759174281,,0.003920572344213724,0.12280730903148651,0.41665393114089966,200,113.00651216506958
25,categorical,100000,100,1,1.0,0.001,1.0,1000,3000,5000,0.3,0.3,0.3,False,0.0001,4,pca-ignore,2.367823321319351,,,,,,0.4198770523071289
26,categorical,100000,100,1,1.0,0.001,1.0,1000,3000,5000,0.3,0.3,0.3,False,0.0001,4,pca-ohe,2.371628142813644,,,,,,28.451399326324463
27,categorical,100000,100,1,1.0,0.001,1.0,1000,3000,5000,0.3,0.3,0.3,False,0.0001,4,vae-ignore,2.198239829142314,,,,,200,57.24015235900879
28,categorical,100000,100,1,1.0,0.001,1.0,1000,3000,5000,0.3,0.3,0.3,False,0.0001,4,vae-ohe,2.2671751927300425,,,,,200,459.07590222358704
29,categorical,100000,100,1,1.0,0.001,1.0,1000,3000,5000,0.3,0.3,0.3,False,0.0001,4,vae-embed,2.1996007975480647,,,,,200,84.41779947280884
30,categorical,100000,100,1,1.0,0.001,1.0,1000,3000,5000,0.3,0.3,0.3,False,0.0001,4,lmmvae,1.366239025972214,,0.004164135083556175,0.12888246774673462,0.4212665259838104,200,113.72804641723633
31,categorical,100000,100,2,1.0,0.001,1.0,1000,3000,5000,0.3,0.3,0.3,False,0.0001,0,pca-ignore,2.487520296288476,,,,,,0.46904563903808594
32,categorical,100000,100,2,1.0,0.001,1.0,1000,3000,5000,0.3,0.3,0.3,False,0.0001,0,pca-ohe,2.504086946780397,,,,,,30.852452516555786
33,categorical,100000,100,2,1.0,0.001,1.0,1000,3000,5000,0.3,0.3,0.3,False,0.0001,0,vae-ignore,2.187927704061347,,,,,200,57.19524621963501
34,categorical,100000,100,2,1.0,0.001,1.0,1000,3000,5000,0.3,0.3,0.3,False,0.0001,0,vae-ohe,2.29766544992338,,,,,200,458.471360206604
35,categorical,100000,100,2,1.0,0.001,1.0,1000,3000,5000,0.3,0.3,0.3,False,0.0001,0,vae-embed,2.173418326471886,,,,,200,84.67765498161316
36,categorical,100000,100,2,1.0,0.001,1.0,1000,3000,5000,0.3,0.3,0.3,False,0.0001,0,lmmvae,1.4914788971000217,,0.0038165035657584667,0.1274218112230301,0.42105579376220703,200,118.19935774803162
37,categorical,100000,100,2,1.0,0.001,1.0,1000,3000,5000,0.3,0.3,0.3,False,0.0001,1,pca-ignore,2.6357666330800833,,,,,,0.4648168087005615
38,categorical,100000,100,2,1.0,0.001,1.0,1000,3000,5000,0.3,0.3,0.3,False,0.0001,1,pca-ohe,2.649248667982945,,,,,,31.011722087860107
39,categorical,100000,100,2,1.0,0.001,1.0,1000,3000,5000,0.3,0.3,0.3,False,0.0001,1,vae-ignore,2.1938354966182567,,,,,200,57.368582248687744
40,categorical,100000,100,2,1.0,0.001,1.0,1000,3000,5000,0.3,0.3,0.3,False,0.0001,1,vae-ohe,2.378562278572228,,,,,200,457.45651030540466
41,categorical,100000,100,2,1.0,0.001,1.0,1000,3000,5000,0.3,0.3,0.3,False,0.0001,1,vae-embed,2.2439942589172825,,,,,200,84.45245575904846
42,categorical,100000,100,2,1.0,0.001,1.0,1000,3000,5000,0.3,0.3,0.3,False,0.0001,1,lmmvae,1.5102344339276015,,0.003952506929636002,0.12303611636161804,0.43012797832489014,200,113.31656265258789
43,categorical,100000,100,2,1.0,0.001,1.0,1000,3000,5000,0.3,0.3,0.3,False,0.0001,2,pca-ignore,2.6038317715951247,,,,,,0.4776592254638672
44,categorical,100000,100,2,1.0,0.001,1.0,1000,3000,5000,0.3,0.3,0.3,False,0.0001,2,pca-ohe,2.6213447554006537,,,,,,30.93547821044922
45,categorical,100000,100,2,1.0,0.001,1.0,1000,3000,5000,0.3,0.3,0.3,False,0.0001,2,vae-ignore,2.220398056974726,,,,,200,57.12458634376526
46,categorical,100000,100,2,1.0,0.001,1.0,1000,3000,5000,0.3,0.3,0.3,False,0.0001,2,vae-ohe,2.3247731091802457,,,,,200,457.4092285633087
47,categorical,100000,100,2,1.0,0.001,1.0,1000,3000,5000,0.3,0.3,0.3,False,0.0001,2,vae-embed,2.2301925606460635,,,,,200,84.40539503097534
48,categorical,100000,100,2,1.0,0.001,1.0,1000,3000,5000,0.3,0.3,0.3,False,0.0001,2,lmmvae,1.5682809731622547,,0.0036991024389863014,0.12146663665771484,0.4222826063632965,200,113.0160801410675
49,categorical,100000,100,2,1.0,0.001,1.0,1000,3000,5000,0.3,0.3,0.3,False,0.0001,3,pca-ignore,2.476838094503977,,,,,,0.49045562744140625
50,categorical,100000,100,2,1.0,0.001,1.0,1000,3000,5000,0.3,0.3,0.3,False,0.0001,3,pca-ohe,2.4868456607253244,,,,,,31.030474185943604
51,categorical,100000,100,2,1.0,0.001,1.0,1000,3000,5000,0.3,0.3,0.3,False,0.0001,3,vae-ignore,2.2000777650502603,,,,,200,57.339659690856934
52,categorical,100000,100,2,1.0,0.001,1.0,1000,3000,5000,0.3,0.3,0.3,False,0.0001,3,vae-ohe,2.3068106343346515,,,,,200,441.9247496128082
53,categorical,100000,100,2,1.0,0.001,1.0,1000,3000,5000,0.3,0.3,0.3,False,0.0001,3,vae-embed,2.2302488892227585,,,,,200,84.88209629058838
54,categorical,100000,100,2,1.0,0.001,1.0,1000,3000,5000,0.3,0.3,0.3,False,0.0001,3,lmmvae,1.5731957356787014,,0.003912047017365694,0.1259157359600067,0.4340691864490509,200,112.72512722015381
55,categorical,100000,100,2,1.0,0.001,1.0,1000,3000,5000,0.3,0.3,0.3,False,0.0001,4,pca-ignore,2.5139154607641303,,,,,,0.4828619956970215
56,categorical,100000,100,2,1.0,0.001,1.0,1000,3000,5000,0.3,0.3,0.3,False,0.0001,4,pca-ohe,2.5281186516383216,,,,,,30.9787814617157
57,categorical,100000,100,2,1.0,0.001,1.0,1000,3000,5000,0.3,0.3,0.3,False,0.0001,4,vae-ignore,2.192465405905131,,,,,200,57.434975147247314
58,categorical,100000,100,2,1.0,0.001,1.0,1000,3000,5000,0.3,0.3,0.3,False,0.0001,4,vae-ohe,2.298219552402663,,,,,200,457.64274072647095
59,categorical,100000,100,2,1.0,0.001,1.0,1000,3000,5000,0.3,0.3,0.3,False,0.0001,4,vae-embed,2.2258651203530335,,,,,200,86.09261322021484
60,categorical,100000,100,2,1.0,0.001,1.0,1000,3000,5000,0.3,0.3,0.3,False,0.0001,4,lmmvae,1.4928089072290391,,0.004003219772130251,0.12638631463050842,0.4336029887199402,200,119.57560324668884
61,categorical,100000,100,1,1.0,0.001,1.0,1000,3000,5000,0.3,0.3,3.0,False,0.0001,0,pca-ignore,5.715393924601177,,,,,,0.4398038387298584
62,categorical,100000,100,1,1.0,0.001,1.0,1000,3000,5000,0.3,0.3,3.0,False,0.0001,0,pca-ohe,5.744940236115362,,,,,,28.606017112731934
63,categorical,100000,100,1,1.0,0.001,1.0,1000,3000,5000,0.3,0.3,3.0,False,0.0001,0,vae-ignore,5.446925157035904,,,,,200,57.955159187316895
64,categorical,100000,100,1,1.0,0.001,1.0,1000,3000,5000,0.3,0.3,3.0,False,0.0001,0,vae-ohe,5.525811173856031,,,,,200,443.24396657943726
65,categorical,100000,100,1,1.0,0.001,1.0,1000,3000,5000,0.3,0.3,3.0,False,0.0001,0,vae-embed,5.467266151791043,,,,,200,84.84502506256104
66,categorical,100000,100,1,1.0,0.001,1.0,1000,3000,5000,0.3,0.3,3.0,False,0.0001,0,lmmvae,1.9110058846934372,,0.0056059705093503,0.21683159470558167,2.102060317993164,200,115.2656307220459
67,categorical,100000,100,1,1.0,0.001,1.0,1000,3000,5000,0.3,0.3,3.0,False,0.0001,1,pca-ignore,5.9581458679322825,,,,,,0.440338134765625
68,categorical,100000,100,1,1.0,0.001,1.0,1000,3000,5000,0.3,0.3,3.0,False,0.0001,1,pca-ohe,6.019407668477573,,,,,,28.383496284484863
69,categorical,100000,100,1,1.0,0.001,1.0,1000,3000,5000,0.3,0.3,3.0,False,0.0001,1,vae-ignore,5.736817064386115,,,,,200,57.777634143829346
70,categorical,100000,100,1,1.0,0.001,1.0,1000,3000,5000,0.3,0.3,3.0,False,0.0001,1,vae-ohe,5.8234489729444965,,,,,200,443.4959948062897
71,categorical,100000,100,1,1.0,0.001,1.0,1000,3000,5000,0.3,0.3,3.0,False,0.0001,1,vae-embed,5.743362962498987,,,,,200,85.40519332885742
72,categorical,100000,100,1,1.0,0.001,1.0,1000,3000,5000,0.3,0.3,3.0,False,0.0001,1,lmmvae,1.773224230984817,,0.005760049447417259,0.21768292784690857,2.281865119934082,200,115.9521815776825
73,categorical,100000,100,1,1.0,0.001,1.0,1000,3000,5000,0.3,0.3,3.0,False,0.0001,2,pca-ignore,5.949706720416674,,,,,,0.42673254013061523
74,categorical,100000,100,1,1.0,0.001,1.0,1000,3000,5000,0.3,0.3,3.0,False,0.0001,2,pca-ohe,5.97154239678434,,,,,,28.40368390083313
75,categorical,100000,100,1,1.0,0.001,1.0,1000,3000,5000,0.3,0.3,3.0,False,0.0001,2,vae-ignore,5.7306031006157,,,,,200,57.75649809837341
76,categorical,100000,100,1,1.0,0.001,1.0,1000,3000,5000,0.3,0.3,3.0,False,0.0001,2,vae-ohe,5.8031320562978355,,,,,200,459.02654695510864
77,categorical,100000,100,1,1.0,0.001,1.0,1000,3000,5000,0.3,0.3,3.0,False,0.0001,2,vae-embed,5.726874911615438,,,,,200,85.24514031410217
78,categorical,100000,100,1,1.0,0.001,1.0,1000,3000,5000,0.3,0.3,3.0,False,0.0001,2,lmmvae,1.875779955568415,,0.005546852480620146,0.2260807454586029,2.2436537742614746,200,115.06808757781982
79,categorical,100000,100,1,1.0,0.001,1.0,1000,3000,5000,0.3,0.3,3.0,False,0.0001,3,pca-ignore,5.781418769045575,,,,,,0.44557952880859375
80,categorical,100000,100,1,1.0,0.001,1.0,1000,3000,5000,0.3,0.3,3.0,False,0.0001,3,pca-ohe,5.822649916320778,,,,,,28.382022857666016
81,categorical,100000,100,1,1.0,0.001,1.0,1000,3000,5000,0.3,0.3,3.0,False,0.0001,3,vae-ignore,5.6630738250609065,,,,,200,57.507542848587036
82,categorical,100000,100,1,1.0,0.001,1.0,1000,3000,5000,0.3,0.3,3.0,False,0.0001,3,vae-ohe,5.703721728406465,,,,,200,445.46760654449463
83,categorical,100000,100,1,1.0,0.001,1.0,1000,3000,5000,0.3,0.3,3.0,False,0.0001,3,vae-embed,5.636663064951558,,,,,200,85.13167428970337
84,categorical,100000,100,1,1.0,0.001,1.0,1000,3000,5000,0.3,0.3,3.0,False,0.0001,3,lmmvae,1.708709182171675,,0.005594704765826464,0.2115624099969864,2.2472877502441406,200,115.41576266288757
85,categorical,100000,100,1,1.0,0.001,1.0,1000,3000,5000,0.3,0.3,3.0,False,0.0001,4,pca-ignore,5.9261279498999135,,,,,,0.4399137496948242
86,categorical,100000,100,1,1.0,0.001,1.0,1000,3000,5000,0.3,0.3,3.0,False,0.0001,4,pca-ohe,5.9628917511117185,,,,,,28.50927734375
87,categorical,100000,100,1,1.0,0.001,1.0,1000,3000,5000,0.3,0.3,3.0,False,0.0001,4,vae-ignore,5.675758737603791,,,,,200,57.505666732788086
88,categorical,100000,100,1,1.0,0.001,1.0,1000,3000,5000,0.3,0.3,3.0,False,0.0001,4,vae-ohe,5.7219960508855445,,,,,200,459.62203001976013
89,categorical,100000,100,1,1.0,0.001,1.0,1000,3000,5000,0.3,0.3,3.0,False,0.0001,4,vae-embed,5.701329768361244,,,,,200,85.43532085418701
90,categorical,100000,100,1,1.0,0.001,1.0,1000,3000,5000,0.3,0.3,3.0,False,0.0001,4,lmmvae,1.703932705838828,,0.005522041115909815,0.21707046031951904,2.2105698585510254,200,113.77439641952515
91,categorical,100000,100,2,1.0,0.001,1.0,1000,3000,5000,0.3,0.3,3.0,False,0.0001,0,pca-ignore,6.021062295642372,,,,,,0.4908010959625244
92,categorical,100000,100,2,1.0,0.001,1.0,1000,3000,5000,0.3,0.3,3.0,False,0.0001,0,pca-ohe,6.120058178161738,,,,,,31.107547283172607
93,categorical,100000,100,2,1.0,0.001,1.0,1000,3000,5000,0.3,0.3,3.0,False,0.0001,0,vae-ignore,5.680517444423236,,,,,200,57.66531324386597
94,categorical,100000,100,2,1.0,0.001,1.0,1000,3000,5000,0.3,0.3,3.0,False,0.0001,0,vae-ohe,5.795329316500887,,,,,200,447.7671344280243
95,categorical,100000,100,2,1.0,0.001,1.0,1000,3000,5000,0.3,0.3,3.0,False,0.0001,0,vae-embed,5.7906687532008725,,,,,200,85.39163780212402
96,categorical,100000,100,2,1.0,0.001,1.0,1000,3000,5000,0.3,0.3,3.0,False,0.0001,0,lmmvae,1.8712160472299237,,0.005066008772701025,0.21874625980854034,2.2106270790100098,200,116.23581552505493
97,categorical,100000,100,2,1.0,0.001,1.0,1000,3000,5000,0.3,0.3,3.0,False,0.0001,1,pca-ignore,6.067601933590043,,,,,,0.49811792373657227
98,categorical,100000,100,2,1.0,0.001,1.0,1000,3000,5000,0.3,0.3,3.0,False,0.0001,1,pca-ohe,6.17523916716978,,,,,,31.080079555511475
99,categorical,100000,100,2,1.0,0.001,1.0,1000,3000,5000,0.3,0.3,3.0,False,0.0001,1,vae-ignore,5.7709028319083515,,,,,200,57.995869159698486
100,categorical,100000,100,2,1.0,0.001,1.0,1000,3000,5000,0.3,0.3,3.0,False,0.0001,1,vae-ohe,5.913981557649123,,,,,200,444.72512698173523
101,categorical,100000,100,2,1.0,0.001,1.0,1000,3000,5000,0.3,0.3,3.0,False,0.0001,1,vae-embed,5.771367748777409,,,,,200,84.91903114318848
102,categorical,100000,100,2,1.0,0.001,1.0,1000,3000,5000,0.3,0.3,3.0,False,0.0001,1,lmmvae,1.8515380346333103,,0.005563471466302872,0.223827064037323,2.2739806175231934,200,112.97459316253662
103,categorical,100000,100,2,1.0,0.001,1.0,1000,3000,5000,0.3,0.3,3.0,False,0.0001,2,pca-ignore,6.178042714840163,,,,,,0.48384571075439453
104,categorical,100000,100,2,1.0,0.001,1.0,1000,3000,5000,0.3,0.3,3.0,False,0.0001,2,pca-ohe,6.267222757121206,,,,,,31.023706674575806
105,categorical,100000,100,2,1.0,0.001,1.0,1000,3000,5000,0.3,0.3,3.0,False,0.0001,2,vae-ignore,5.816483892545025,,,,,200,57.20576310157776
106,categorical,100000,100,2,1.0,0.001,1.0,1000,3000,5000,0.3,0.3,3.0,False,0.0001,2,vae-ohe,5.940435730349629,,,,,200,458.1212112903595
107,categorical,100000,100,2,1.0,0.001,1.0,1000,3000,5000,0.3,0.3,3.0,False,0.0001,2,vae-embed,5.919470864459638,,,,,200,85.17580366134644
108,categorical,100000,100,2,1.0,0.001,1.0,1000,3000,5000,0.3,0.3,3.0,False,0.0001,2,lmmvae,1.7672706880223819,,0.006298173684626818,0.23338571190834045,2.263124465942383,200,113.79814672470093
109,categorical,100000,100,2,1.0,0.001,1.0,1000,3000,5000,0.3,0.3,3.0,False,0.0001,3,pca-ignore,5.991823595495657,,,,,,0.4877595901489258
110,categorical,100000,100,2,1.0,0.001,1.0,1000,3000,5000,0.3,0.3,3.0,False,0.0001,3,pca-ohe,6.072043810257593,,,,,,31.106066703796387
111,categorical,100000,100,2,1.0,0.001,1.0,1000,3000,5000,0.3,0.3,3.0,False,0.0001,3,vae-ignore,5.648853483402185,,,,,200,57.81841468811035
112,categorical,100000,100,2,1.0,0.001,1.0,1000,3000,5000,0.3,0.3,3.0,False,0.0001,3,vae-ohe,5.771212318197397,,,,,200,457.42756509780884
113,categorical,100000,100,2,1.0,0.001,1.0,1000,3000,5000,0.3,0.3,3.0,False,0.0001,3,vae-embed,5.851353963659819,,,,,200,85.33373737335205
114,categorical,100000,100,2,1.0,0.001,1.0,1000,3000,5000,0.3,0.3,3.0,False,0.0001,3,lmmvae,1.9126770403735858,,0.005468064919114113,0.21623115241527557,2.2189207077026367,200,119.80896639823914
115,categorical,100000,100,2,1.0,0.001,1.0,1000,3000,5000,0.3,0.3,3.0,False,0.0001,4,pca-ignore,6.083067938044021,,,,,,0.4946258068084717
116,categorical,100000,100,2,1.0,0.001,1.0,1000,3000,5000,0.3,0.3,3.0,False,0.0001,4,pca-ohe,6.177839256584198,,,,,,30.982752323150635
117,categorical,100000,100,2,1.0,0.001,1.0,1000,3000,5000,0.3,0.3,3.0,False,0.0001,4,vae-ignore,5.695456863852417,,,,,200,57.93524122238159
118,categorical,100000,100,2,1.0,0.001,1.0,1000,3000,5000,0.3,0.3,3.0,False,0.0001,4,vae-ohe,5.876589213962559,,,,,200,458.03767228126526
119,categorical,100000,100,2,1.0,0.001,1.0,1000,3000,5000,0.3,0.3,3.0,False,0.0001,4,vae-embed,5.770298002453319,,,,,200,85.17168807983398
120,categorical,100000,100,2,1.0,0.001,1.0,1000,3000,5000,0.3,0.3,3.0,False,0.0001,4,lmmvae,1.7867916798998158,,0.005596050526946783,0.20905761420726776,2.2616379261016846,200,118.62951612472534
121,categorical,100000,100,1,1.0,0.001,1.0,1000,3000,5000,0.3,3.0,0.3,False,0.0001,0,pca-ignore,5.857040060490467,,,,,,0.4546318054199219
122,categorical,100000,100,1,1.0,0.001,1.0,1000,3000,5000,0.3,3.0,0.3,False,0.0001,0,pca-ohe,5.892561297077354,,,,,,28.633750200271606
123,categorical,100000,100,1,1.0,0.001,1.0,1000,3000,5000,0.3,3.0,0.3,False,0.0001,0,vae-ignore,5.60245980784735,,,,,200,57.75213432312012
124,categorical,100000,100,1,1.0,0.001,1.0,1000,3000,5000,0.3,3.0,0.3,False,0.0001,0,vae-ohe,5.7424664591999655,,,,,200,459.5481972694397
125,categorical,100000,100,1,1.0,0.001,1.0,1000,3000,5000,0.3,3.0,0.3,False,0.0001,0,vae-embed,5.637882443101299,,,,,200,85.06257963180542
126,categorical,100000,100,1,1.0,0.001,1.0,1000,3000,5000,0.3,3.0,0.3,False,0.0001,0,lmmvae,1.708272034824325,,0.008134319446980953,1.0359019041061401,0.8816046118736267,200,115.55057668685913
127,categorical,100000,100,1,1.0,0.001,1.0,1000,3000,5000,0.3,3.0,0.3,False,0.0001,1,pca-ignore,6.19281089303161,,,,,,0.4298257827758789
128,categorical,100000,100,1,1.0,0.001,1.0,1000,3000,5000,0.3,3.0,0.3,False,0.0001,1,pca-ohe,6.220106572094775,,,,,,28.734283447265625
129,categorical,100000,100,1,1.0,0.001,1.0,1000,3000,5000,0.3,3.0,0.3,False,0.0001,1,vae-ignore,6.013012149534369,,,,,200,57.55040621757507
130,categorical,100000,100,1,1.0,0.001,1.0,1000,3000,5000,0.3,3.0,0.3,False,0.0001,1,vae-ohe,6.073285668921496,,,,,200,461.1981682777405
131,categorical,100000,100,1,1.0,0.001,1.0,1000,3000,5000,0.3,3.0,0.3,False,0.0001,1,vae-embed,6.032146476776296,,,,,200,85.02491116523743
132,categorical,100000,100,1,1.0,0.001,1.0,1000,3000,5000,0.3,3.0,0.3,False,0.0001,1,lmmvae,1.9158076456548088,,0.008075202815234661,1.18223237991333,0.9275112748146057,200,114.88643550872803
133,categorical,100000,100,1,1.0,0.001,1.0,1000,3000,5000,0.3,3.0,0.3,False,0.0001,2,pca-ignore,5.673495339531195,,,,,,0.42450571060180664
134,categorical,100000,100,1,1.0,0.001,1.0,1000,3000,5000,0.3,3.0,0.3,False,0.0001,2,pca-ohe,5.697348412037857,,,,,,29.24511957168579
135,categorical,100000,100,1,1.0,0.001,1.0,1000,3000,5000,0.3,3.0,0.3,False,0.0001,2,vae-ignore,5.502599281286582,,,,,200,57.92681670188904
136,categorical,100000,100,1,1.0,0.001,1.0,1000,3000,5000,0.3,3.0,0.3,False,0.0001,2,vae-ohe,5.591049347628634,,,,,200,461.2659366130829
137,categorical,100000,100,1,1.0,0.001,1.0,1000,3000,5000,0.3,3.0,0.3,False,0.0001,2,vae-embed,5.519034691108562,,,,,200,84.99333047866821
138,categorical,100000,100,1,1.0,0.001,1.0,1000,3000,5000,0.3,3.0,0.3,False,0.0001,2,lmmvae,1.5986070318085404,,0.007947701960802078,1.018918514251709,0.8525853753089905,200,114.92521572113037
139,categorical,100000,100,1,1.0,0.001,1.0,1000,3000,5000,0.3,3.0,0.3,False,0.0001,3,pca-ignore,6.1538585042054095,,,,,,0.4336721897125244
140,categorical,100000,100,1,1.0,0.001,1.0,1000,3000,5000,0.3,3.0,0.3,False,0.0001,3,pca-ohe,6.195128566184228,,,,,,28.656542539596558
141,categorical,100000,100,1,1.0,0.001,1.0,1000,3000,5000,0.3,3.0,0.3,False,0.0001,3,vae-ignore,5.935025935015583,,,,,200,57.35958003997803
142,categorical,100000,100,1,1.0,0.001,1.0,1000,3000,5000,0.3,3.0,0.3,False,0.0001,3,vae-ohe,5.934426126964971,,,,,200,457.73393654823303
143,categorical,100000,100,1,1.0,0.001,1.0,1000,3000,5000,0.3,3.0,0.3,False,0.0001,3,vae-embed,5.87500514857743,,,,,200,84.99783372879028
144,categorical,100000,100,1,1.0,0.001,1.0,1000,3000,5000,0.3,3.0,0.3,False,0.0001,3,lmmvae,1.9388913884137187,,0.007966283708810806,1.141082525253296,0.9192919731140137,200,115.43192768096924
145,categorical,100000,100,1,1.0,0.001,1.0,1000,3000,5000,0.3,3.0,0.3,False,0.0001,4,pca-ignore,5.910957374240631,,,,,,0.42786264419555664
146,categorical,100000,100,1,1.0,0.001,1.0,1000,3000,5000,0.3,3.0,0.3,False,0.0001,4,pca-ohe,5.946322000576541,,,,,,28.57490301132202
147,categorical,100000,100,1,1.0,0.001,1.0,1000,3000,5000,0.3,3.0,0.3,False,0.0001,4,vae-ignore,5.718703100646775,,,,,200,57.97932958602905
148,categorical,100000,100,1,1.0,0.001,1.0,1000,3000,5000,0.3,3.0,0.3,False,0.0001,4,vae-ohe,5.817430464475901,,,,,200,458.71155285835266
149,categorical,100000,100,1,1.0,0.001,1.0,1000,3000,5000,0.3,3.0,0.3,False,0.0001,4,vae-embed,5.764305931371004,,,,,200,85.1166741847992
150,categorical,100000,100,1,1.0,0.001,1.0,1000,3000,5000,0.3,3.0,0.3,False,0.0001,4,lmmvae,1.8643385526774259,,0.007816823199391365,1.0942168235778809,0.8911025524139404,200,116.34422469139099
151,categorical,100000,100,2,1.0,0.001,1.0,1000,3000,5000,0.3,3.0,0.3,False,0.0001,0,pca-ignore,6.0861949581182015,,,,,,0.48016786575317383
152,categorical,100000,100,2,1.0,0.001,1.0,1000,3000,5000,0.3,3.0,0.3,False,0.0001,0,pca-ohe,6.165500256822473,,,,,,31.018698930740356
153,categorical,100000,100,2,1.0,0.001,1.0,1000,3000,5000,0.3,3.0,0.3,False,0.0001,0,vae-ignore,5.86816462501682,,,,,200,57.42559814453125
154,categorical,100000,100,2,1.0,0.001,1.0,1000,3000,5000,0.3,3.0,0.3,False,0.0001,0,vae-ohe,5.891036931944617,,,,,200,460.70893478393555
155,categorical,100000,100,2,1.0,0.001,1.0,1000,3000,5000,0.3,3.0,0.3,False,0.0001,0,vae-embed,5.783540841190631,,,,,200,85.12685942649841
156,categorical,100000,100,2,1.0,0.001,1.0,1000,3000,5000,0.3,3.0,0.3,False,0.0001,0,lmmvae,1.885634922306003,,0.007521382067352533,1.0797145366668701,0.8838207721710205,200,114.36386775970459
157,categorical,100000,100,2,1.0,0.001,1.0,1000,3000,5000,0.3,3.0,0.3,False,0.0001,1,pca-ignore,5.951854008323251,,,,,,0.48416757583618164
158,categorical,100000,100,2,1.0,0.001,1.0,1000,3000,5000,0.3,3.0,0.3,False,0.0001,1,pca-ohe,6.046621050165579,,,,,,31.1411292552948
159,categorical,100000,100,2,1.0,0.001,1.0,1000,3000,5000,0.3,3.0,0.3,False,0.0001,1,vae-ignore,5.604690846341516,,,,,200,57.3913733959198
160,categorical,100000,100,2,1.0,0.001,1.0,1000,3000,5000,0.3,3.0,0.3,False,0.0001,1,vae-ohe,5.731620256461882,,,,,200,457.29866337776184
161,categorical,100000,100,2,1.0,0.001,1.0,1000,3000,5000,0.3,3.0,0.3,False,0.0001,1,vae-embed,5.659339347302258,,,,,200,85.22344446182251
162,categorical,100000,100,2,1.0,0.001,1.0,1000,3000,5000,0.3,3.0,0.3,False,0.0001,1,lmmvae,1.924744820452259,,0.008724503219127655,1.0292495489120483,0.8435018658638,200,114.07341074943542
163,categorical,100000,100,2,1.0,0.001,1.0,1000,3000,5000,0.3,3.0,0.3,False,0.0001,2,pca-ignore,5.922402432685098,,,,,,0.46100783348083496
164,categorical,100000,100,2,1.0,0.001,1.0,1000,3000,5000,0.3,3.0,0.3,False,0.0001,2,pca-ohe,6.009477041034746,,,,,,30.961089372634888
165,categorical,100000,100,2,1.0,0.001,1.0,1000,3000,5000,0.3,3.0,0.3,False,0.0001,2,vae-ignore,5.477248242853899,,,,,200,57.68140125274658
166,categorical,100000,100,2,1.0,0.001,1.0,1000,3000,5000,0.3,3.0,0.3,False,0.0001,2,vae-ohe,5.652157433851419,,,,,200,442.35420632362366
167,categorical,100000,100,2,1.0,0.001,1.0,1000,3000,5000,0.3,3.0,0.3,False,0.0001,2,vae-embed,5.581191685339103,,,,,200,84.8974552154541
168,categorical,100000,100,2,1.0,0.001,1.0,1000,3000,5000,0.3,3.0,0.3,False,0.0001,2,lmmvae,1.957232803770719,,0.007113019935786724,1.0222145318984985,0.8728511929512024,200,115.2017138004303
169,categorical,100000,100,2,1.0,0.001,1.0,1000,3000,5000,0.3,3.0,0.3,False,0.0001,3,pca-ignore,6.115551721078111,,,,,,0.47545695304870605
170,categorical,100000,100,2,1.0,0.001,1.0,1000,3000,5000,0.3,3.0,0.3,False,0.0001,3,pca-ohe,6.1842999610951415,,,,,,31.038228034973145
171,categorical,100000,100,2,1.0,0.001,1.0,1000,3000,5000,0.3,3.0,0.3,False,0.0001,3,vae-ignore,5.664855970094903,,,,,200,57.801156997680664
172,categorical,100000,100,2,1.0,0.001,1.0,1000,3000,5000,0.3,3.0,0.3,False,0.0001,3,vae-ohe,5.805505428999165,,,,,200,444.6958703994751
173,categorical,100000,100,2,1.0,0.001,1.0,1000,3000,5000,0.3,3.0,0.3,False,0.0001,3,vae-embed,5.7259485640806576,,,,,200,85.20951509475708
174,categorical,100000,100,2,1.0,0.001,1.0,1000,3000,5000,0.3,3.0,0.3,False,0.0001,3,lmmvae,1.8791077226745339,,0.0077877044677734375,1.0425739288330078,0.8860988616943359,200,117.21286392211914
175,categorical,100000,100,2,1.0,0.001,1.0,1000,3000,5000,0.3,3.0,0.3,False,0.0001,4,pca-ignore,6.162675442654473,,,,,,0.4802699089050293
176,categorical,100000,100,2,1.0,0.001,1.0,1000,3000,5000,0.3,3.0,0.3,False,0.0001,4,pca-ohe,6.246829838587501,,,,,,31.160393476486206
177,categorical,100000,100,2,1.0,0.001,1.0,1000,3000,5000,0.3,3.0,0.3,False,0.0001,4,vae-ignore,5.738420354016978,,,,,200,57.89367437362671
178,categorical,100000,100,2,1.0,0.001,1.0,1000,3000,5000,0.3,3.0,0.3,False,0.0001,4,vae-ohe,5.890263936927209,,,,,200,458.4873557090759
179,categorical,100000,100,2,1.0,0.001,1.0,1000,3000,5000,0.3,3.0,0.3,False,0.0001,4,vae-embed,6.008802132913141,,,,,200,85.66918754577637
180,categorical,100000,100,2,1.0,0.001,1.0,1000,3000,5000,0.3,3.0,0.3,False,0.0001,4,lmmvae,2.143291208639628,,0.007638620678335428,1.0569281578063965,0.9108818173408508,200,113.09119486808777
181,categorical,100000,100,1,1.0,0.001,1.0,1000,3000,5000,0.3,3.0,3.0,False,0.0001,0,pca-ignore,9.75345809825139,,,,,,0.43779516220092773
182,categorical,100000,100,1,1.0,0.001,1.0,1000,3000,5000,0.3,3.0,3.0,False,0.0001,0,pca-ohe,9.92908875736278,,,,,,28.625304222106934
183,categorical,100000,100,1,1.0,0.001,1.0,1000,3000,5000,0.3,3.0,3.0,False,0.0001,0,vae-ignore,9.517606132018907,,,,,200,58.26858639717102
184,categorical,100000,100,1,1.0,0.001,1.0,1000,3000,5000,0.3,3.0,3.0,False,0.0001,0,vae-ohe,9.582926953305794,,,,,200,457.0991442203522
185,categorical,100000,100,1,1.0,0.001,1.0,1000,3000,5000,0.3,3.0,3.0,False,0.0001,0,vae-embed,9.576805103764498,,,,,200,84.47288608551025
186,categorical,100000,100,1,1.0,0.001,1.0,1000,3000,5000,0.3,3.0,3.0,False,0.0001,0,lmmvae,2.1610327120597894,,0.010290210135281086,0.9820117354393005,2.7804861068725586,200,114.16355061531067
187,categorical,100000,100,1,1.0,0.001,1.0,1000,3000,5000,0.3,3.0,3.0,False,0.0001,1,pca-ignore,9.422147316220093,,,,,,0.43920421600341797
188,categorical,100000,100,1,1.0,0.001,1.0,1000,3000,5000,0.3,3.0,3.0,False,0.0001,1,pca-ohe,9.569488366868613,,,,,,28.657124996185303
189,categorical,100000,100,1,1.0,0.001,1.0,1000,3000,5000,0.3,3.0,3.0,False,0.0001,1,vae-ignore,9.143006128097005,,,,,200,57.96574139595032
190,categorical,100000,100,1,1.0,0.001,1.0,1000,3000,5000,0.3,3.0,3.0,False,0.0001,1,vae-ohe,9.220913658404742,,,,,200,459.40804958343506
191,categorical,100000,100,1,1.0,0.001,1.0,1000,3000,5000,0.3,3.0,3.0,False,0.0001,1,vae-embed,9.306319266728844,,,,,200,85.15304160118103
192,categorical,100000,100,1,1.0,0.001,1.0,1000,3000,5000,0.3,3.0,3.0,False,0.0001,1,lmmvae,2.236619014818313,,0.008918257430195808,0.9035162925720215,2.6949427127838135,200,115.15524792671204
193,categorical,100000,100,1,1.0,0.001,1.0,1000,3000,5000,0.3,3.0,3.0,False,0.0001,2,pca-ignore,9.184112698758158,,,,,,0.4377734661102295
194,categorical,100000,100,1,1.0,0.001,1.0,1000,3000,5000,0.3,3.0,3.0,False,0.0001,2,pca-ohe,9.268349604934828,,,,,,28.58953356742859
195,categorical,100000,100,1,1.0,0.001,1.0,1000,3000,5000,0.3,3.0,3.0,False,0.0001,2,vae-ignore,9.00414086696561,,,,,200,57.65407085418701
196,categorical,100000,100,1,1.0,0.001,1.0,1000,3000,5000,0.3,3.0,3.0,False,0.0001,2,vae-ohe,8.972665461345809,,,,,200,459.7891809940338
197,categorical,100000,100,1,1.0,0.001,1.0,1000,3000,5000,0.3,3.0,3.0,False,0.0001,2,vae-embed,8.910383556181376,,,,,200,85.23000741004944
198,categorical,100000,100,1,1.0,0.001,1.0,1000,3000,5000,0.3,3.0,3.0,False,0.0001,2,lmmvae,2.2748743575596966,,0.008909372612833977,0.9081860184669495,2.5218818187713623,200,113.45778298377991
199,categorical,100000,100,1,1.0,0.001,1.0,1000,3000,5000,0.3,3.0,3.0,False,0.0001,3,pca-ignore,9.709294866982697,,,,,,0.44304800033569336
200,categorical,100000,100,1,1.0,0.001,1.0,1000,3000,5000,0.3,3.0,3.0,False,0.0001,3,pca-ohe,9.8708301820039,,,,,,28.701169967651367
201,categorical,100000,100,1,1.0,0.001,1.0,1000,3000,5000,0.3,3.0,3.0,False,0.0001,3,vae-ignore,9.529357372463288,,,,,200,58.05370235443115
202,categorical,100000,100,1,1.0,0.001,1.0,1000,3000,5000,0.3,3.0,3.0,False,0.0001,3,vae-ohe,9.507322469562327,,,,,200,447.05832028388977
203,categorical,100000,100,1,1.0,0.001,1.0,1000,3000,5000,0.3,3.0,3.0,False,0.0001,3,vae-embed,9.48336869326537,,,,,200,85.05187749862671
204,categorical,100000,100,1,1.0,0.001,1.0,1000,3000,5000,0.3,3.0,3.0,False,0.0001,3,lmmvae,2.227037476296934,,0.00954087357968092,0.9864914417266846,2.737884283065796,200,115.50916409492493
205,categorical,100000,100,1,1.0,0.001,1.0,1000,3000,5000,0.3,3.0,3.0,False,0.0001,4,pca-ignore,9.577692631178973,,,,,,0.43080711364746094
206,categorical,100000,100,1,1.0,0.001,1.0,1000,3000,5000,0.3,3.0,3.0,False,0.0001,4,pca-ohe,9.71229640174842,,,,,,28.670161962509155
207,categorical,100000,100,1,1.0,0.001,1.0,1000,3000,5000,0.3,3.0,3.0,False,0.0001,4,vae-ignore,9.296352829349676,,,,,200,58.134639739990234
208,categorical,100000,100,1,1.0,0.001,1.0,1000,3000,5000,0.3,3.0,3.0,False,0.0001,4,vae-ohe,9.364641810389038,,,,,200,457.94727659225464
209,categorical,100000,100,1,1.0,0.001,1.0,1000,3000,5000,0.3,3.0,3.0,False,0.0001,4,vae-embed,9.325364360528155,,,,,200,84.98902416229248
210,categorical,100000,100,1,1.0,0.001,1.0,1000,3000,5000,0.3,3.0,3.0,False,0.0001,4,lmmvae,2.3157291874037704,,0.008661842904984951,0.9244803786277771,2.720247268676758,200,114.93968868255615
211,categorical,100000,100,2,1.0,0.001,1.0,1000,3000,5000,0.3,3.0,3.0,False,0.0001,0,pca-ignore,9.400211154111465,,,,,,0.4962332248687744
212,categorical,100000,100,2,1.0,0.001,1.0,1000,3000,5000,0.3,3.0,3.0,False,0.0001,0,pca-ohe,9.691499106901698,,,,,,31.167975425720215
213,categorical,100000,100,2,1.0,0.001,1.0,1000,3000,5000,0.3,3.0,3.0,False,0.0001,0,vae-ignore,9.034006195717918,,,,,200,57.79250907897949
214,categorical,100000,100,2,1.0,0.001,1.0,1000,3000,5000,0.3,3.0,3.0,False,0.0001,0,vae-ohe,9.149413833822967,,,,,200,459.14005851745605
215,categorical,100000,100,2,1.0,0.001,1.0,1000,3000,5000,0.3,3.0,3.0,False,0.0001,0,vae-embed,9.006077904877728,,,,,200,84.0202374458313
216,categorical,100000,100,2,1.0,0.001,1.0,1000,3000,5000,0.3,3.0,3.0,False,0.0001,0,lmmvae,2.2094238772828687,,0.00922523532062769,0.9159216284751892,2.5885813236236572,200,114.33386874198914
217,categorical,100000,100,2,1.0,0.001,1.0,1000,3000,5000,0.3,3.0,3.0,False,0.0001,1,pca-ignore,9.431367900534507,,,,,,0.49158716201782227
218,categorical,100000,100,2,1.0,0.001,1.0,1000,3000,5000,0.3,3.0,3.0,False,0.0001,1,pca-ohe,9.593964281285407,,,,,,31.200021743774414
219,categorical,100000,100,2,1.0,0.001,1.0,1000,3000,5000,0.3,3.0,3.0,False,0.0001,1,vae-ignore,9.035962584187628,,,,,200,56.93727493286133
220,categorical,100000,100,2,1.0,0.001,1.0,1000,3000,5000,0.3,3.0,3.0,False,0.0001,1,vae-ohe,9.05067851320777,,,,,200,458.848881483078
221,categorical,100000,100,2,1.0,0.001,1.0,1000,3000,5000,0.3,3.0,3.0,False,0.0001,1,vae-embed,9.057583052987205,,,,,200,83.81302261352539
222,categorical,100000,100,2,1.0,0.001,1.0,1000,3000,5000,0.3,3.0,3.0,False,0.0001,1,lmmvae,2.50995665795749,,0.00880677904933691,0.8884771466255188,2.5958523750305176,200,112.42325520515442
223,categorical,100000,100,2,1.0,0.001,1.0,1000,3000,5000,0.3,3.0,3.0,False,0.0001,2,pca-ignore,9.455194859298329,,,,,,0.4654383659362793
224,categorical,100000,100,2,1.0,0.001,1.0,1000,3000,5000,0.3,3.0,3.0,False,0.0001,2,pca-ohe,9.66969245932048,,,,,,31.0345299243927
225,categorical,100000,100,2,1.0,0.001,1.0,1000,3000,5000,0.3,3.0,3.0,False,0.0001,2,vae-ignore,9.28555331231975,,,,,200,56.67355799674988
226,categorical,100000,100,2,1.0,0.001,1.0,1000,3000,5000,0.3,3.0,3.0,False,0.0001,2,vae-ohe,9.157934509155107,,,,,200,442.7701849937439
227,categorical,100000,100,2,1.0,0.001,1.0,1000,3000,5000,0.3,3.0,3.0,False,0.0001,2,vae-embed,9.223844249303484,,,,,200,83.91732859611511
228,categorical,100000,100,2,1.0,0.001,1.0,1000,3000,5000,0.3,3.0,3.0,False,0.0001,2,lmmvae,2.4530106681932335,,0.008812562562525272,0.9256076216697693,2.598313093185425,200,111.22384810447693
229,categorical,100000,100,2,1.0,0.001,1.0,1000,3000,5000,0.3,3.0,3.0,False,0.0001,3,pca-ignore,9.21935028909588,,,,,,0.5762097835540771
230,categorical,100000,100,2,1.0,0.001,1.0,1000,3000,5000,0.3,3.0,3.0,False,0.0001,3,pca-ohe,9.534995494809927,,,,,,31.256452322006226
231,categorical,100000,100,2,1.0,0.001,1.0,1000,3000,5000,0.3,3.0,3.0,False,0.0001,3,vae-ignore,8.828825116691975,,,,,200,56.62113642692566
232,categorical,100000,100,2,1.0,0.001,1.0,1000,3000,5000,0.3,3.0,3.0,False,0.0001,3,vae-ohe,9.010156464651963,,,,,200,458.26565313339233
233,categorical,100000,100,2,1.0,0.001,1.0,1000,3000,5000,0.3,3.0,3.0,False,0.0001,3,vae-embed,8.868021072380149,,,,,200,84.1910948753357
234,categorical,100000,100,2,1.0,0.001,1.0,1000,3000,5000,0.3,3.0,3.0,False,0.0001,3,lmmvae,2.220218863458286,,0.00851476937532425,0.8721916079521179,2.6418111324310303,200,113.19446730613708
235,categorical,100000,100,2,1.0,0.001,1.0,1000,3000,5000,0.3,3.0,3.0,False,0.0001,4,pca-ignore,9.429749203937428,,,,,,0.5037941932678223
236,categorical,100000,100,2,1.0,0.001,1.0,1000,3000,5000,0.3,3.0,3.0,False,0.0001,4,pca-ohe,9.684253871043504,,,,,,31.063349962234497
237,categorical,100000,100,2,1.0,0.001,1.0,1000,3000,5000,0.3,3.0,3.0,False,0.0001,4,vae-ignore,8.942931176114442,,,,,200,56.45013213157654
238,categorical,100000,100,2,1.0,0.001,1.0,1000,3000,5000,0.3,3.0,3.0,False,0.0001,4,vae-ohe,9.078040154675513,,,,,200,444.97713971138
239,categorical,100000,100,2,1.0,0.001,1.0,1000,3000,5000,0.3,3.0,3.0,False,0.0001,4,vae-embed,8.996886371477297,,,,,200,84.63210439682007
240,categorical,100000,100,2,1.0,0.001,1.0,1000,3000,5000,0.3,3.0,3.0,False,0.0001,4,lmmvae,2.869820394491599,,0.011178885586559772,0.8233951330184937,2.434431552886963,200,115.85173678398132
241,categorical,100000,100,1,1.0,0.001,1.0,1000,3000,5000,3.0,0.3,0.3,False,0.0001,0,pca-ignore,5.8671901091059,,,,,,0.4676399230957031
242,categorical,100000,100,1,1.0,0.001,1.0,1000,3000,5000,3.0,0.3,0.3,False,0.0001,0,pca-ohe,5.930390091265237,,,,,,28.686983823776245
243,categorical,100000,100,1,1.0,0.001,1.0,1000,3000,5000,3.0,0.3,0.3,False,0.0001,0,vae-ignore,5.635176516113733,,,,,200,57.11549663543701
244,categorical,100000,100,1,1.0,0.001,1.0,1000,3000,5000,3.0,0.3,0.3,False,0.0001,0,vae-ohe,5.707913923471799,,,,,200,458.6334264278412
245,categorical,100000,100,1,1.0,0.001,1.0,1000,3000,5000,3.0,0.3,0.3,False,0.0001,0,vae-embed,5.62363480987804,,,,,200,84.00330448150635
246,categorical,100000,100,1,1.0,0.001,1.0,1000,3000,5000,3.0,0.3,0.3,False,0.0001,0,lmmvae,1.7654865432694666,,0.15894894301891327,0.4188772141933441,1.1368000507354736,200,113.45069241523743
247,categorical,100000,100,1,1.0,0.001,1.0,1000,3000,5000,3.0,0.3,0.3,False,0.0001,1,pca-ignore,6.0017121255542705,,,,,,0.43636584281921387
248,categorical,100000,100,1,1.0,0.001,1.0,1000,3000,5000,3.0,0.3,0.3,False,0.0001,1,pca-ohe,6.0475096415225975,,,,,,28.68597912788391
249,categorical,100000,100,1,1.0,0.001,1.0,1000,3000,5000,3.0,0.3,0.3,False,0.0001,1,vae-ignore,5.832305415868345,,,,,200,57.63963055610657
250,categorical,100000,100,1,1.0,0.001,1.0,1000,3000,5000,3.0,0.3,0.3,False,0.0001,1,vae-ohe,5.845577422454909,,,,,200,459.48206305503845
251,categorical,100000,100,1,1.0,0.001,1.0,1000,3000,5000,3.0,0.3,0.3,False,0.0001,1,vae-embed,5.761437429282519,,,,,200,84.72684645652771
252,categorical,100000,100,1,1.0,0.001,1.0,1000,3000,5000,3.0,0.3,0.3,False,0.0001,1,lmmvae,1.8291756994153692,,0.16296452283859253,0.43833136558532715,1.1536927223205566,200,113.89906477928162
253,categorical,100000,100,1,1.0,0.001,1.0,1000,3000,5000,3.0,0.3,0.3,False,0.0001,2,pca-ignore,6.4516649931602466,,,,,,0.452101469039917
254,categorical,100000,100,1,1.0,0.001,1.0,1000,3000,5000,3.0,0.3,0.3,False,0.0001,2,pca-ohe,6.524297538341994,,,,,,28.763821125030518
255,categorical,100000,100,1,1.0,0.001,1.0,1000,3000,5000,3.0,0.3,0.3,False,0.0001,2,vae-ignore,6.218946307103614,,,,,200,57.56462359428406
256,categorical,100000,100,1,1.0,0.001,1.0,1000,3000,5000,3.0,0.3,0.3,False,0.0001,2,vae-ohe,6.306076281492254,,,,,200,444.493408203125
257,categorical,100000,100,1,1.0,0.001,1.0,1000,3000,5000,3.0,0.3,0.3,False,0.0001,2,vae-embed,6.235557831480318,,,,,200,84.95629382133484
258,categorical,100000,100,1,1.0,0.001,1.0,1000,3000,5000,3.0,0.3,0.3,False,0.0001,2,lmmvae,1.8604648793907554,,0.18600618839263916,0.48769137263298035,1.223677158355713,200,113.19668793678284
259,categorical,100000,100,1,1.0,0.001,1.0,1000,3000,5000,3.0,0.3,0.3,False,0.0001,3,pca-ignore,6.154079035544518,,,,,,0.44301939010620117
260,categorical,100000,100,1,1.0,0.001,1.0,1000,3000,5000,3.0,0.3,0.3,False,0.0001,3,pca-ohe,6.197375277784845,,,,,,28.540573358535767
261,categorical,100000,100,1,1.0,0.001,1.0,1000,3000,5000,3.0,0.3,0.3,False,0.0001,3,vae-ignore,5.890370855196843,,,,,200,57.26703453063965
262,categorical,100000,100,1,1.0,0.001,1.0,1000,3000,5000,3.0,0.3,0.3,False,0.0001,3,vae-ohe,5.976847054284434,,,,,200,444.92158222198486
263,categorical,100000,100,1,1.0,0.001,1.0,1000,3000,5000,3.0,0.3,0.3,False,0.0001,3,vae-embed,6.022239994025206,,,,,200,84.42704749107361
264,categorical,100000,100,1,1.0,0.001,1.0,1000,3000,5000,3.0,0.3,0.3,False,0.0001,3,lmmvae,1.6015278712907315,,0.17859813570976257,0.44728466868400574,1.1505141258239746,200,112.73113656044006
265,categorical,100000,100,1,1.0,0.001,1.0,1000,3000,5000,3.0,0.3,0.3,False,0.0001,4,pca-ignore,5.484952040772871,,,,,,0.44155454635620117
266,categorical,100000,100,1,1.0,0.001,1.0,1000,3000,5000,3.0,0.3,0.3,False,0.0001,4,pca-ohe,5.509596336798252,,,,,,28.53799533843994
267,categorical,100000,100,1,1.0,0.001,1.0,1000,3000,5000,3.0,0.3,0.3,False,0.0001,4,vae-ignore,5.2676837336186315,,,,,200,57.02958941459656
268,categorical,100000,100,1,1.0,0.001,1.0,1000,3000,5000,3.0,0.3,0.3,False,0.0001,4,vae-ohe,5.358231218219025,,,,,200,445.66159439086914
269,categorical,100000,100,1,1.0,0.001,1.0,1000,3000,5000,3.0,0.3,0.3,False,0.0001,4,vae-embed,5.28509582241437,,,,,200,84.5455276966095
270,categorical,100000,100,1,1.0,0.001,1.0,1000,3000,5000,3.0,0.3,0.3,False,0.0001,4,lmmvae,1.896128262971178,,0.1304202675819397,0.3965441882610321,1.0686084032058716,200,112.54942560195923
271,categorical,100000,100,2,1.0,0.001,1.0,1000,3000,5000,3.0,0.3,0.3,False,0.0001,0,pca-ignore,5.921108464223775,,,,,,0.4825863838195801
272,categorical,100000,100,2,1.0,0.001,1.0,1000,3000,5000,3.0,0.3,0.3,False,0.0001,0,pca-ohe,6.002381229238389,,,,,,31.240978479385376
273,categorical,100000,100,2,1.0,0.001,1.0,1000,3000,5000,3.0,0.3,0.3,False,0.0001,0,vae-ignore,5.576748481129783,,,,,200,57.06716513633728
274,categorical,100000,100,2,1.0,0.001,1.0,1000,3000,5000,3.0,0.3,0.3,False,0.0001,0,vae-ohe,5.683167767781085,,,,,200,459.51673412323
275,categorical,100000,100,2,1.0,0.001,1.0,1000,3000,5000,3.0,0.3,0.3,False,0.0001,0,vae-embed,5.788778968278626,,,,,200,84.45955610275269
276,categorical,100000,100,2,1.0,0.001,1.0,1000,3000,5000,3.0,0.3,0.3,False,0.0001,0,lmmvae,1.7511245621181906,,0.15820187330245972,0.4095347225666046,1.1115162372589111,200,113.01609110832214
277,categorical,100000,100,2,1.0,0.001,1.0,1000,3000,5000,3.0,0.3,0.3,False,0.0001,1,pca-ignore,5.879469391854526,,,,,,0.48909449577331543
278,categorical,100000,100,2,1.0,0.001,1.0,1000,3000,5000,3.0,0.3,0.3,False,0.0001,1,pca-ohe,5.977523398076381,,,,,,31.187423706054688
279,categorical,100000,100,2,1.0,0.001,1.0,1000,3000,5000,3.0,0.3,0.3,False,0.0001,1,vae-ignore,5.47301533454724,,,,,200,57.516690492630005
280,categorical,100000,100,2,1.0,0.001,1.0,1000,3000,5000,3.0,0.3,0.3,False,0.0001,1,vae-ohe,5.589885712796913,,,,,200,450.22816610336304
281,categorical,100000,100,2,1.0,0.001,1.0,1000,3000,5000,3.0,0.3,0.3,False,0.0001,1,vae-embed,5.517378968244142,,,,,200,84.55119752883911
282,categorical,100000,100,2,1.0,0.001,1.0,1000,3000,5000,3.0,0.3,0.3,False,0.0001,1,lmmvae,1.7179364597993978,,0.15526726841926575,0.40109169483184814,1.070134162902832,200,114.06544709205627
283,categorical,100000,100,2,1.0,0.001,1.0,1000,3000,5000,3.0,0.3,0.3,False,0.0001,2,pca-ignore,6.10924774271146,,,,,,0.48400163650512695
284,categorical,100000,100,2,1.0,0.001,1.0,1000,3000,5000,3.0,0.3,0.3,False,0.0001,2,pca-ohe,6.233350175620348,,,,,,31.094715356826782
285,categorical,100000,100,2,1.0,0.001,1.0,1000,3000,5000,3.0,0.3,0.3,False,0.0001,2,vae-ignore,5.733690334166445,,,,,200,57.356247663497925
286,categorical,100000,100,2,1.0,0.001,1.0,1000,3000,5000,3.0,0.3,0.3,False,0.0001,2,vae-ohe,5.854656105516442,,,,,200,459.3223440647125
287,categorical,100000,100,2,1.0,0.001,1.0,1000,3000,5000,3.0,0.3,0.3,False,0.0001,2,vae-embed,5.726466708210169,,,,,200,85.27505779266357
288,categorical,100000,100,2,1.0,0.001,1.0,1000,3000,5000,3.0,0.3,0.3,False,0.0001,2,lmmvae,1.714194244029871,,0.1664733737707138,0.4448901414871216,1.1240196228027344,200,113.8830144405365
289,categorical,100000,100,2,1.0,0.001,1.0,1000,3000,5000,3.0,0.3,0.3,False,0.0001,3,pca-ignore,5.832437961915181,,,,,,0.4981660842895508
290,categorical,100000,100,2,1.0,0.001,1.0,1000,3000,5000,3.0,0.3,0.3,False,0.0001,3,pca-ohe,5.941556685212183,,,,,,31.27454924583435
291,categorical,100000,100,2,1.0,0.001,1.0,1000,3000,5000,3.0,0.3,0.3,False,0.0001,3,vae-ignore,5.489780573774214,,,,,200,56.88371157646179
292,categorical,100000,100,2,1.0,0.001,1.0,1000,3000,5000,3.0,0.3,0.3,False,0.0001,3,vae-ohe,5.632640925096714,,,,,200,458.8019244670868
293,categorical,100000,100,2,1.0,0.001,1.0,1000,3000,5000,3.0,0.3,0.3,False,0.0001,3,vae-embed,5.537937736434002,,,,,200,85.04930353164673
294,categorical,100000,100,2,1.0,0.001,1.0,1000,3000,5000,3.0,0.3,0.3,False,0.0001,3,lmmvae,1.679304404221749,,0.16370485723018646,0.417490690946579,1.0822700262069702,200,114.19441056251526
295,categorical,100000,100,2,1.0,0.001,1.0,1000,3000,5000,3.0,0.3,0.3,False,0.0001,4,pca-ignore,5.889321166980828,,,,,,0.48755717277526855
296,categorical,100000,100,2,1.0,0.001,1.0,1000,3000,5000,3.0,0.3,0.3,False,0.0001,4,pca-ohe,6.014290612604956,,,,,,31.218543529510498
297,categorical,100000,100,2,1.0,0.001,1.0,1000,3000,5000,3.0,0.3,0.3,False,0.0001,4,vae-ignore,5.5216525041998885,,,,,200,57.22067046165466
298,categorical,100000,100,2,1.0,0.001,1.0,1000,3000,5000,3.0,0.3,0.3,False,0.0001,4,vae-ohe,5.64117933194001,,,,,200,458.9464180469513
299,categorical,100000,100,2,1.0,0.001,1.0,1000,3000,5000,3.0,0.3,0.3,False,0.0001,4,vae-embed,5.543200414081002,,,,,200,84.7240948677063
300,categorical,100000,100,2,1.0,0.001,1.0,1000,3000,5000,3.0,0.3,0.3,False,0.0001,4,lmmvae,1.6972833669232252,,0.15490728616714478,0.4033660590648651,1.1088849306106567,200,114.28025436401367
301,categorical,100000,100,1,1.0,0.001,1.0,1000,3000,5000,3.0,0.3,3.0,False,0.0001,0,pca-ignore,9.872040934385055,,,,,,0.45260119438171387
302,categorical,100000,100,1,1.0,0.001,1.0,1000,3000,5000,3.0,0.3,3.0,False,0.0001,0,pca-ohe,9.997449941136761,,,,,,28.851344347000122
303,categorical,100000,100,1,1.0,0.001,1.0,1000,3000,5000,3.0,0.3,3.0,False,0.0001,0,vae-ignore,9.497002383904226,,,,,200,57.690366983413696
304,categorical,100000,100,1,1.0,0.001,1.0,1000,3000,5000,3.0,0.3,3.0,False,0.0001,0,vae-ohe,9.62766982883601,,,,,200,461.21183681488037
305,categorical,100000,100,1,1.0,0.001,1.0,1000,3000,5000,3.0,0.3,3.0,False,0.0001,0,vae-embed,9.533787810485357,,,,,200,84.59308242797852
306,categorical,100000,100,1,1.0,0.001,1.0,1000,3000,5000,3.0,0.3,3.0,False,0.0001,0,lmmvae,2.26380986806365,,0.11619919538497925,0.523052990436554,3.112400531768799,200,112.84518551826477
307,categorical,100000,100,1,1.0,0.001,1.0,1000,3000,5000,3.0,0.3,3.0,False,0.0001,1,pca-ignore,9.412208486013276,,,,,,0.4355461597442627
308,categorical,100000,100,1,1.0,0.001,1.0,1000,3000,5000,3.0,0.3,3.0,False,0.0001,1,pca-ohe,9.559259547651216,,,,,,28.870492219924927
309,categorical,100000,100,1,1.0,0.001,1.0,1000,3000,5000,3.0,0.3,3.0,False,0.0001,1,vae-ignore,9.194668624821283,,,,,200,57.564300298690796
310,categorical,100000,100,1,1.0,0.001,1.0,1000,3000,5000,3.0,0.3,3.0,False,0.0001,1,vae-ohe,9.241466060611456,,,,,200,459.26583886146545
311,categorical,100000,100,1,1.0,0.001,1.0,1000,3000,5000,3.0,0.3,3.0,False,0.0001,1,vae-embed,9.184817549984338,,,,,200,84.57366371154785
312,categorical,100000,100,1,1.0,0.001,1.0,1000,3000,5000,3.0,0.3,3.0,False,0.0001,1,lmmvae,2.081537989669242,,0.08868126571178436,0.4946793019771576,3.0623998641967773,200,112.63535475730896
313,categorical,100000,100,1,1.0,0.001,1.0,1000,3000,5000,3.0,0.3,3.0,False,0.0001,2,pca-ignore,9.418659730816232,,,,,,0.44032859802246094
314,categorical,100000,100,1,1.0,0.001,1.0,1000,3000,5000,3.0,0.3,3.0,False,0.0001,2,pca-ohe,9.463815842787845,,,,,,28.812212467193604
315,categorical,100000,100,1,1.0,0.001,1.0,1000,3000,5000,3.0,0.3,3.0,False,0.0001,2,vae-ignore,9.201850985853827,,,,,200,57.42456793785095
316,categorical,100000,100,1,1.0,0.001,1.0,1000,3000,5000,3.0,0.3,3.0,False,0.0001,2,vae-ohe,9.250600582158137,,,,,200,458.7555673122406
317,categorical,100000,100,1,1.0,0.001,1.0,1000,3000,5000,3.0,0.3,3.0,False,0.0001,2,vae-embed,9.22461508033011,,,,,200,84.50349688529968
318,categorical,100000,100,1,1.0,0.001,1.0,1000,3000,5000,3.0,0.3,3.0,False,0.0001,2,lmmvae,2.1932042110976444,,0.08212028443813324,0.5005968809127808,3.1332473754882812,200,112.76989650726318
319,categorical,100000,100,1,1.0,0.001,1.0,1000,3000,5000,3.0,0.3,3.0,False,0.0001,3,pca-ignore,9.409218578767907,,,,,,0.45023655891418457
320,categorical,100000,100,1,1.0,0.001,1.0,1000,3000,5000,3.0,0.3,3.0,False,0.0001,3,pca-ohe,9.540146514853125,,,,,,28.747899293899536
321,categorical,100000,100,1,1.0,0.001,1.0,1000,3000,5000,3.0,0.3,3.0,False,0.0001,3,vae-ignore,9.235040171122103,,,,,200,57.2036988735199
322,categorical,100000,100,1,1.0,0.001,1.0,1000,3000,5000,3.0,0.3,3.0,False,0.0001,3,vae-ohe,9.231491802109042,,,,,200,447.49195623397827
323,categorical,100000,100,1,1.0,0.001,1.0,1000,3000,5000,3.0,0.3,3.0,False,0.0001,3,vae-embed,9.16829747880222,,,,,200,84.3599100112915
324,categorical,100000,100,1,1.0,0.001,1.0,1000,3000,5000,3.0,0.3,3.0,False,0.0001,3,lmmvae,2.119292247913963,,0.0710969790816307,0.48086345195770264,3.1556830406188965,200,112.4142074584961
325,categorical,100000,100,1,1.0,0.001,1.0,1000,3000,5000,3.0,0.3,3.0,False,0.0001,4,pca-ignore,9.426357885378966,,,,,,0.4501662254333496
326,categorical,100000,100,1,1.0,0.001,1.0,1000,3000,5000,3.0,0.3,3.0,False,0.0001,4,pca-ohe,9.566058165418081,,,,,,29.64429998397827
327,categorical,100000,100,1,1.0,0.001,1.0,1000,3000,5000,3.0,0.3,3.0,False,0.0001,4,vae-ignore,9.2040728046795,,,,,200,57.05801010131836
328,categorical,100000,100,1,1.0,0.001,1.0,1000,3000,5000,3.0,0.3,3.0,False,0.0001,4,vae-ohe,9.245803544559346,,,,,200,446.11254382133484
329,categorical,100000,100,1,1.0,0.001,1.0,1000,3000,5000,3.0,0.3,3.0,False,0.0001,4,vae-embed,9.235458729428725,,,,,200,84.27622056007385
330,categorical,100000,100,1,1.0,0.001,1.0,1000,3000,5000,3.0,0.3,3.0,False,0.0001,4,lmmvae,1.9991101349276454,,0.0879087895154953,0.483784019947052,3.1307547092437744,200,113.0629563331604
331,categorical,100000,100,2,1.0,0.001,1.0,1000,3000,5000,3.0,0.3,3.0,False,0.0001,0,pca-ignore,9.46832778546483,,,,,,0.5068874359130859
332,categorical,100000,100,2,1.0,0.001,1.0,1000,3000,5000,3.0,0.3,3.0,False,0.0001,0,pca-ohe,9.761930980646813,,,,,,31.33812403678894
333,categorical,100000,100,2,1.0,0.001,1.0,1000,3000,5000,3.0,0.3,3.0,False,0.0001,0,vae-ignore,9.019504529641612,,,,,200,57.08901357650757
334,categorical,100000,100,2,1.0,0.001,1.0,1000,3000,5000,3.0,0.3,3.0,False,0.0001,0,vae-ohe,9.162791978100929,,,,,200,458.8281919956207
335,categorical,100000,100,2,1.0,0.001,1.0,1000,3000,5000,3.0,0.3,3.0,False,0.0001,0,vae-embed,8.96919891270226,,,,,200,85.7601900100708
336,categorical,100000,100,2,1.0,0.001,1.0,1000,3000,5000,3.0,0.3,3.0,False,0.0001,0,lmmvae,2.17161233402812,,0.09863948822021484,0.4903380572795868,2.9644620418548584,200,116.05477261543274
337,categorical,100000,100,2,1.0,0.001,1.0,1000,3000,5000,3.0,0.3,3.0,False,0.0001,1,pca-ignore,9.906239381312268,,,,,,0.5607054233551025
338,categorical,100000,100,2,1.0,0.001,1.0,1000,3000,5000,3.0,0.3,3.0,False,0.0001,1,pca-ohe,10.157122510668112,,,,,,31.663683652877808
339,categorical,100000,100,2,1.0,0.001,1.0,1000,3000,5000,3.0,0.3,3.0,False,0.0001,1,vae-ignore,9.469565129826064,,,,,200,57.90424704551697
340,categorical,100000,100,2,1.0,0.001,1.0,1000,3000,5000,3.0,0.3,3.0,False,0.0001,1,vae-ohe,9.627025882533337,,,,,200,461.85763025283813
341,categorical,100000,100,2,1.0,0.001,1.0,1000,3000,5000,3.0,0.3,3.0,False,0.0001,1,vae-embed,9.492983303458645,,,,,200,86.07932019233704
342,categorical,100000,100,2,1.0,0.001,1.0,1000,3000,5000,3.0,0.3,3.0,False,0.0001,1,lmmvae,2.257157380287194,,0.08879375457763672,0.5988270044326782,3.0815393924713135,200,116.59894490242004
343,categorical,100000,100,2,1.0,0.001,1.0,1000,3000,5000,3.0,0.3,3.0,False,0.0001,2,pca-ignore,10.005836862654416,,,,,,0.49823904037475586
344,categorical,100000,100,2,1.0,0.001,1.0,1000,3000,5000,3.0,0.3,3.0,False,0.0001,2,pca-ohe,10.278865173628766,,,,,,31.596312046051025
345,categorical,100000,100,2,1.0,0.001,1.0,1000,3000,5000,3.0,0.3,3.0,False,0.0001,2,vae-ignore,9.61569421413233,,,,,200,57.816357135772705
346,categorical,100000,100,2,1.0,0.001,1.0,1000,3000,5000,3.0,0.3,3.0,False,0.0001,2,vae-ohe,9.692393622760477,,,,,200,460.7672803401947
347,categorical,100000,100,2,1.0,0.001,1.0,1000,3000,5000,3.0,0.3,3.0,False,0.0001,2,vae-embed,9.61680076435151,,,,,200,84.69751644134521
348,categorical,100000,100,2,1.0,0.001,1.0,1000,3000,5000,3.0,0.3,3.0,False,0.0001,2,lmmvae,2.0812534409722754,,0.08978943526744843,0.5008282661437988,3.2636308670043945,200,113.19382858276367
349,categorical,100000,100,2,1.0,0.001,1.0,1000,3000,5000,3.0,0.3,3.0,False,0.0001,3,pca-ignore,9.574238340354468,,,,,,0.518498420715332
350,categorical,100000,100,2,1.0,0.001,1.0,1000,3000,5000,3.0,0.3,3.0,False,0.0001,3,pca-ohe,9.78712368752884,,,,,,31.317952394485474
351,categorical,100000,100,2,1.0,0.001,1.0,1000,3000,5000,3.0,0.3,3.0,False,0.0001,3,vae-ignore,9.345222210302138,,,,,200,57.68187117576599
352,categorical,100000,100,2,1.0,0.001,1.0,1000,3000,5000,3.0,0.3,3.0,False,0.0001,3,vae-ohe,9.204519639383824,,,,,200,461.0095751285553
353,categorical,100000,100,2,1.0,0.001,1.0,1000,3000,5000,3.0,0.3,3.0,False,0.0001,3,vae-embed,9.462984280065612,,,,,200,87.20325326919556
354,categorical,100000,100,2,1.0,0.001,1.0,1000,3000,5000,3.0,0.3,3.0,False,0.0001,3,lmmvae,2.1648946968238807,,0.07654397189617157,0.4895797073841095,3.1277594566345215,200,118.99991917610168
355,categorical,100000,100,2,1.0,0.001,1.0,1000,3000,5000,3.0,0.3,3.0,False,0.0001,4,pca-ignore,9.656769767742668,,,,,,0.5068120956420898
356,categorical,100000,100,2,1.0,0.001,1.0,1000,3000,5000,3.0,0.3,3.0,False,0.0001,4,pca-ohe,9.982568231171088,,,,,,31.942389249801636
357,categorical,100000,100,2,1.0,0.001,1.0,1000,3000,5000,3.0,0.3,3.0,False,0.0001,4,vae-ignore,9.232155487274623,,,,,200,58.655975580215454
358,categorical,100000,100,2,1.0,0.001,1.0,1000,3000,5000,3.0,0.3,3.0,False,0.0001,4,vae-ohe,9.326624361428443,,,,,200,462.10542726516724
359,categorical,100000,100,2,1.0,0.001,1.0,1000,3000,5000,3.0,0.3,3.0,False,0.0001,4,vae-embed,9.280119934842366,,,,,200,86.88089323043823
360,categorical,100000,100,2,1.0,0.001,1.0,1000,3000,5000,3.0,0.3,3.0,False,0.0001,4,lmmvae,2.2136723088418453,,0.0975346565246582,0.5063888430595398,3.0884881019592285,200,118.81309151649475
361,categorical,100000,100,1,1.0,0.001,1.0,1000,3000,5000,3.0,3.0,0.3,False,0.0001,0,pca-ignore,9.800793889337129,,,,,,0.4617140293121338
362,categorical,100000,100,1,1.0,0.001,1.0,1000,3000,5000,3.0,3.0,0.3,False,0.0001,0,pca-ohe,9.911206567946387,,,,,,29.118871450424194
363,categorical,100000,100,1,1.0,0.001,1.0,1000,3000,5000,3.0,3.0,0.3,False,0.0001,0,vae-ignore,9.628675311024045,,,,,200,58.2431435585022
364,categorical,100000,100,1,1.0,0.001,1.0,1000,3000,5000,3.0,3.0,0.3,False,0.0001,0,vae-ohe,9.598941997286786,,,,,200,464.34257793426514
365,categorical,100000,100,1,1.0,0.001,1.0,1000,3000,5000,3.0,3.0,0.3,False,0.0001,0,vae-embed,9.518125907406475,,,,,200,87.2399549484253
366,categorical,100000,100,1,1.0,0.001,1.0,1000,3000,5000,3.0,3.0,0.3,False,0.0001,0,lmmvae,2.1065074359269733,,0.1328749805688858,1.5650608539581299,1.5836241245269775,200,120.84923648834229
367,categorical,100000,100,1,1.0,0.001,1.0,1000,3000,5000,3.0,3.0,0.3,False,0.0001,1,pca-ignore,9.488634324771025,,,,,,0.4549133777618408
368,categorical,100000,100,1,1.0,0.001,1.0,1000,3000,5000,3.0,3.0,0.3,False,0.0001,1,pca-ohe,9.563793817058652,,,,,,28.869513988494873
369,categorical,100000,100,1,1.0,0.001,1.0,1000,3000,5000,3.0,3.0,0.3,False,0.0001,1,vae-ignore,9.265651901162833,,,,,200,57.20937156677246
370,categorical,100000,100,1,1.0,0.001,1.0,1000,3000,5000,3.0,3.0,0.3,False,0.0001,1,vae-ohe,9.287531573786413,,,,,200,461.55669140815735
371,categorical,100000,100,1,1.0,0.001,1.0,1000,3000,5000,3.0,3.0,0.3,False,0.0001,1,vae-embed,9.272493120685246,,,,,200,85.7844865322113
372,categorical,100000,100,1,1.0,0.001,1.0,1000,3000,5000,3.0,3.0,0.3,False,0.0001,1,lmmvae,1.8909605897154018,,0.10750914365053177,1.4511598348617554,1.5519639253616333,200,115.63921475410461
373,categorical,100000,100,1,1.0,0.001,1.0,1000,3000,5000,3.0,3.0,0.3,False,0.0001,2,pca-ignore,9.487690818239535,,,,,,0.4416508674621582
374,categorical,100000,100,1,1.0,0.001,1.0,1000,3000,5000,3.0,3.0,0.3,False,0.0001,2,pca-ohe,9.587015440946798,,,,,,28.910554885864258
375,categorical,100000,100,1,1.0,0.001,1.0,1000,3000,5000,3.0,3.0,0.3,False,0.0001,2,vae-ignore,9.251899321210963,,,,,200,58.370367765426636
376,categorical,100000,100,1,1.0,0.001,1.0,1000,3000,5000,3.0,3.0,0.3,False,0.0001,2,vae-ohe,9.297675744165241,,,,,200,463.91784930229187
377,categorical,100000,100,1,1.0,0.001,1.0,1000,3000,5000,3.0,3.0,0.3,False,0.0001,2,vae-embed,9.2881941886063,,,,,200,85.56026530265808
378,categorical,100000,100,1,1.0,0.001,1.0,1000,3000,5000,3.0,3.0,0.3,False,0.0001,2,lmmvae,2.096781178984562,,0.1051585003733635,1.4496431350708008,1.5917891263961792,200,117.12638115882874
379,categorical,100000,100,1,1.0,0.001,1.0,1000,3000,5000,3.0,3.0,0.3,False,0.0001,3,pca-ignore,9.337159522591854,,,,,,0.4470953941345215
380,categorical,100000,100,1,1.0,0.001,1.0,1000,3000,5000,3.0,3.0,0.3,False,0.0001,3,pca-ohe,9.444712546725569,,,,,,28.95296001434326
381,categorical,100000,100,1,1.0,0.001,1.0,1000,3000,5000,3.0,3.0,0.3,False,0.0001,3,vae-ignore,9.116818634138571,,,,,200,57.74750256538391
382,categorical,100000,100,1,1.0,0.001,1.0,1000,3000,5000,3.0,3.0,0.3,False,0.0001,3,vae-ohe,9.154796715718518,,,,,200,461.80439925193787
383,categorical,100000,100,1,1.0,0.001,1.0,1000,3000,5000,3.0,3.0,0.3,False,0.0001,3,vae-embed,9.187511326389917,,,,,200,85.58039832115173
384,categorical,100000,100,1,1.0,0.001,1.0,1000,3000,5000,3.0,3.0,0.3,False,0.0001,3,lmmvae,2.112835047959587,,0.0948207676410675,1.4688711166381836,1.5488944053649902,200,116.30830311775208
385,categorical,100000,100,1,1.0,0.001,1.0,1000,3000,5000,3.0,3.0,0.3,False,0.0001,4,pca-ignore,9.81183642416422,,,,,,0.4505445957183838
386,categorical,100000,100,1,1.0,0.001,1.0,1000,3000,5000,3.0,3.0,0.3,False,0.0001,4,pca-ohe,9.89905832364242,,,,,,29.019938707351685
387,categorical,100000,100,1,1.0,0.001,1.0,1000,3000,5000,3.0,3.0,0.3,False,0.0001,4,vae-ignore,9.53646780763672,,,,,200,57.92275071144104
388,categorical,100000,100,1,1.0,0.001,1.0,1000,3000,5000,3.0,3.0,0.3,False,0.0001,4,vae-ohe,9.526212318353208,,,,,200,464.9366502761841
389,categorical,100000,100,1,1.0,0.001,1.0,1000,3000,5000,3.0,3.0,0.3,False,0.0001,4,vae-embed,9.49363103499258,,,,,200,84.71100401878357
390,categorical,100000,100,1,1.0,0.001,1.0,1000,3000,5000,3.0,3.0,0.3,False,0.0001,4,lmmvae,2.319604062235157,,0.11259724944829941,1.4945048093795776,1.6227606534957886,200,113.29271125793457
391,categorical,100000,100,2,1.0,0.001,1.0,1000,3000,5000,3.0,3.0,0.3,False,0.0001,0,pca-ignore,9.566708455049984,,,,,,0.5044348239898682
392,categorical,100000,100,2,1.0,0.001,1.0,1000,3000,5000,3.0,3.0,0.3,False,0.0001,0,pca-ohe,9.86015767847438,,,,,,31.23701548576355
393,categorical,100000,100,2,1.0,0.001,1.0,1000,3000,5000,3.0,3.0,0.3,False,0.0001,0,vae-ignore,9.068605880225448,,,,,200,57.4556770324707
394,categorical,100000,100,2,1.0,0.001,1.0,1000,3000,5000,3.0,3.0,0.3,False,0.0001,0,vae-ohe,9.23224374114675,,,,,200,461.43448090553284
395,categorical,100000,100,2,1.0,0.001,1.0,1000,3000,5000,3.0,3.0,0.3,False,0.0001,0,vae-embed,9.12624945235268,,,,,200,84.88405561447144
396,categorical,100000,100,2,1.0,0.001,1.0,1000,3000,5000,3.0,3.0,0.3,False,0.0001,0,lmmvae,2.064111257693321,,0.10090015083551407,1.4440768957138062,1.5630954504013062,200,114.42248606681824
397,categorical,100000,100,2,1.0,0.001,1.0,1000,3000,5000,3.0,3.0,0.3,False,0.0001,1,pca-ignore,9.661972812862672,,,,,,0.4867594242095947
398,categorical,100000,100,2,1.0,0.001,1.0,1000,3000,5000,3.0,3.0,0.3,False,0.0001,1,pca-ohe,9.958059275896375,,,,,,32.476343631744385
399,categorical,100000,100,2,1.0,0.001,1.0,1000,3000,5000,3.0,3.0,0.3,False,0.0001,1,vae-ignore,9.358603170109735,,,,,200,57.62429714202881
400,categorical,100000,100,2,1.0,0.001,1.0,1000,3000,5000,3.0,3.0,0.3,False,0.0001,1,vae-ohe,9.35618981268937,,,,,200,449.4421706199646
401,categorical,100000,100,2,1.0,0.001,1.0,1000,3000,5000,3.0,3.0,0.3,False,0.0001,1,vae-embed,9.29029288598603,,,,,200,85.19200348854065
402,categorical,100000,100,2,1.0,0.001,1.0,1000,3000,5000,3.0,3.0,0.3,False,0.0001,1,lmmvae,2.2540799417989135,,0.09418463706970215,1.4799822568893433,1.5888746976852417,200,115.02872276306152
403,categorical,100000,100,2,1.0,0.001,1.0,1000,3000,5000,3.0,3.0,0.3,False,0.0001,2,pca-ignore,9.550385552702103,,,,,,0.4809689521789551
404,categorical,100000,100,2,1.0,0.001,1.0,1000,3000,5000,3.0,3.0,0.3,False,0.0001,2,pca-ohe,9.811914770434756,,,,,,31.279383897781372
405,categorical,100000,100,2,1.0,0.001,1.0,1000,3000,5000,3.0,3.0,0.3,False,0.0001,2,vae-ignore,9.058740637141582,,,,,200,57.11514973640442
406,categorical,100000,100,2,1.0,0.001,1.0,1000,3000,5000,3.0,3.0,0.3,False,0.0001,2,vae-ohe,9.26858598527449,,,,,200,459.49651193618774
407,categorical,100000,100,2,1.0,0.001,1.0,1000,3000,5000,3.0,3.0,0.3,False,0.0001,2,vae-embed,9.075930846761425,,,,,200,85.15566086769104
408,categorical,100000,100,2,1.0,0.001,1.0,1000,3000,5000,3.0,3.0,0.3,False,0.0001,2,lmmvae,2.0740220021086646,,0.11391562223434448,1.4563044309616089,1.5354712009429932,200,115.39793968200684
409,categorical,100000,100,2,1.0,0.001,1.0,1000,3000,5000,3.0,3.0,0.3,False,0.0001,3,pca-ignore,9.099946357564807,,,,,,0.5138344764709473
410,categorical,100000,100,2,1.0,0.001,1.0,1000,3000,5000,3.0,3.0,0.3,False,0.0001,3,pca-ohe,9.328936606306394,,,,,,31.148279190063477
411,categorical,100000,100,2,1.0,0.001,1.0,1000,3000,5000,3.0,3.0,0.3,False,0.0001,3,vae-ignore,8.715841333305022,,,,,200,57.548722982406616
412,categorical,100000,100,2,1.0,0.001,1.0,1000,3000,5000,3.0,3.0,0.3,False,0.0001,3,vae-ohe,8.705922394698668,,,,,200,458.93349599838257
413,categorical,100000,100,2,1.0,0.001,1.0,1000,3000,5000,3.0,3.0,0.3,False,0.0001,3,vae-embed,8.62736034459663,,,,,200,84.99157428741455
414,categorical,100000,100,2,1.0,0.001,1.0,1000,3000,5000,3.0,3.0,0.3,False,0.0001,3,lmmvae,2.268930423557486,,0.11123476177453995,1.321528673171997,1.4843400716781616,200,119.67108535766602
415,categorical,100000,100,2,1.0,0.001,1.0,1000,3000,5000,3.0,3.0,0.3,False,0.0001,4,pca-ignore,9.81941394265091,,,,,,0.4936487674713135
416,categorical,100000,100,2,1.0,0.001,1.0,1000,3000,5000,3.0,3.0,0.3,False,0.0001,4,pca-ohe,10.060913323107119,,,,,,31.06287956237793
417,categorical,100000,100,2,1.0,0.001,1.0,1000,3000,5000,3.0,3.0,0.3,False,0.0001,4,vae-ignore,9.251840954769394,,,,,200,57.54898738861084
418,categorical,100000,100,2,1.0,0.001,1.0,1000,3000,5000,3.0,3.0,0.3,False,0.0001,4,vae-ohe,9.435190199596418,,,,,200,460.31318616867065
419,categorical,100000,100,2,1.0,0.001,1.0,1000,3000,5000,3.0,3.0,0.3,False,0.0001,4,vae-embed,9.332871827000908,,,,,200,85.02073669433594
420,categorical,100000,100,2,1.0,0.001,1.0,1000,3000,5000,3.0,3.0,0.3,False,0.0001,4,lmmvae,2.16584288808782,,0.08932243287563324,1.5230311155319214,1.5566352605819702,200,115.91102123260498
421,categorical,100000,100,1,1.0,0.001,1.0,1000,3000,5000,3.0,3.0,3.0,False,0.0001,0,pca-ignore,12.593679106439053,,,,,,0.45178747177124023
422,categorical,100000,100,1,1.0,0.001,1.0,1000,3000,5000,3.0,3.0,3.0,False,0.0001,0,pca-ohe,12.766456389246436,,,,,,28.76194429397583
423,categorical,100000,100,1,1.0,0.001,1.0,1000,3000,5000,3.0,3.0,3.0,False,0.0001,0,vae-ignore,12.259300782257496,,,,,200,57.733524560928345
424,categorical,100000,100,1,1.0,0.001,1.0,1000,3000,5000,3.0,3.0,3.0,False,0.0001,0,vae-ohe,12.31551716582328,,,,,200,446.70589423179626
425,categorical,100000,100,1,1.0,0.001,1.0,1000,3000,5000,3.0,3.0,3.0,False,0.0001,0,vae-embed,12.254134809188661,,,,,200,83.96507811546326
426,categorical,100000,100,1,1.0,0.001,1.0,1000,3000,5000,3.0,3.0,3.0,False,0.0001,0,lmmvae,2.4625090210774085,,0.08045775443315506,1.2820963859558105,3.327068567276001,200,113.56089925765991
427,categorical,100000,100,1,1.0,0.001,1.0,1000,3000,5000,3.0,3.0,3.0,False,0.0001,1,pca-ignore,12.999439190240446,,,,,,0.453035831451416
428,categorical,100000,100,1,1.0,0.001,1.0,1000,3000,5000,3.0,3.0,3.0,False,0.0001,1,pca-ohe,13.184056525300734,,,,,,28.554319858551025
429,categorical,100000,100,1,1.0,0.001,1.0,1000,3000,5000,3.0,3.0,3.0,False,0.0001,1,vae-ignore,12.661090724936065,,,,,200,56.95036554336548
430,categorical,100000,100,1,1.0,0.001,1.0,1000,3000,5000,3.0,3.0,3.0,False,0.0001,1,vae-ohe,12.709574898583258,,,,,200,448.6250970363617
431,categorical,100000,100,1,1.0,0.001,1.0,1000,3000,5000,3.0,3.0,3.0,False,0.0001,1,vae-embed,12.618952427016001,,,,,200,83.9050121307373
432,categorical,100000,100,1,1.0,0.001,1.0,1000,3000,5000,3.0,3.0,3.0,False,0.0001,1,lmmvae,2.438467649726735,,0.08799321949481964,1.365472435951233,3.3488714694976807,200,112.29935622215271
433,categorical,100000,100,1,1.0,0.001,1.0,1000,3000,5000,3.0,3.0,3.0,False,0.0001,2,pca-ignore,13.294323394329437,,,,,,0.4520597457885742
434,categorical,100000,100,1,1.0,0.001,1.0,1000,3000,5000,3.0,3.0,3.0,False,0.0001,2,pca-ohe,13.43391052982182,,,,,,28.699591875076294
435,categorical,100000,100,1,1.0,0.001,1.0,1000,3000,5000,3.0,3.0,3.0,False,0.0001,2,vae-ignore,12.896291157718693,,,,,200,56.74403381347656
436,categorical,100000,100,1,1.0,0.001,1.0,1000,3000,5000,3.0,3.0,3.0,False,0.0001,2,vae-ohe,12.972570133950672,,,,,200,458.1625335216522
437,categorical,100000,100,1,1.0,0.001,1.0,1000,3000,5000,3.0,3.0,3.0,False,0.0001,2,vae-embed,12.888539499902802,,,,,200,83.82806539535522
438,categorical,100000,100,1,1.0,0.001,1.0,1000,3000,5000,3.0,3.0,3.0,False,0.0001,2,lmmvae,2.507998471883346,,0.10219272971153259,1.3820303678512573,3.4396543502807617,200,112.48536276817322
439,categorical,100000,100,1,1.0,0.001,1.0,1000,3000,5000,3.0,3.0,3.0,False,0.0001,3,pca-ignore,13.673547487419455,,,,,,0.47052764892578125
440,categorical,100000,100,1,1.0,0.001,1.0,1000,3000,5000,3.0,3.0,3.0,False,0.0001,3,pca-ohe,13.849053235532187,,,,,,28.647395372390747
441,categorical,100000,100,1,1.0,0.001,1.0,1000,3000,5000,3.0,3.0,3.0,False,0.0001,3,vae-ignore,13.39888508953138,,,,,200,56.922115087509155
442,categorical,100000,100,1,1.0,0.001,1.0,1000,3000,5000,3.0,3.0,3.0,False,0.0001,3,vae-ohe,13.373873273874164,,,,,200,460.3386137485504
443,categorical,100000,100,1,1.0,0.001,1.0,1000,3000,5000,3.0,3.0,3.0,False,0.0001,3,vae-embed,13.303970667834061,,,,,200,83.68145418167114
444,categorical,100000,100,1,1.0,0.001,1.0,1000,3000,5000,3.0,3.0,3.0,False,0.0001,3,lmmvae,2.6645488245311775,,0.0942770466208458,1.3502873182296753,3.677835702896118,200,114.20661067962646
445,categorical,100000,100,1,1.0,0.001,1.0,1000,3000,5000,3.0,3.0,3.0,False,0.0001,4,pca-ignore,13.278659508176496,,,,,,0.4584829807281494
446,categorical,100000,100,1,1.0,0.001,1.0,1000,3000,5000,3.0,3.0,3.0,False,0.0001,4,pca-ohe,13.48413630548183,,,,,,28.74203610420227
447,categorical,100000,100,1,1.0,0.001,1.0,1000,3000,5000,3.0,3.0,3.0,False,0.0001,4,vae-ignore,12.991310634700282,,,,,200,56.52569079399109
448,categorical,100000,100,1,1.0,0.001,1.0,1000,3000,5000,3.0,3.0,3.0,False,0.0001,4,vae-ohe,12.969852157611115,,,,,200,460.96012806892395
449,categorical,100000,100,1,1.0,0.001,1.0,1000,3000,5000,3.0,3.0,3.0,False,0.0001,4,vae-embed,13.111948641559122,,,,,200,83.72334098815918
450,categorical,100000,100,1,1.0,0.001,1.0,1000,3000,5000,3.0,3.0,3.0,False,0.0001,4,lmmvae,3.121666038307246,,0.0738842710852623,1.276390552520752,3.3401434421539307,200,112.00151538848877
451,categorical,100000,100,2,1.0,0.001,1.0,1000,3000,5000,3.0,3.0,3.0,False,0.0001,0,pca-ignore,13.26675669929803,,,,,,0.5116944313049316
452,categorical,100000,100,2,1.0,0.001,1.0,1000,3000,5000,3.0,3.0,3.0,False,0.0001,0,pca-ohe,13.666074196443342,,,,,,31.056525468826294
453,categorical,100000,100,2,1.0,0.001,1.0,1000,3000,5000,3.0,3.0,3.0,False,0.0001,0,vae-ignore,12.661210126607468,,,,,200,56.837395668029785
454,categorical,100000,100,2,1.0,0.001,1.0,1000,3000,5000,3.0,3.0,3.0,False,0.0001,0,vae-ohe,12.749866897583155,,,,,200,461.1249907016754
455,categorical,100000,100,2,1.0,0.001,1.0,1000,3000,5000,3.0,3.0,3.0,False,0.0001,0,vae-embed,12.66618407021223,,,,,200,83.67763495445251
456,categorical,100000,100,2,1.0,0.001,1.0,1000,3000,5000,3.0,3.0,3.0,False,0.0001,0,lmmvae,2.6099541568959195,,0.09729665517807007,1.3488441705703735,3.468325138092041,200,111.78062081336975
457,categorical,100000,100,2,1.0,0.001,1.0,1000,3000,5000,3.0,3.0,3.0,False,0.0001,1,pca-ignore,12.876380454663618,,,,,,0.4806864261627197
458,categorical,100000,100,2,1.0,0.001,1.0,1000,3000,5000,3.0,3.0,3.0,False,0.0001,1,pca-ohe,13.280514761073716,,,,,,31.064905643463135
459,categorical,100000,100,2,1.0,0.001,1.0,1000,3000,5000,3.0,3.0,3.0,False,0.0001,1,vae-ignore,12.640952941415108,,,,,200,56.79020619392395
460,categorical,100000,100,2,1.0,0.001,1.0,1000,3000,5000,3.0,3.0,3.0,False,0.0001,1,vae-ohe,12.486921295134902,,,,,200,458.99685192108154
461,categorical,100000,100,2,1.0,0.001,1.0,1000,3000,5000,3.0,3.0,3.0,False,0.0001,1,vae-embed,12.322337237932368,,,,,200,84.01744961738586
462,categorical,100000,100,2,1.0,0.001,1.0,1000,3000,5000,3.0,3.0,3.0,False,0.0001,1,lmmvae,2.657797072887792,,0.08820363134145737,1.2899304628372192,3.3054473400115967,200,112.81165051460266
463,categorical,100000,100,2,1.0,0.001,1.0,1000,3000,5000,3.0,3.0,3.0,False,0.0001,2,pca-ignore,13.367056138021763,,,,,,0.47896504402160645
464,categorical,100000,100,2,1.0,0.001,1.0,1000,3000,5000,3.0,3.0,3.0,False,0.0001,2,pca-ohe,13.713161908567304,,,,,,31.091883420944214
465,categorical,100000,100,2,1.0,0.001,1.0,1000,3000,5000,3.0,3.0,3.0,False,0.0001,2,vae-ignore,12.851668468564796,,,,,200,56.67848443984985
466,categorical,100000,100,2,1.0,0.001,1.0,1000,3000,5000,3.0,3.0,3.0,False,0.0001,2,vae-ohe,12.9544824377173,,,,,200,459.4914028644562
467,categorical,100000,100,2,1.0,0.001,1.0,1000,3000,5000,3.0,3.0,3.0,False,0.0001,2,vae-embed,12.791633011713735,,,,,200,83.85747408866882
468,categorical,100000,100,2,1.0,0.001,1.0,1000,3000,5000,3.0,3.0,3.0,False,0.0001,2,lmmvae,2.744628411780587,,0.06426531076431274,1.3708082437515259,3.4319818019866943,200,115.27720355987549
469,categorical,100000,100,2,1.0,0.001,1.0,1000,3000,5000,3.0,3.0,3.0,False,0.0001,3,pca-ignore,12.652115150357497,,,,,,0.5232410430908203
470,categorical,100000,100,2,1.0,0.001,1.0,1000,3000,5000,3.0,3.0,3.0,False,0.0001,3,pca-ohe,12.999201731584494,,,,,,31.124852657318115
471,categorical,100000,100,2,1.0,0.001,1.0,1000,3000,5000,3.0,3.0,3.0,False,0.0001,3,vae-ignore,12.110006055201522,,,,,200,56.902681827545166
472,categorical,100000,100,2,1.0,0.001,1.0,1000,3000,5000,3.0,3.0,3.0,False,0.0001,3,vae-ohe,12.2566900688396,,,,,200,460.49698662757874
473,categorical,100000,100,2,1.0,0.001,1.0,1000,3000,5000,3.0,3.0,3.0,False,0.0001,3,vae-embed,12.040282019577965,,,,,200,83.8476095199585
474,categorical,100000,100,2,1.0,0.001,1.0,1000,3000,5000,3.0,3.0,3.0,False,0.0001,3,lmmvae,2.5535089697006095,,0.0731065645813942,1.3121256828308105,3.245720624923706,200,113.49473881721497
475,categorical,100000,100,2,1.0,0.001,1.0,1000,3000,5000,3.0,3.0,3.0,False,0.0001,4,pca-ignore,12.556424179994817,,,,,,0.4748208522796631
476,categorical,100000,100,2,1.0,0.001,1.0,1000,3000,5000,3.0,3.0,3.0,False,0.0001,4,pca-ohe,12.885625144810557,,,,,,31.171232223510742
477,categorical,100000,100,2,1.0,0.001,1.0,1000,3000,5000,3.0,3.0,3.0,False,0.0001,4,vae-ignore,11.983925509803374,,,,,200,56.47818207740784
478,categorical,100000,100,2,1.0,0.001,1.0,1000,3000,5000,3.0,3.0,3.0,False,0.0001,4,vae-ohe,12.153515327560275,,,,,200,463.2506821155548
479,categorical,100000,100,2,1.0,0.001,1.0,1000,3000,5000,3.0,3.0,3.0,False,0.0001,4,vae-embed,12.140536278794576,,,,,200,83.89143109321594
480,categorical,100000,100,2,1.0,0.001,1.0,1000,3000,5000,3.0,3.0,3.0,False,0.0001,4,lmmvae,2.6168599671871062,,0.07414145767688751,1.2404811382293701,3.270500898361206,200,111.72963285446167
