mode,N,p,d,sig2e,beta,re_prior,q0,sig2b0,sig2b1,sig2b2,rho0,rho1,sig2bs_identical,thresh,experiment,exp_type,mse_X,sig2e_est,sig2b_est0,sig2b_est1,sig2b_est2,rho_est0,rho_est1,n_epochs,time,total_loss_tr,recon_loss_tr,kl_loss_tr,re_kl_loss_tr,total_loss_te,recon_loss_te,kl_loss_te,re_kl_loss_te
longitudinal,100000,100,1,1,0.001,1,1000,0.3,0.3,0.3,0.3,0.3,FALSE,0.0001,0,pca-ignore,2.267913995,,,,,,,,0.974356651,140.8177556,,,,159.4878942,,,
longitudinal,100000,100,1,1,0.001,1,1000,0.3,0.3,0.3,0.3,0.3,FALSE,0.0001,0,vae-ignore,2.044094241,,,,,,,200,94.1762948,149.4599762,149.4525452,7.733006954,,204.6821594,204.6743774,7.754045486,
longitudinal,100000,100,1,1,0.001,1,1000,0.3,0.3,0.3,0.3,0.3,FALSE,0.0001,0,vae-embed,2.08622503,,,,,,,200,116.7515717,153.2681274,153.2601013,8.31145668,,208.9016724,208.8934326,8.291519165,
longitudinal,100000,100,1,1,0.001,1,1000,0.3,0.3,0.3,0.3,0.3,FALSE,0.0001,0,lmmvae,1.196027406,,0.41156283,0.04465609,0.043898955,,,200,212.448724,99.38103485,98.36190033,8.423517227,1010.74469,96.98214722,95.93287659,8.421608925,1040.8479
longitudinal,100000,100,1,1,0.001,1,1000,0.3,0.3,0.3,0.3,0.3,FALSE,0.0001,1,pca-ignore,2.223333087,,,,,,,,1.06644702,140.027639,,,,158.6673762,,,
longitudinal,100000,100,1,1,0.001,1,1000,0.3,0.3,0.3,0.3,0.3,FALSE,0.0001,1,vae-ignore,2.221553562,,,,,,,200,94.44078922,167.5742188,167.5036926,70.37788391,,222.4420013,222.3712006,70.92606354,
longitudinal,100000,100,1,1,0.001,1,1000,0.3,0.3,0.3,0.3,0.3,FALSE,0.0001,1,vae-embed,2.042966976,,,,,,,200,112.9773543,149.1313782,149.1242981,6.970837593,,204.5296783,204.522644,6.999705315,
longitudinal,100000,100,1,1,0.001,1,1000,0.3,0.3,0.3,0.3,0.3,FALSE,0.0001,1,lmmvae,1.190157052,,0.410352141,0.048608974,0.049040228,,,200,212.5855017,99.43798828,98.42675781,7.454946041,1003.847473,96.27120209,95.22994232,7.495149136,1033.729858
longitudinal,100000,100,1,1,0.001,1,1000,0.3,0.3,0.3,0.3,0.3,FALSE,0.0001,2,pca-ignore,2.266539992,,,,,,,,1.095033169,139.647767,,,,158.4140192,,,
longitudinal,100000,100,1,1,0.001,1,1000,0.3,0.3,0.3,0.3,0.3,FALSE,0.0001,2,vae-ignore,2.069175777,,,,,,,200,93.65198159,151.0057983,150.9839325,22.04398346,,207.2150574,207.1931763,21.88706779,
longitudinal,100000,100,1,1,0.001,1,1000,0.3,0.3,0.3,0.3,0.3,FALSE,0.0001,2,vae-embed,2.067386785,,,,,,,200,158.8203599,150.6970825,150.6881256,9.372338295,,207.033905,207.024704,9.324457169,
longitudinal,100000,100,1,1,0.001,1,1000,0.3,0.3,0.3,0.3,0.3,FALSE,0.0001,2,lmmvae,1.19904481,,0.412855148,0.048068829,0.0483629,,,200,211.8401575,99.60982513,98.5898056,7.835245132,1012.21167,97.10094452,96.04972076,7.857050896,1043.269409
longitudinal,100000,100,1,1,0.001,1,1000,0.3,0.3,0.3,0.3,0.3,FALSE,0.0001,3,pca-ignore,2.360756158,,,,,,,,1.100293636,139.7456839,,,,158.2081622,,,
longitudinal,100000,100,1,1,0.001,1,1000,0.3,0.3,0.3,0.3,0.3,FALSE,0.0001,3,vae-ignore,2.059625832,,,,,,,200,94.13532138,149.861618,149.8512573,10.40470505,,206.2319336,206.2214813,10.45462132,
longitudinal,100000,100,1,1,0.001,1,1000,0.3,0.3,0.3,0.3,0.3,FALSE,0.0001,3,vae-embed,2.086545872,,,,,,,200,113.6052651,152.0717926,152.0455017,26.19709015,,208.9313049,208.9052124,26.07072258,
longitudinal,100000,100,1,1,0.001,1,1000,0.3,0.3,0.3,0.3,0.3,FALSE,0.0001,3,lmmvae,1.301321805,,0.376139343,0.075616829,0.079616942,,,200,213.2154064,106.6312103,105.6972122,24.88305092,909.0742798,110.215126,109.2508087,24.74824905,939.5604858
longitudinal,100000,100,1,1,0.001,1,1000,0.3,0.3,0.3,0.3,0.3,FALSE,0.0001,4,pca-ignore,2.195947486,,,,,,,,1.156071901,140.7083284,,,,159.7771762,,,
longitudinal,100000,100,1,1,0.001,1,1000,0.3,0.3,0.3,0.3,0.3,FALSE,0.0001,4,vae-ignore,2.056518274,,,,,,,200,93.32962799,150.2492371,150.2232971,25.88287735,,205.9476318,205.9214935,26.24370003,
longitudinal,100000,100,1,1,0.001,1,1000,0.3,0.3,0.3,0.3,0.3,FALSE,0.0001,4,vae-embed,2.061218844,,,,,,,200,113.8074853,150.4661102,150.4508209,15.43842697,,206.3799133,206.3643036,15.484478,
longitudinal,100000,100,1,1,0.001,1,1000,0.3,0.3,0.3,0.3,0.3,FALSE,0.0001,4,lmmvae,1.190770078,,0.414374352,0.045489248,0.044226173,,,200,212.8686497,99.15905762,98.13884735,7.427872658,1012.764099,96.05806732,95.00738525,7.445856094,1043.192261
longitudinal,100000,100,2,1,0.001,1,1000,0.3,0.3,0.3,0.3,0.3,FALSE,0.0001,0,pca-ignore,2.367697059,,,,,,,,1.049037218,136.3737078,,,,153.7966299,,,
longitudinal,100000,100,2,1,0.001,1,1000,0.3,0.3,0.3,0.3,0.3,FALSE,0.0001,0,vae-ignore,2.046976715,,,,,,,200,96.26101518,150.4427338,150.4226685,20.26235008,,204.9486389,204.9284668,20.12626457,
longitudinal,100000,100,2,1,0.001,1,1000,0.3,0.3,0.3,0.3,0.3,FALSE,0.0001,0,vae-embed,2.080935161,,,,,,,200,115.9044018,152.2642822,152.237442,26.87319374,,208.4068909,208.3801422,26.75849724,
longitudinal,100000,100,2,1,0.001,1,1000,0.3,0.3,0.3,0.3,0.3,FALSE,0.0001,0,lmmvae,1.201110077,,0.401990116,0.045998693,0.045827497,,,200,215.3526621,99.95191193,98.94889832,16.39532471,986.6829834,97.76126099,96.72910309,16.39541435,1015.731079
longitudinal,100000,100,2,1,0.001,1,1000,0.3,0.3,0.3,0.3,0.3,FALSE,0.0001,1,pca-ignore,2.343456856,,,,,,,,1.079068184,137.0321536,,,,155.0724511,,,
longitudinal,100000,100,2,1,0.001,1,1000,0.3,0.3,0.3,0.3,0.3,FALSE,0.0001,1,vae-ignore,2.052196072,,,,,,,200,96.25306225,150.1481171,150.1286316,19.53241348,,205.4850464,205.4654846,19.45065308,
longitudinal,100000,100,2,1,0.001,1,1000,0.3,0.3,0.3,0.3,0.3,FALSE,0.0001,1,vae-embed,2.115055672,,,,,,,200,115.2260239,154.4292603,154.3713684,57.75532532,,211.8301544,211.7736206,56.56513214,
longitudinal,100000,100,2,1,0.001,1,1000,0.3,0.3,0.3,0.3,0.3,FALSE,0.0001,1,lmmvae,1.239069974,,0.403553873,0.049675237,0.049448151,,,200,214.2297401,103.5561295,102.4999619,22.03326797,1033.925903,100.8767548,99.79149628,22.1893158,1063.12439
longitudinal,100000,100,2,1,0.001,1,1000,0.3,0.3,0.3,0.3,0.3,FALSE,0.0001,2,pca-ignore,2.485846744,,,,,,,,1.112713814,137.7605844,,,,155.132963,,,
longitudinal,100000,100,2,1,0.001,1,1000,0.3,0.3,0.3,0.3,0.3,FALSE,0.0001,2,vae-ignore,2.089705112,,,,,,,200,95.74572062,152.9436035,152.920639,23.05008507,,209.2595367,209.2362671,23.19353294,
longitudinal,100000,100,2,1,0.001,1,1000,0.3,0.3,0.3,0.3,0.3,FALSE,0.0001,2,vae-embed,2.096865442,,,,,,,200,115.1211257,153.572464,153.5503235,21.80365753,,209.9609528,209.9389496,21.85735703,
longitudinal,100000,100,2,1,0.001,1,1000,0.3,0.3,0.3,0.3,0.3,FALSE,0.0001,2,lmmvae,1.22823096,,0.404975772,0.051023655,0.052730221,,,200,213.4373016,101.2816467,100.2554321,16.40041733,1009.806824,99.97840881,98.92189026,16.53266907,1039.949951
longitudinal,100000,100,2,1,0.001,1,1000,0.3,0.3,0.3,0.3,0.3,FALSE,0.0001,3,pca-ignore,2.355033171,,,,,,,,1.04673171,135.3391151,,,,153.0169498,,,
longitudinal,100000,100,2,1,0.001,1,1000,0.3,0.3,0.3,0.3,0.3,FALSE,0.0001,3,vae-ignore,2.05438874,,,,,,,200,95.62090993,150.5118256,150.4940796,17.7602272,,205.7076416,205.6899414,17.77070236,
longitudinal,100000,100,2,1,0.001,1,1000,0.3,0.3,0.3,0.3,0.3,FALSE,0.0001,3,vae-embed,2.172114442,,,,,,,200,115.3546023,162.0818634,161.9682159,114.0394974,,217.5538177,217.4409027,113.0810013,
longitudinal,100000,100,2,1,0.001,1,1000,0.3,0.3,0.3,0.3,0.3,FALSE,0.0001,3,lmmvae,1.201594809,,0.405287504,0.044770271,0.045310088,,,200,216.4206672,99.8965683,98.84309387,15.49896526,1038.050415,97.54856873,96.46642303,15.50122643,1066.564941
longitudinal,100000,100,2,1,0.001,1,1000,0.3,0.3,0.3,0.3,0.3,FALSE,0.0001,4,pca-ignore,2.418554191,,,,,,,,1.081747532,138.5547575,,,,155.8735735,,,
longitudinal,100000,100,2,1,0.001,1,1000,0.3,0.3,0.3,0.3,0.3,FALSE,0.0001,4,vae-ignore,2.060422619,,,,,,,200,95.78457499,150.9967957,150.9796295,17.28996086,,206.3200684,206.3029327,17.28706741,
longitudinal,100000,100,2,1,0.001,1,1000,0.3,0.3,0.3,0.3,0.3,FALSE,0.0001,4,vae-embed,2.182126723,,,,,,,200,116.4385726,163.6993561,163.615509,83.81770325,,218.5594025,218.475769,83.54618073,
longitudinal,100000,100,2,1,0.001,1,1000,0.3,0.3,0.3,0.3,0.3,FALSE,0.0001,4,lmmvae,1.235208027,,0.404307097,0.045119047,0.044169713,,,200,214.1048155,103.2024536,102.1760712,15.83820915,1010.614197,100.7324448,99.67841339,15.88867378,1038.175415
longitudinal,100000,100,1,1,0.001,1,1000,0.3,0.3,3,0.3,0.3,FALSE,0.0001,0,pca-ignore,4.401490383,,,,,,,,1.004622936,139.7248833,,,,200.3101113,,,
longitudinal,100000,100,1,1,0.001,1,1000,0.3,0.3,3,0.3,0.3,FALSE,0.0001,0,vae-ignore,4.222798038,,,,,,,200,93.62499356,187.9739685,187.9616852,12.05229664,,422.5664978,422.5548401,12.17407799,
longitudinal,100000,100,1,1,0.001,1,1000,0.3,0.3,3,0.3,0.3,FALSE,0.0001,0,vae-embed,4.271508449,,,,,,,200,113.4960754,187.2264862,187.1667938,59.59465027,,427.4590149,427.3980408,61.12569427,
longitudinal,100000,100,1,1,0.001,1,1000,0.3,0.3,3,0.3,0.3,FALSE,0.0001,0,lmmvae,1.990173254,,0.487118185,0.081752516,0.077997476,,,200,211.8531914,106.2981873,105.3202286,8.139568329,970.0029907,111.8390732,110.6441879,8.226017952,1186.69458
longitudinal,100000,100,1,1,0.001,1,1000,0.3,0.3,3,0.3,0.3,FALSE,0.0001,1,pca-ignore,4.446971855,,,,,,,,1.032953739,139.9236726,,,,201.4690993,,,
longitudinal,100000,100,1,1,0.001,1,1000,0.3,0.3,3,0.3,0.3,FALSE,0.0001,1,vae-ignore,4.165028804,,,,,,,200,93.6684289,179.8766785,179.8655548,10.87525845,,416.7756348,416.7637939,11.57901382,
longitudinal,100000,100,1,1,0.001,1,1000,0.3,0.3,3,0.3,0.3,FALSE,0.0001,1,vae-embed,4.19337153,,,,,,,200,158.8034961,181.5488434,181.5286255,20.48927879,,419.6212463,419.5998535,21.33011627,
longitudinal,100000,100,1,1,0.001,1,1000,0.3,0.3,3,0.3,0.3,FALSE,0.0001,1,lmmvae,1.997344775,,0.493158698,0.093503229,0.08790157,,,200,212.6909201,106.9757004,106.0027618,7.735039711,965.375,110.4807892,109.3245773,7.975585938,1148.268066
longitudinal,100000,100,1,1,0.001,1,1000,0.3,0.3,3,0.3,0.3,FALSE,0.0001,2,pca-ignore,4.432579563,,,,,,,,1.420235634,140.4402965,,,,201.9114352,,,
longitudinal,100000,100,1,1,0.001,1,1000,0.3,0.3,3,0.3,0.3,FALSE,0.0001,2,vae-ignore,4.156870429,,,,,,,200,93.74107361,179.2962036,179.2827759,13.38079643,,415.9497375,415.9358521,13.8103981,
longitudinal,100000,100,1,1,0.001,1,1000,0.3,0.3,3,0.3,0.3,FALSE,0.0001,2,vae-embed,4.201896133,,,,,,,200,113.3672595,182.598587,182.5674591,30.60523415,,420.4866028,420.4555969,30.79580688,
longitudinal,100000,100,1,1,0.001,1,1000,0.3,0.3,3,0.3,0.3,FALSE,0.0001,2,lmmvae,2.002545625,,0.49418503,0.085522503,0.079353064,,,200,212.4371421,107.8420868,106.8246613,10.03167534,1007.448914,112.6764526,111.4674911,10.28093147,1198.71936
longitudinal,100000,100,1,1,0.001,1,1000,0.3,0.3,3,0.3,0.3,FALSE,0.0001,3,pca-ignore,4.357386622,,,,,,,,0.984009981,140.0348647,,,,202.0091736,,,
longitudinal,100000,100,1,1,0.001,1,1000,0.3,0.3,3,0.3,0.3,FALSE,0.0001,3,vae-ignore,4.134411256,,,,,,,200,93.5599463,178.3250732,178.3152313,9.828062057,,413.7041626,413.6943359,9.83581543,
longitudinal,100000,100,1,1,0.001,1,1000,0.3,0.3,3,0.3,0.3,FALSE,0.0001,3,vae-embed,4.182614916,,,,,,,200,113.2743852,180.2823181,180.2726746,9.6776371,,418.5315552,418.5218506,9.767342567,
longitudinal,100000,100,1,1,0.001,1,1000,0.3,0.3,3,0.3,0.3,FALSE,0.0001,3,lmmvae,1.978667524,,0.490674257,0.088524841,0.081333973,,,200,212.4470799,105.8556976,104.8520889,9.75203228,993.8980103,108.7022629,107.5317841,9.605596542,1160.892822
longitudinal,100000,100,1,1,0.001,1,1000,0.3,0.3,3,0.3,0.3,FALSE,0.0001,4,pca-ignore,4.344500057,,,,,,,,1.026230335,140.3297073,,,,202.6049283,,,
longitudinal,100000,100,1,1,0.001,1,1000,0.3,0.3,3,0.3,0.3,FALSE,0.0001,4,vae-ignore,4.15492532,,,,,,,200,93.82283521,180.0014954,179.9844666,16.84306335,,415.7593079,415.7417603,17.45620346,
longitudinal,100000,100,1,1,0.001,1,1000,0.3,0.3,3,0.3,0.3,FALSE,0.0001,4,vae-embed,4.347442404,,,,,,,200,113.5284362,199.3223877,199.2363892,85.86247253,,435.0742493,434.9875488,86.6466217,
longitudinal,100000,100,1,1,0.001,1,1000,0.3,0.3,3,0.3,0.3,FALSE,0.0001,4,lmmvae,2.005380119,,0.494065285,0.095785983,0.086648948,,,200,211.5626209,107.1000748,106.0528641,8.906291962,1038.354248,110.5407715,109.3700409,9.069844246,1161.672852
longitudinal,100000,100,2,1,0.001,1,1000,0.3,0.3,3,0.3,0.3,FALSE,0.0001,0,pca-ignore,4.462389119,,,,,,,,1.820738316,137.8070304,,,,196.0383299,,,
longitudinal,100000,100,2,1,0.001,1,1000,0.3,0.3,3,0.3,0.3,FALSE,0.0001,0,vae-ignore,4.189725063,,,,,,,200,96.31433892,182.1888123,182.123764,64.69685364,,419.2836304,419.2193298,64.44379425,
longitudinal,100000,100,2,1,0.001,1,1000,0.3,0.3,3,0.3,0.3,FALSE,0.0001,0,vae-embed,4.138557038,,,,,,,200,115.006999,180.0502625,180.0322571,18.15977859,,414.1099548,414.0914917,18.37271309,
longitudinal,100000,100,2,1,0.001,1,1000,0.3,0.3,3,0.3,0.3,FALSE,0.0001,0,lmmvae,2.027362178,,0.490142584,0.088597402,0.083707504,,,200,213.2695541,108.8472977,107.7939911,16.67755699,1036.654419,113.0514526,111.8607101,17.07736588,1173.730957
longitudinal,100000,100,2,1,0.001,1,1000,0.3,0.3,3,0.3,0.3,FALSE,0.0001,1,pca-ignore,4.481957236,,,,,,,,1.580926657,138.8659191,,,,196.7649834,,,
longitudinal,100000,100,2,1,0.001,1,1000,0.3,0.3,3,0.3,0.3,FALSE,0.0001,1,vae-ignore,4.257675093,,,,,,,200,95.95493388,191.3519897,191.2988434,53.27096939,,426.1080627,426.052948,54.79128265,
longitudinal,100000,100,2,1,0.001,1,1000,0.3,0.3,3,0.3,0.3,FALSE,0.0001,1,vae-embed,4.151764335,,,,,,,200,115.0900524,180.3157043,180.2945557,21.04677963,,415.4620056,415.4405212,21.29776573,
longitudinal,100000,100,2,1,0.001,1,1000,0.3,0.3,3,0.3,0.3,FALSE,0.0001,1,lmmvae,2.259195742,,0.495099515,0.169890016,0.165563986,,,200,214.201674,128.8612823,127.6934738,30.25034142,1137.491455,134.1916962,132.8987427,30.54643059,1262.211914
longitudinal,100000,100,2,1,0.001,1,1000,0.3,0.3,3,0.3,0.3,FALSE,0.0001,2,pca-ignore,4.447578012,,,,,,,,1.179532766,137.7176298,,,,194.8803065,,,
longitudinal,100000,100,2,1,0.001,1,1000,0.3,0.3,3,0.3,0.3,FALSE,0.0001,2,vae-ignore,4.146596704,,,,,,,200,95.44656491,182.9532318,182.9319458,21.17847633,,414.9484253,414.9265442,21.43905067,
longitudinal,100000,100,2,1,0.001,1,1000,0.3,0.3,3,0.3,0.3,FALSE,0.0001,2,vae-embed,4.123244832,,,,,,,200,114.7110059,180.0744934,180.0565033,18.06105232,,412.587738,412.5694885,18.27625656,
longitudinal,100000,100,2,1,0.001,1,1000,0.3,0.3,3,0.3,0.3,FALSE,0.0001,2,lmmvae,2.004564702,,0.484588265,0.085226163,0.078989357,,,200,214.1185193,107.2431412,106.186409,15.89577198,1040.784424,112.2822723,111.0975494,16.21878815,1168.516235
longitudinal,100000,100,2,1,0.001,1,1000,0.3,0.3,3,0.3,0.3,FALSE,0.0001,3,pca-ignore,4.541182396,,,,,,,,1.118466139,138.3754182,,,,196.1238418,,,
longitudinal,100000,100,2,1,0.001,1,1000,0.3,0.3,3,0.3,0.3,FALSE,0.0001,3,vae-ignore,4.255254525,,,,,,,200,95.4290154,187.3095093,187.2880554,21.56113243,,425.7961121,425.7735901,21.95439339,
longitudinal,100000,100,2,1,0.001,1,1000,0.3,0.3,3,0.3,0.3,FALSE,0.0001,3,vae-embed,4.26596961,,,,,,,200,115.8236666,185.042572,184.9934845,49.46715164,,426.8801575,426.8295898,49.91117096,
longitudinal,100000,100,2,1,0.001,1,1000,0.3,0.3,3,0.3,0.3,FALSE,0.0001,3,lmmvae,2.049132128,,0.482473224,0.087793134,0.082349308,,,200,214.9157162,109.6925659,108.6709976,15.79144096,1005.614319,114.8122787,113.620491,16.23660469,1175.512085
longitudinal,100000,100,2,1,0.001,1,1000,0.3,0.3,3,0.3,0.3,FALSE,0.0001,4,pca-ignore,4.530674665,,,,,,,,1.117534399,137.7308879,,,,194.790953,,,
longitudinal,100000,100,2,1,0.001,1,1000,0.3,0.3,3,0.3,0.3,FALSE,0.0001,4,vae-ignore,4.193571329,,,,,,,200,95.5316236,181.6999054,181.6588898,40.95727539,,419.6461487,419.6056519,40.90832901,
longitudinal,100000,100,2,1,0.001,1,1000,0.3,0.3,3,0.3,0.3,FALSE,0.0001,4,vae-embed,4.188311623,,,,,,,200,115.4113514,184.5529785,184.5328979,20.17707443,,419.1023865,419.0823669,20.16378975,
longitudinal,100000,100,2,1,0.001,1,1000,0.3,0.3,3,0.3,0.3,FALSE,0.0001,4,lmmvae,2.042028467,,0.487007678,0.085907429,0.081951611,,,200,213.4157853,110.4579163,109.4200897,17.18904495,1020.705383,114.5484772,113.3678894,17.39657593,1163.23584
longitudinal,100000,100,1,1,0.001,1,1000,0.3,3,0.3,0.3,0.3,FALSE,0.0001,0,pca-ignore,4.770788179,,,,,,,,0.991630077,141.0848058,,,,191.9545845,,,
longitudinal,100000,100,1,1,0.001,1,1000,0.3,3,0.3,0.3,0.3,FALSE,0.0001,0,vae-ignore,4.586809775,,,,,,,200,97.27421236,224.066925,224.053421,13.66139412,,458.947998,458.9339905,14.02119064,
longitudinal,100000,100,1,1,0.001,1,1000,0.3,3,0.3,0.3,0.3,FALSE,0.0001,0,vae-embed,4.665654466,,,,,,,200,116.8769236,229.7132721,229.6954193,17.67988968,,466.865387,466.8476868,17.42749596,
longitudinal,100000,100,1,1,0.001,1,1000,0.3,3,0.3,0.3,0.3,FALSE,0.0001,0,lmmvae,1.598506117,,0.674454868,0.230362773,0.099803932,,,200,213.4011664,107.4779129,106.4863892,8.003281593,983.3103027,118.1715622,116.9135971,8.120969772,1249.661865
longitudinal,100000,100,1,1,0.001,1,1000,0.3,3,0.3,0.3,0.3,FALSE,0.0001,1,pca-ignore,4.73957019,,,,,,,,1.008468628,140.8155535,,,,191.8827822,,,
longitudinal,100000,100,1,1,0.001,1,1000,0.3,3,0.3,0.3,0.3,FALSE,0.0001,1,vae-ignore,4.555101511,,,,,,,200,93.51307583,222.5153809,222.4981689,17.08323669,,455.7785645,455.7611389,17.7100811,
longitudinal,100000,100,1,1,0.001,1,1000,0.3,3,0.3,0.3,0.3,FALSE,0.0001,1,vae-embed,4.735230886,,,,,,,200,113.7321687,239.7867279,239.7300568,56.7093811,,473.8735962,473.8161011,57.57395172,
longitudinal,100000,100,1,1,0.001,1,1000,0.3,3,0.3,0.3,0.3,FALSE,0.0001,1,lmmvae,1.658968862,,0.6714347,0.238896251,0.108267762,,,200,213.970325,111.9952393,110.9753342,19.96545219,999.9074707,123.920639,122.6418381,21.07526207,1257.738892
longitudinal,100000,100,1,1,0.001,1,1000,0.3,3,0.3,0.3,0.3,FALSE,0.0001,2,pca-ignore,4.777784331,,,,,,,,1.025747299,140.3429774,,,,191.9791915,,,
longitudinal,100000,100,1,1,0.001,1,1000,0.3,3,0.3,0.3,0.3,FALSE,0.0001,2,vae-ignore,4.59010789,,,,,,,200,93.65154672,221.4675293,221.4602509,7.154477119,,459.2374878,459.2308044,7.234004021,
longitudinal,100000,100,1,1,0.001,1,1000,0.3,3,0.3,0.3,0.3,FALSE,0.0001,2,vae-embed,4.604128342,,,,,,,200,113.3098595,222.111969,222.1019745,10.06889725,,460.6621399,460.6518555,10.06317806,
longitudinal,100000,100,1,1,0.001,1,1000,0.3,3,0.3,0.3,0.3,FALSE,0.0001,2,lmmvae,1.607017931,,0.673098624,0.225679219,0.10604284,,,200,212.607265,107.8103485,106.8161392,8.480210304,985.8123779,116.2669754,115.034523,8.346680641,1224.110718
longitudinal,100000,100,1,1,0.001,1,1000,0.3,3,0.3,0.3,0.3,FALSE,0.0001,3,pca-ignore,4.720005699,,,,,,,,1.060807705,141.0468304,,,,192.9915275,,,
longitudinal,100000,100,1,1,0.001,1,1000,0.3,3,0.3,0.3,0.3,FALSE,0.0001,3,vae-ignore,4.574258962,,,,,,,200,94.12625384,221.5730286,221.5218048,51.02843094,,457.7429504,457.6883545,54.30302048,
longitudinal,100000,100,1,1,0.001,1,1000,0.3,3,0.3,0.3,0.3,FALSE,0.0001,3,vae-embed,4.556837904,,,,,,,200,113.14535,220.7247467,220.7120209,13.31791401,,455.9559631,455.9421997,13.6384058,
longitudinal,100000,100,1,1,0.001,1,1000,0.3,3,0.3,0.3,0.3,FALSE,0.0001,3,lmmvae,1.609545301,,0.676937699,0.223324686,0.094633475,,,200,212.9754448,107.8948746,106.8860855,7.242496014,1001.510925,113.9017029,112.6799088,7.356239796,1214.429932
longitudinal,100000,100,1,1,0.001,1,1000,0.3,3,0.3,0.3,0.3,FALSE,0.0001,4,pca-ignore,4.714423136,,,,,,,,1.082066536,140.9588779,,,,192.8838654,,,
longitudinal,100000,100,1,1,0.001,1,1000,0.3,3,0.3,0.3,0.3,FALSE,0.0001,4,vae-ignore,4.543544672,,,,,,,200,94.0515151,219.9816437,219.9740448,7.724824905,,454.6320496,454.624115,7.939310074,
longitudinal,100000,100,1,1,0.001,1,1000,0.3,3,0.3,0.3,0.3,FALSE,0.0001,4,vae-embed,4.563071644,,,,,,,200,113.1499822,221.2168732,221.2057037,10.97987366,,456.5651855,456.5538635,11.26792622,
longitudinal,100000,100,1,1,0.001,1,1000,0.3,3,0.3,0.3,0.3,FALSE,0.0001,4,lmmvae,1.675576257,,0.675667107,0.225738794,0.103870563,,,200,212.7487178,114.5288162,113.5087891,7.363688469,1012.773376,120.5316238,119.3033524,7.424289703,1220.835571
longitudinal,100000,100,2,1,0.001,1,1000,0.3,3,0.3,0.3,0.3,FALSE,0.0001,0,pca-ignore,4.857338497,,,,,,,,1.528515577,138.101701,,,,185.8563291,,,
longitudinal,100000,100,2,1,0.001,1,1000,0.3,3,0.3,0.3,0.3,FALSE,0.0001,0,vae-ignore,4.678808871,,,,,,,200,96.35724902,235.1927948,235.1091461,83.75149536,,468.2208862,468.1376648,83.82922363,
longitudinal,100000,100,2,1,0.001,1,1000,0.3,3,0.3,0.3,0.3,FALSE,0.0001,0,vae-embed,4.539270382,,,,,,,200,115.5108263,221.9631958,221.9452057,18.21867371,,454.2070923,454.1889648,18.43478584,
longitudinal,100000,100,2,1,0.001,1,1000,0.3,3,0.3,0.3,0.3,FALSE,0.0001,0,lmmvae,1.656999468,,0.665962398,0.217115387,0.100644112,,,200,216.0134809,111.1986008,110.1695404,16.24847412,1012.817505,120.8332138,119.5854111,16.71271706,1231.044189
longitudinal,100000,100,2,1,0.001,1,1000,0.3,3,0.3,0.3,0.3,FALSE,0.0001,1,pca-ignore,4.852282246,,,,,,,,1.107317686,139.0327141,,,,187.3772733,,,
longitudinal,100000,100,2,1,0.001,1,1000,0.3,3,0.3,0.3,0.3,FALSE,0.0001,1,vae-ignore,4.561647356,,,,,,,200,96.32329655,221.5795746,221.5586548,21.12220383,,456.4367065,456.4147034,21.79496574,
longitudinal,100000,100,2,1,0.001,1,1000,0.3,3,0.3,0.3,0.3,FALSE,0.0001,1,vae-embed,4.565515028,,,,,,,200,115.3233902,222.6097565,222.585022,24.68787956,,456.8391113,456.814209,25.21642113,
longitudinal,100000,100,2,1,0.001,1,1000,0.3,3,0.3,0.3,0.3,FALSE,0.0001,1,lmmvae,1.64391647,,0.670689166,0.211960107,0.097942695,,,200,214.2724307,109.5253601,108.4936752,15.54049683,1016.118286,116.5669479,115.3323593,15.75905037,1218.780029
longitudinal,100000,100,2,1,0.001,1,1000,0.3,3,0.3,0.3,0.3,FALSE,0.0001,2,pca-ignore,4.838094014,,,,,,,,1.082880497,138.836219,,,,187.4335252,,,
longitudinal,100000,100,2,1,0.001,1,1000,0.3,3,0.3,0.3,0.3,FALSE,0.0001,2,vae-ignore,4.553343957,,,,,,,200,95.19072604,222.6901245,222.6718292,18.13381958,,455.6290588,455.6104126,18.57730484,
longitudinal,100000,100,2,1,0.001,1,1000,0.3,3,0.3,0.3,0.3,FALSE,0.0001,2,vae-embed,4.537153967,,,,,,,200,115.8610215,221.3361816,221.3211975,15.19277,,453.9600525,453.944397,15.4841423,
longitudinal,100000,100,2,1,0.001,1,1000,0.3,3,0.3,0.3,0.3,FALSE,0.0001,2,lmmvae,1.657256863,,0.672705829,0.213806167,0.099001035,,,200,214.5386472,110.6310349,109.6273651,15.39784813,988.2902832,118.8166733,117.6142654,15.60720158,1186.782104
longitudinal,100000,100,2,1,0.001,1,1000,0.3,3,0.3,0.3,0.3,FALSE,0.0001,3,pca-ignore,4.81468745,,,,,,,,1.278497458,139.391419,,,,188.409471,,,
longitudinal,100000,100,2,1,0.001,1,1000,0.3,3,0.3,0.3,0.3,FALSE,0.0001,3,vae-ignore,4.526090528,,,,,,,200,95.89944506,220.0731964,220.0570068,15.94212055,,452.8629456,452.8470459,16.10753822,
longitudinal,100000,100,2,1,0.001,1,1000,0.3,3,0.3,0.3,0.3,FALSE,0.0001,3,vae-embed,4.570096742,,,,,,,200,115.5533884,223.9786072,223.9616699,16.94040108,,457.2623901,457.2452087,17.20268059,
longitudinal,100000,100,2,1,0.001,1,1000,0.3,3,0.3,0.3,0.3,FALSE,0.0001,3,lmmvae,1.622938806,,0.66761899,0.223631471,0.09684708,,,200,214.9032998,108.3558731,107.3459091,15.3104496,994.6848145,118.001976,116.7609863,15.77901363,1225.255005
longitudinal,100000,100,2,1,0.001,1,1000,0.3,3,0.3,0.3,0.3,FALSE,0.0001,4,pca-ignore,4.880072887,,,,,,,,1.234325409,139.5327175,,,,187.7391537,,,
longitudinal,100000,100,2,1,0.001,1,1000,0.3,3,0.3,0.3,0.3,FALSE,0.0001,4,vae-ignore,4.693243525,,,,,,,200,95.83392072,234.1882477,234.122757,65.40280151,,469.6603088,469.5945129,66.10808563,
longitudinal,100000,100,2,1,0.001,1,1000,0.3,3,0.3,0.3,0.3,FALSE,0.0001,4,vae-embed,4.594225863,,,,,,,200,116.0629787,224.2589722,224.2373199,21.57374954,,459.7056885,459.6835938,21.84554291,
longitudinal,100000,100,2,1,0.001,1,1000,0.3,3,0.3,0.3,0.3,FALSE,0.0001,4,lmmvae,1.65405889,,0.680048347,0.213187739,0.101600066,,,200,213.4676661,109.6215973,108.5987625,14.87561989,1007.796204,117.8430023,116.6296158,15.02173138,1198.349854
longitudinal,100000,100,1,1,0.001,1,1000,0.3,3,3,0.3,0.3,FALSE,0.0001,0,pca-ignore,6.900187149,,,,,,,,1.470333099,140.1157963,,,,219.2432236,,,
longitudinal,100000,100,1,1,0.001,1,1000,0.3,3,3,0.3,0.3,FALSE,0.0001,0,vae-ignore,6.673602125,,,,,,,200,93.83058333,251.5671234,251.5494537,18.00781631,,667.640686,667.6228027,18.10411453,
longitudinal,100000,100,1,1,0.001,1,1000,0.3,3,3,0.3,0.3,FALSE,0.0001,0,vae-embed,6.691103401,,,,,,,200,113.2855721,252.3682251,252.325531,42.84626389,,669.4068604,669.3618774,44.88383484,
longitudinal,100000,100,1,1,0.001,1,1000,0.3,3,3,0.3,0.3,FALSE,0.0001,0,lmmvae,2.275007306,,0.699747264,0.318079442,0.176893145,,,200,215.9578354,113.6558762,112.6422272,8.759361267,1005.114929,143.8272095,142.394577,9.042504311,1423.644531
longitudinal,100000,100,1,1,0.001,1,1000,0.3,3,3,0.3,0.3,FALSE,0.0001,1,pca-ignore,6.850935237,,,,,,,,1.065587044,141.4542231,,,,220.2554524,,,
longitudinal,100000,100,1,1,0.001,1,1000,0.3,3,3,0.3,0.3,FALSE,0.0001,1,vae-ignore,6.640653264,,,,,,,200,93.76506758,251.0800476,251.0643005,15.77330589,,664.3372803,664.321106,16.09660339,
longitudinal,100000,100,1,1,0.001,1,1000,0.3,3,3,0.3,0.3,FALSE,0.0001,1,vae-embed,6.653226817,,,,,,,200,113.4091694,251.8404541,251.823349,16.85761452,,665.6056519,665.5883789,17.23842621,
longitudinal,100000,100,1,1,0.001,1,1000,0.3,3,3,0.3,0.3,FALSE,0.0001,1,lmmvae,2.244241602,,0.694862604,0.334210366,0.177805647,,,200,212.5983133,112.0114136,111.0043869,7.40170145,999.5509033,153.0749817,151.5925293,7.637465,1474.868896
longitudinal,100000,100,1,1,0.001,1,1000,0.3,3,3,0.3,0.3,FALSE,0.0001,2,pca-ignore,6.792549376,,,,,,,,1.070443153,141.2571853,,,,220.708502,,,
longitudinal,100000,100,1,1,0.001,1,1000,0.3,3,3,0.3,0.3,FALSE,0.0001,2,vae-ignore,6.628637572,,,,,,,200,93.8257606,251.3848572,251.3759308,8.742729187,,663.1246948,663.1157227,8.960098267,
longitudinal,100000,100,1,1,0.001,1,1000,0.3,3,3,0.3,0.3,FALSE,0.0001,2,vae-embed,6.628221929,,,,,,,200,112.9549029,251.2755737,251.2671051,8.372951508,,663.0997925,663.0906982,8.620690346,
longitudinal,100000,100,1,1,0.001,1,1000,0.3,3,3,0.3,0.3,FALSE,0.0001,2,lmmvae,2.226675604,,0.689854264,0.346638709,0.171361536,,,200,213.238625,112.2613602,111.2530899,8.702674866,999.6578979,155.8806305,154.3937683,9.131777763,1477.65564
longitudinal,100000,100,1,1,0.001,1,1000,0.3,3,3,0.3,0.3,FALSE,0.0001,3,pca-ignore,6.870756042,,,,,,,,1.029523134,141.0437093,,,,220.3025047,,,
longitudinal,100000,100,1,1,0.001,1,1000,0.3,3,3,0.3,0.3,FALSE,0.0001,3,vae-ignore,6.664556342,,,,,,,200,94.20398855,251.9446564,251.9263,17.95171165,,666.7212524,666.7021484,18.6360054,
longitudinal,100000,100,1,1,0.001,1,1000,0.3,3,3,0.3,0.3,FALSE,0.0001,3,vae-embed,6.661901177,,,,,,,200,113.2076855,251.0239563,251.008606,15.16170788,,666.4473267,666.4310303,15.79856396,
longitudinal,100000,100,1,1,0.001,1,1000,0.3,3,3,0.3,0.3,FALSE,0.0001,3,lmmvae,2.256557475,,0.699044347,0.33004418,0.172406316,,,200,212.0611513,112.4851151,111.4737091,8.498351097,1002.770386,147.2481079,145.7808075,8.756075859,1458.549805
longitudinal,100000,100,1,1,0.001,1,1000,0.3,3,3,0.3,0.3,FALSE,0.0001,4,pca-ignore,6.900074748,,,,,,,,1.678081512,140.7488243,,,,218.8810416,,,
longitudinal,100000,100,1,1,0.001,1,1000,0.3,3,3,0.3,0.3,FALSE,0.0001,4,vae-ignore,6.659868874,,,,,,,200,93.60668182,251.9104767,251.9009552,9.343262672,,666.2322998,666.2224731,9.633693695,
longitudinal,100000,100,1,1,0.001,1,1000,0.3,3,3,0.3,0.3,FALSE,0.0001,4,vae-embed,6.664746215,,,,,,,200,113.5752611,252.3557739,252.3429718,12.85633087,,666.7365723,666.7233887,13.05516434,
longitudinal,100000,100,1,1,0.001,1,1000,0.3,3,3,0.3,0.3,FALSE,0.0001,4,lmmvae,2.328559308,,0.69541961,0.337654889,0.180689454,,,200,212.7736933,120.0845718,119.0627136,7.800936699,1014.048523,165.0693359,163.576889,7.856842041,1484.679932
longitudinal,100000,100,2,1,0.001,1,1000,0.3,3,3,0.3,0.3,FALSE,0.0001,0,pca-ignore,6.908970633,,,,,,,,1.172637701,139.2858739,,,,212.9595302,,,
longitudinal,100000,100,2,1,0.001,1,1000,0.3,3,3,0.3,0.3,FALSE,0.0001,0,vae-ignore,6.605423526,,,,,,,200,95.92837024,252.5885315,252.5691223,19.63799477,,660.7938232,660.7736816,20.22987366,
longitudinal,100000,100,2,1,0.001,1,1000,0.3,3,3,0.3,0.3,FALSE,0.0001,0,vae-embed,6.57648187,,,,,,,200,158.8767951,250.2451477,250.2280426,17.63877106,,657.9293823,657.9116211,18.02785873,
longitudinal,100000,100,2,1,0.001,1,1000,0.3,3,3,0.3,0.3,FALSE,0.0001,0,lmmvae,2.270645202,,0.677644789,0.332320452,0.166885644,,,200,214.9996848,113.4647751,112.4367752,16.00892067,1011.941101,159.1451569,157.6516724,16.55609512,1476.934814
longitudinal,100000,100,2,1,0.001,1,1000,0.3,3,3,0.3,0.3,FALSE,0.0001,1,pca-ignore,7.002154028,,,,,,,,1.387535095,139.7864786,,,,214.0438982,,,
longitudinal,100000,100,2,1,0.001,1,1000,0.3,3,3,0.3,0.3,FALSE,0.0001,1,vae-ignore,6.631750471,,,,,,,200,95.67725348,250.2160492,250.1977539,18.00628471,,663.4442749,663.4262695,18.83505249,
longitudinal,100000,100,2,1,0.001,1,1000,0.3,3,3,0.3,0.3,FALSE,0.0001,1,vae-embed,6.660926839,,,,,,,200,115.0047379,254.3878174,254.3699036,18.05768776,,666.3674316,666.3486328,18.64402962,
longitudinal,100000,100,2,1,0.001,1,1000,0.3,3,3,0.3,0.3,FALSE,0.0001,1,lmmvae,2.310868384,,0.682464242,0.344081163,0.182763055,,,200,215.1819031,115.7083588,114.6626892,20.64689636,1025.164185,163.36763,161.8445587,21.34749603,1501.631104
longitudinal,100000,100,2,1,0.001,1,1000,0.3,3,3,0.3,0.3,FALSE,0.0001,2,pca-ignore,7.022535209,,,,,,,,1.105773926,138.3357748,,,,212.2606757,,,
longitudinal,100000,100,2,1,0.001,1,1000,0.3,3,3,0.3,0.3,FALSE,0.0001,2,vae-ignore,6.86026912,,,,,,,200,96.90014935,270.9764709,270.8924866,83.96471405,,686.3820801,686.2927856,89.26439667,
longitudinal,100000,100,2,1,0.001,1,1000,0.3,3,3,0.3,0.3,FALSE,0.0001,2,vae-embed,6.700907229,,,,,,,200,115.7481568,254.9820709,254.9597931,22.16632462,,670.3678589,670.34552,22.53286171,
longitudinal,100000,100,2,1,0.001,1,1000,0.3,3,3,0.3,0.3,FALSE,0.0001,2,lmmvae,2.44157224,,0.706567764,0.32578975,0.183803439,,,200,215.1914396,123.9164124,122.8436279,37.09036255,1035.74585,161.9192352,160.4232941,38.21341324,1457.755859
longitudinal,100000,100,2,1,0.001,1,1000,0.3,3,3,0.3,0.3,FALSE,0.0001,3,pca-ignore,6.923332743,,,,,,,,1.914043665,139.2020958,,,,214.079477,,,
longitudinal,100000,100,2,1,0.001,1,1000,0.3,3,3,0.3,0.3,FALSE,0.0001,3,vae-ignore,6.738072584,,,,,,,200,95.96482086,262.5000305,262.4822083,17.56562233,,674.0949707,674.0762329,18.67222404,
longitudinal,100000,100,2,1,0.001,1,1000,0.3,3,3,0.3,0.3,FALSE,0.0001,3,vae-embed,6.632067538,,,,,,,200,114.5415199,251.7581482,251.7386322,19.59857368,,663.4505005,663.4298706,20.82287598,
longitudinal,100000,100,2,1,0.001,1,1000,0.3,3,3,0.3,0.3,FALSE,0.0001,3,lmmvae,2.324603804,,0.670529127,0.336942494,0.171390876,,,200,214.9961493,114.8080139,113.7629852,19.79439926,1025.231812,165.5196075,163.9781189,20.70179939,1520.870972
longitudinal,100000,100,2,1,0.001,1,1000,0.3,3,3,0.3,0.3,FALSE,0.0001,4,pca-ignore,6.998456142,,,,,,,,1.563098669,139.8089557,,,,214.013301,,,
longitudinal,100000,100,2,1,0.001,1,1000,0.3,3,3,0.3,0.3,FALSE,0.0001,4,vae-ignore,6.654658671,,,,,,,200,96.13218141,254.2046509,254.1852264,19.42826462,,665.727478,665.7069702,20.47510338,
longitudinal,100000,100,2,1,0.001,1,1000,0.3,3,3,0.3,0.3,FALSE,0.0001,4,vae-embed,6.650301642,,,,,,,200,115.6903386,252.8231506,252.8052826,17.63040543,,665.3007202,665.2824707,18.1397953,
longitudinal,100000,100,2,1,0.001,1,1000,0.3,3,3,0.3,0.3,FALSE,0.0001,4,lmmvae,2.378396974,,0.696086168,0.320922166,0.171942353,,,200,214.6701875,121.8574142,120.8140259,18.98438072,1024.275513,158.2179108,156.7387543,19.68066025,1459.545044
longitudinal,100000,100,1,1,0.001,1,1000,3,0.3,0.3,0.3,0.3,FALSE,0.0001,0,pca-ignore,5.604590874,,,,,,,,1.039313078,142.2863499,,,,154.9711699,,,
longitudinal,100000,100,1,1,0.001,1,1000,3,0.3,0.3,0.3,0.3,FALSE,0.0001,0,vae-ignore,5.444077098,,,,,,,200,97.03683209,445.7911377,445.7806091,10.55921555,,544.6633301,544.6530762,10.67306519,
longitudinal,100000,100,1,1,0.001,1,1000,3,0.3,0.3,0.3,0.3,FALSE,0.0001,0,vae-embed,5.389162086,,,,,,,200,116.7917392,440.4570923,440.4469604,9.333065987,,539.1914063,539.1820679,9.399909019,
longitudinal,100000,100,1,1,0.001,1,1000,3,0.3,0.3,0.3,0.3,FALSE,0.0001,0,lmmvae,1.639761497,,2.826225042,0.316929251,0.378464282,,,200,213.6577308,135.0502319,133.8117218,10.03634548,1228.405762,144.6174622,143.3429108,10.28750992,1264.356445
longitudinal,100000,100,1,1,0.001,1,1000,3,0.3,0.3,0.3,0.3,FALSE,0.0001,1,pca-ignore,5.555075052,,,,,,,,1.041617155,142.3389172,,,,154.788401,,,
longitudinal,100000,100,1,1,0.001,1,1000,3,0.3,0.3,0.3,0.3,FALSE,0.0001,1,vae-ignore,5.367207447,,,,,,,200,94.52677989,441.3450928,441.3088379,36.18693542,,536.9971924,536.9605103,37.00312042,
longitudinal,100000,100,1,1,0.001,1,1000,3,0.3,0.3,0.3,0.3,FALSE,0.0001,1,vae-embed,5.326529458,,,,,,,200,113.2463262,437.3938599,437.3853149,8.873476028,,532.9143677,532.9058228,9.00825882,
longitudinal,100000,100,1,1,0.001,1,1000,3,0.3,0.3,0.3,0.3,FALSE,0.0001,1,lmmvae,1.262344415,,3.083874226,0.166086286,0.180051953,,,200,212.6020439,105.6209869,104.4558411,9.499970436,1155.587158,104.3473969,103.1311188,9.570690155,1206.73645
longitudinal,100000,100,1,1,0.001,1,1000,3,0.3,0.3,0.3,0.3,FALSE,0.0001,2,pca-ignore,5.531224429,,,,,,,,1.256299973,141.674696,,,,154.4426688,,,
longitudinal,100000,100,1,1,0.001,1,1000,3,0.3,0.3,0.3,0.3,FALSE,0.0001,2,vae-ignore,5.381630343,,,,,,,200,94.02188873,440.0225525,440.0070496,15.16146851,,538.4276733,538.4126587,15.16798782,
longitudinal,100000,100,1,1,0.001,1,1000,3,0.3,0.3,0.3,0.3,FALSE,0.0001,2,vae-embed,5.389571915,,,,,,,200,113.0050995,440.596405,440.5866089,10.07493782,,539.2172241,539.2072754,10.03825855,
longitudinal,100000,100,1,1,0.001,1,1000,3,0.3,0.3,0.3,0.3,FALSE,0.0001,2,lmmvae,1.219636497,,3.095845938,0.179614067,0.197032243,,,200,212.7104299,101.7776337,100.6342545,8.982500076,1134.261353,100.5241928,99.32324982,8.959336281,1191.95752
longitudinal,100000,100,1,1,0.001,1,1000,3,0.3,0.3,0.3,0.3,FALSE,0.0001,3,pca-ignore,5.570645387,,,,,,,,1.029230833,141.7133485,,,,154.1942698,,,
longitudinal,100000,100,1,1,0.001,1,1000,3,0.3,0.3,0.3,0.3,FALSE,0.0001,3,vae-ignore,5.373010703,,,,,,,200,93.6436708,440.1731873,440.1640625,8.968900681,,537.5597534,537.5510254,8.888643265,
longitudinal,100000,100,1,1,0.001,1,1000,3,0.3,0.3,0.3,0.3,FALSE,0.0001,3,vae-embed,5.37621054,,,,,,,200,113.4214005,440.8822021,440.8724365,9.442287445,,537.8961182,537.8865356,9.427179337,
longitudinal,100000,100,1,1,0.001,1,1000,3,0.3,0.3,0.3,0.3,FALSE,0.0001,3,lmmvae,1.218264406,,3.102499962,0.165505394,0.174760938,,,200,213.6852796,101.661972,100.5142517,7.240262508,1140.322266,100.5660858,99.36722565,7.244393826,1191.614258
longitudinal,100000,100,1,1,0.001,1,1000,3,0.3,0.3,0.3,0.3,FALSE,0.0001,4,pca-ignore,5.514802441,,,,,,,,1.697588444,142.2823672,,,,154.8659359,,,
longitudinal,100000,100,1,1,0.001,1,1000,3,0.3,0.3,0.3,0.3,FALSE,0.0001,4,vae-ignore,5.359011475,,,,,,,200,94.01617169,439.2989502,439.2772522,22.28565598,,536.1844482,536.1622314,22.23817444,
longitudinal,100000,100,1,1,0.001,1,1000,3,0.3,0.3,0.3,0.3,FALSE,0.0001,4,vae-embed,5.34448248,,,,,,,200,113.2551315,437.7089539,437.7016602,7.888689995,,534.706604,534.6984253,7.940225601,
longitudinal,100000,100,1,1,0.001,1,1000,3,0.3,0.3,0.3,0.3,FALSE,0.0001,4,lmmvae,1.215294642,,3.084804773,0.179067045,0.194480538,,,200,212.8123248,101.9682465,100.797905,7.885575771,1162.407959,99.945755,98.72503662,7.899628162,1212.737915
longitudinal,100000,100,2,1,0.001,1,1000,3,0.3,0.3,0.3,0.3,FALSE,0.0001,0,pca-ignore,5.669019507,,,,,,,,1.068282366,140.8610824,,,,153.2414842,,,
longitudinal,100000,100,2,1,0.001,1,1000,3,0.3,0.3,0.3,0.3,FALSE,0.0001,0,vae-ignore,5.475439822,,,,,,,200,95.88231254,448.9249573,448.9068604,17.66634941,,547.8157349,547.7973633,17.81725121,
longitudinal,100000,100,2,1,0.001,1,1000,3,0.3,0.3,0.3,0.3,FALSE,0.0001,0,vae-embed,5.389021426,,,,,,,200,116.3824964,440.4439392,440.4231873,20.90606689,,539.1605835,539.1395264,20.94459915,
longitudinal,100000,100,2,1,0.001,1,1000,3,0.3,0.3,0.3,0.3,FALSE,0.0001,0,lmmvae,1.316822095,,3.053104877,0.175778568,0.189280376,,,200,215.3260727,109.4032288,108.2296371,16.99202156,1156.779785,109.6926346,108.4657974,17.31521416,1209.52063
longitudinal,100000,100,2,1,0.001,1,1000,3,0.3,0.3,0.3,0.3,FALSE,0.0001,1,pca-ignore,5.572336065,,,,,,,,1.055503607,140.9710333,,,,153.3543183,,,
longitudinal,100000,100,2,1,0.001,1,1000,3,0.3,0.3,0.3,0.3,FALSE,0.0001,1,vae-ignore,5.312867783,,,,,,,200,95.9711256,434.8821411,434.8637085,18.00245667,,531.5647583,531.546936,18.13341522,
longitudinal,100000,100,2,1,0.001,1,1000,3,0.3,0.3,0.3,0.3,FALSE,0.0001,1,vae-embed,5.319441727,,,,,,,200,114.7091825,435.8172913,435.7987976,17.40919685,,532.2077026,532.1899414,17.47961807,
longitudinal,100000,100,2,1,0.001,1,1000,3,0.3,0.3,0.3,0.3,FALSE,0.0001,1,lmmvae,1.28585316,,2.986434221,0.183510348,0.198703557,,,200,214.3309879,106.7440338,105.5879898,14.36214352,1141.763428,106.3544846,105.1460876,14.49315643,1193.826294
longitudinal,100000,100,2,1,0.001,1,1000,3,0.3,0.3,0.3,0.3,FALSE,0.0001,2,pca-ignore,5.664875409,,,,,,,,1.07409358,140.9134012,,,,153.1477654,,,
longitudinal,100000,100,2,1,0.001,1,1000,3,0.3,0.3,0.3,0.3,FALSE,0.0001,2,vae-ignore,5.361662619,,,,,,,200,95.89844227,440.0579529,440.0389099,18.38609695,,536.4567261,536.4387207,18.62732124,
longitudinal,100000,100,2,1,0.001,1,1000,3,0.3,0.3,0.3,0.3,FALSE,0.0001,2,vae-embed,5.461737318,,,,,,,200,115.9107049,450.1816101,450.0934143,87.74766541,,546.5320435,546.4436646,88.10454559,
longitudinal,100000,100,2,1,0.001,1,1000,3,0.3,0.3,0.3,0.3,FALSE,0.0001,2,lmmvae,1.308591202,,3.053360939,0.201692492,0.227863908,,,200,214.7427866,108.0858612,106.8492126,15.43436527,1221.12915,108.6288986,107.345047,15.64976215,1268.097046
longitudinal,100000,100,2,1,0.001,1,1000,3,0.3,0.3,0.3,0.3,FALSE,0.0001,3,pca-ignore,5.661683415,,,,,,,,1.057794571,141.0790318,,,,153.3677702,,,
longitudinal,100000,100,2,1,0.001,1,1000,3,0.3,0.3,0.3,0.3,FALSE,0.0001,3,vae-ignore,5.344342383,,,,,,,200,96.44530034,438.0011597,437.9821472,19.25821877,,534.71698,534.6973267,19.44053268,
longitudinal,100000,100,2,1,0.001,1,1000,3,0.3,0.3,0.3,0.3,FALSE,0.0001,3,vae-embed,5.36384366,,,,,,,200,115.3347414,440.2186584,440.1973877,21.35942459,,536.6627808,536.6410522,21.43634796,
longitudinal,100000,100,2,1,0.001,1,1000,3,0.3,0.3,0.3,0.3,FALSE,0.0001,3,lmmvae,1.287270853,,3.038403034,0.177154958,0.194813475,,,200,218.6368899,107.3022995,106.1237869,17.92390251,1160.525024,107.0610504,105.8298111,18.58389282,1212.627563
longitudinal,100000,100,2,1,0.001,1,1000,3,0.3,0.3,0.3,0.3,FALSE,0.0001,4,pca-ignore,5.707124646,,,,,,,,1.181305647,140.9557062,,,,153.2099056,,,
longitudinal,100000,100,2,1,0.001,1,1000,3,0.3,0.3,0.3,0.3,FALSE,0.0001,4,vae-ignore,5.396161867,,,,,,,200,96.2887423,441.5043945,441.4856567,18.7842617,,539.8852539,539.866394,18.92353058,
longitudinal,100000,100,2,1,0.001,1,1000,3,0.3,0.3,0.3,0.3,FALSE,0.0001,4,vae-embed,5.494735809,,,,,,,200,115.7560024,451.124939,451.0596008,65.90287781,,549.8591919,549.7918701,66.95976257,
longitudinal,100000,100,2,1,0.001,1,1000,3,0.3,0.3,0.3,0.3,FALSE,0.0001,4,lmmvae,1.294318523,,3.075849533,0.20572935,0.229442179,,,200,215.0033836,106.355751,105.1554642,16.33652115,1183.874512,107.1343994,105.8812485,16.6515274,1236.460449
longitudinal,100000,100,1,1,0.001,1,1000,3,0.3,3,0.3,0.3,FALSE,0.0001,0,pca-ignore,8.359784738,,,,,,,,1.129644394,141.914965,,,,176.0090414,,,
longitudinal,100000,100,1,1,0.001,1,1000,3,0.3,3,0.3,0.3,FALSE,0.0001,0,vae-ignore,8.174143957,,,,,,,200,94.16606522,490.4662476,490.4577637,8.654585838,,817.6774292,817.6691284,8.777838707,
longitudinal,100000,100,1,1,0.001,1,1000,3,0.3,3,0.3,0.3,FALSE,0.0001,0,vae-embed,8.646240012,,,,,,,200,114.3039508,537.4784546,537.4248657,53.46286774,,864.9067993,864.8532715,53.41002655,
longitudinal,100000,100,1,1,0.001,1,1000,3,0.3,3,0.3,0.3,FALSE,0.0001,0,lmmvae,1.993416607,,3.221473694,0.24250257,0.255777121,,,200,212.552222,109.7854385,108.6451035,8.083950996,1132.443237,118.3712769,117.0192642,8.268476486,1343.725952
longitudinal,100000,100,1,1,0.001,1,1000,3,0.3,3,0.3,0.3,FALSE,0.0001,1,pca-ignore,8.406303169,,,,,,,,1.438901901,142.5450696,,,,176.9972843,,,
longitudinal,100000,100,1,1,0.001,1,1000,3,0.3,3,0.3,0.3,FALSE,0.0001,1,vae-ignore,8.168280498,,,,,,,200,94.12922215,487.6712646,487.6625366,8.304483414,,817.0974731,817.0889893,8.519226074,
longitudinal,100000,100,1,1,0.001,1,1000,3,0.3,3,0.3,0.3,FALSE,0.0001,1,vae-embed,8.273293903,,,,,,,200,113.5751114,495.264801,495.223938,41.38642883,,827.5925293,827.5483398,44.14344025,
longitudinal,100000,100,1,1,0.001,1,1000,3,0.3,3,0.3,0.3,FALSE,0.0001,1,lmmvae,1.969214829,,3.231292725,0.252591759,0.268911332,,,200,213.7922037,107.5877762,106.4231491,8.241254807,1156.200684,118.0469131,116.6422272,8.875692368,1395.739746
longitudinal,100000,100,1,1,0.001,1,1000,3,0.3,3,0.3,0.3,FALSE,0.0001,2,pca-ignore,8.357959259,,,,,,,,1.086390257,142.2337279,,,,176.2996548,,,
longitudinal,100000,100,1,1,0.001,1,1000,3,0.3,3,0.3,0.3,FALSE,0.0001,2,vae-ignore,8.145393112,,,,,,,200,94.37778306,489.1512451,489.1352539,15.9085207,,814.828125,814.8120728,16.0580616,
longitudinal,100000,100,1,1,0.001,1,1000,3,0.3,3,0.3,0.3,FALSE,0.0001,2,vae-embed,8.1266832,,,,,,,200,112.7195828,488.2860107,488.2778015,8.009760857,,812.9465332,812.9382935,8.252628326,
longitudinal,100000,100,1,1,0.001,1,1000,3,0.3,3,0.3,0.3,FALSE,0.0001,2,lmmvae,3.843489207,,2.233248234,0.278428942,0.315033317,,,200,212.874279,225.2788239,224.1034698,21.58597946,1153.31665,325.7601929,324.4891663,23.68871498,1247.184448
longitudinal,100000,100,1,1,0.001,1,1000,3,0.3,3,0.3,0.3,FALSE,0.0001,3,pca-ignore,8.285754358,,,,,,,,1.571377277,142.0256538,,,,176.4971869,,,
longitudinal,100000,100,1,1,0.001,1,1000,3,0.3,3,0.3,0.3,FALSE,0.0001,3,vae-ignore,8.271874218,,,,,,,200,94.3636663,499.5726013,499.546936,24.94454575,,827.4777832,827.4524536,25.46907616,
longitudinal,100000,100,1,1,0.001,1,1000,3,0.3,3,0.3,0.3,FALSE,0.0001,3,vae-embed,8.097713826,,,,,,,200,113.189676,484.0925598,484.0762634,16.36269569,,810.0421753,810.0246582,16.88147926,
longitudinal,100000,100,1,1,0.001,1,1000,3,0.3,3,0.3,0.3,FALSE,0.0001,3,lmmvae,1.990137961,,3.178378105,0.246004909,0.256631017,,,200,213.6228285,108.5736008,107.4175491,7.98338747,1148.019531,116.6953278,115.3095856,8.530498505,1377.285645
longitudinal,100000,100,1,1,0.001,1,1000,3,0.3,3,0.3,0.3,FALSE,0.0001,4,pca-ignore,8.320078695,,,,,,,,1.114078999,142.1442155,,,,176.4026342,,,
longitudinal,100000,100,1,1,0.001,1,1000,3,0.3,3,0.3,0.3,FALSE,0.0001,4,vae-ignore,8.266461823,,,,,,,200,94.82128477,499.050415,498.9993591,51.41529465,,826.9447632,826.8918457,52.94553757,
longitudinal,100000,100,1,1,0.001,1,1000,3,0.3,3,0.3,0.3,FALSE,0.0001,4,vae-embed,8.152480512,,,,,,,200,113.2901225,489.9085083,489.8982849,10.23669624,,815.4777832,815.4680786,10.34841633,
longitudinal,100000,100,1,1,0.001,1,1000,3,0.3,3,0.3,0.3,FALSE,0.0001,4,lmmvae,1.986395078,,3.22746706,0.2360477,0.24959068,,,200,212.6464214,110.97966,109.8342133,7.323057652,1138.07959,124.6563721,123.2717514,7.6596241,1376.936279
longitudinal,100000,100,2,1,0.001,1,1000,3,0.3,3,0.3,0.3,FALSE,0.0001,0,pca-ignore,8.329588697,,,,,,,,1.432385921,141.4736704,,,,174.922696,,,
longitudinal,100000,100,2,1,0.001,1,1000,3,0.3,3,0.3,0.3,FALSE,0.0001,0,vae-ignore,8.060546203,,,,,,,200,100.8406854,484.654541,484.6348877,19.33939743,,806.3214111,806.3015747,19.86727905,
longitudinal,100000,100,2,1,0.001,1,1000,3,0.3,3,0.3,0.3,FALSE,0.0001,0,vae-embed,8.053551307,,,,,,,200,115.3706849,484.7821045,484.7644348,18.34373856,,805.6293945,805.6099243,18.7766819,
longitudinal,100000,100,2,1,0.001,1,1000,3,0.3,3,0.3,0.3,FALSE,0.0001,0,lmmvae,2.058811179,,3.15787816,0.244758651,0.26474759,,,200,214.9793103,115.8055878,114.6134491,15.53109837,1176.581299,124.6935272,123.2918854,16.04354668,1385.47937
longitudinal,100000,100,2,1,0.001,1,1000,3,0.3,3,0.3,0.3,FALSE,0.0001,1,pca-ignore,8.379385491,,,,,,,,1.013432026,141.7464563,,,,174.8066636,,,
longitudinal,100000,100,2,1,0.001,1,1000,3,0.3,3,0.3,0.3,FALSE,0.0001,1,vae-ignore,8.119578716,,,,,,,200,96.87231469,490.1069031,490.0682068,38.91748047,,812.2449341,812.2030029,42.40901566,
longitudinal,100000,100,2,1,0.001,1,1000,3,0.3,3,0.3,0.3,FALSE,0.0001,1,vae-embed,8.099196527,,,,,,,200,115.6857336,487.9410095,487.9232483,17.89003563,,810.1914673,810.1722412,18.56851578,
longitudinal,100000,100,2,1,0.001,1,1000,3,0.3,3,0.3,0.3,FALSE,0.0001,1,lmmvae,2.086816738,,3.186521292,0.237745941,0.245668545,,,200,214.6122181,117.7257767,116.5401611,14.89336395,1170.60144,126.7988968,125.4108276,15.74695778,1372.297852
longitudinal,100000,100,2,1,0.001,1,1000,3,0.3,3,0.3,0.3,FALSE,0.0001,2,pca-ignore,8.500935731,,,,,,,,1.097908258,140.9967717,,,,174.3430767,,,
longitudinal,100000,100,2,1,0.001,1,1000,3,0.3,3,0.3,0.3,FALSE,0.0001,2,vae-ignore,8.149145125,,,,,,,200,96.09503794,487.3991089,487.3794556,18.59090996,,815.1987305,815.1797485,19.63609314,
longitudinal,100000,100,2,1,0.001,1,1000,3,0.3,3,0.3,0.3,FALSE,0.0001,2,vae-embed,8.148146779,,,,,,,200,115.2713099,488.688385,488.6705627,17.30970764,,815.0828857,815.0650024,17.78343773,
longitudinal,100000,100,2,1,0.001,1,1000,3,0.3,3,0.3,0.3,FALSE,0.0001,2,lmmvae,2.135737908,,3.193169594,0.262286574,0.284013927,,,200,216.1404963,119.4777374,118.2853851,31.87534142,1160.306274,131.4696808,130.0476532,35.76945877,1386.237671
longitudinal,100000,100,2,1,0.001,1,1000,3,0.3,3,0.3,0.3,FALSE,0.0001,3,pca-ignore,8.419812673,,,,,,,,1.057426929,141.2261575,,,,173.786351,,,
longitudinal,100000,100,2,1,0.001,1,1000,3,0.3,3,0.3,0.3,FALSE,0.0001,3,vae-ignore,8.082080455,,,,,,,200,95.58119297,488.3543396,488.335907,17.47750664,,808.4813843,808.4638062,17.99119377,
longitudinal,100000,100,2,1,0.001,1,1000,3,0.3,3,0.3,0.3,FALSE,0.0001,3,vae-embed,7.988230716,,,,,,,200,115.7248771,480.2673645,480.25,17.2007103,,799.0945435,799.0774536,17.69044685,
longitudinal,100000,100,2,1,0.001,1,1000,3,0.3,3,0.3,0.3,FALSE,0.0001,3,lmmvae,2.072762411,,3.161014795,0.226913244,0.241692275,,,200,214.3177044,117.8364716,116.6487274,17.17915344,1170.739502,129.0179138,127.6261368,17.30582237,1374.520386
longitudinal,100000,100,2,1,0.001,1,1000,3,0.3,3,0.3,0.3,FALSE,0.0001,4,pca-ignore,8.433275069,,,,,,,,1.117357731,141.4044518,,,,174.2985453,,,
longitudinal,100000,100,2,1,0.001,1,1000,3,0.3,3,0.3,0.3,FALSE,0.0001,4,vae-ignore,8.039360989,,,,,,,200,95.92302442,480.7668457,480.7492981,17.35203171,,804.2051392,804.1878662,17.62171173,
longitudinal,100000,100,2,1,0.001,1,1000,3,0.3,3,0.3,0.3,FALSE,0.0001,4,vae-embed,8.090009197,,,,,,,200,115.4315307,482.759552,482.7385864,20.64782333,,809.2624512,809.2415771,20.81490707,
longitudinal,100000,100,2,1,0.001,1,1000,3,0.3,3,0.3,0.3,FALSE,0.0001,4,lmmvae,2.1259536,,3.149744272,0.281837553,0.291963309,,,200,215.1339798,116.7860641,115.5711746,44.23688889,1170.61145,126.6106873,125.1881638,46.1255722,1376.352417
longitudinal,100000,100,1,1,0.001,1,1000,3,3,0.3,0.3,0.3,FALSE,0.0001,0,pca-ignore,8.943071914,,,,,,,,1.040115833,142.4387437,,,,172.4925386,,,
longitudinal,100000,100,1,1,0.001,1,1000,3,3,0.3,0.3,0.3,FALSE,0.0001,0,vae-ignore,8.743148216,,,,,,,200,93.77976918,555.5643311,555.5510864,13.63961601,,874.6005859,874.5872192,13.79350471,
longitudinal,100000,100,1,1,0.001,1,1000,3,3,0.3,0.3,0.3,FALSE,0.0001,0,vae-embed,8.747526001,,,,,,,200,112.8497119,554.5377808,554.527771,10.23932266,,875.0294189,875.0194702,10.55210018,
longitudinal,100000,100,1,1,0.001,1,1000,3,3,0.3,0.3,0.3,FALSE,0.0001,0,lmmvae,1.835687094,,3.569101572,0.597269475,0.51371187,,,200,213.0291457,123.6159592,122.3062286,11.74323082,1297.952271,124.7947006,123.3302002,12.18418789,1452.276001
longitudinal,100000,100,1,1,0.001,1,1000,3,3,0.3,0.3,0.3,FALSE,0.0001,1,pca-ignore,8.832176507,,,,,,,,1.123050451,142.6020337,,,,172.6885102,,,
longitudinal,100000,100,1,1,0.001,1,1000,3,3,0.3,0.3,0.3,FALSE,0.0001,1,vae-ignore,8.639723167,,,,,,,200,93.83338976,548.0999146,548.09021,9.789678574,,864.2293091,864.2191772,10.19720268,
longitudinal,100000,100,1,1,0.001,1,1000,3,3,0.3,0.3,0.3,FALSE,0.0001,1,vae-embed,8.64281967,,,,,,,200,113.5075402,548.2489624,548.2396851,9.188331604,,864.5363159,864.5266724,9.412601471,
longitudinal,100000,100,1,1,0.001,1,1000,3,3,0.3,0.3,0.3,FALSE,0.0001,1,lmmvae,1.662530713,,3.495034695,0.435260057,0.269978404,,,200,212.4790046,112.9476242,111.7811737,8.004023552,1158.433594,122.4346161,121.0650101,8.089290619,1361.641357
longitudinal,100000,100,1,1,0.001,1,1000,3,3,0.3,0.3,0.3,FALSE,0.0001,2,pca-ignore,8.780699176,,,,,,,,0.970124483,142.6896214,,,,172.8300127,,,
longitudinal,100000,100,1,1,0.001,1,1000,3,3,0.3,0.3,0.3,FALSE,0.0001,2,vae-ignore,8.634630122,,,,,,,200,93.28209639,548.4923096,548.4837646,8.74700737,,863.7301025,863.7208252,9.148706436,
longitudinal,100000,100,1,1,0.001,1,1000,3,3,0.3,0.3,0.3,FALSE,0.0001,2,vae-embed,8.669688694,,,,,,,200,114.0597873,550.1168823,550.0856323,31.11764908,,867.2633057,867.230896,32.80859756,
longitudinal,100000,100,1,1,0.001,1,1000,3,3,0.3,0.3,0.3,FALSE,0.0001,2,lmmvae,1.635003399,,3.484453678,0.430769682,0.261170954,,,200,226.4440484,109.8819504,108.7052612,7.956615448,1168.637939,117.6719589,116.2811508,8.482025146,1382.346313
longitudinal,100000,100,1,1,0.001,1,1000,3,3,0.3,0.3,0.3,FALSE,0.0001,3,pca-ignore,8.833040615,,,,,,,,1.272378445,142.3011065,,,,172.6083601,,,
longitudinal,100000,100,1,1,0.001,1,1000,3,3,0.3,0.3,0.3,FALSE,0.0001,3,vae-ignore,8.660869946,,,,,,,200,93.9076705,546.8093872,546.8018188,8.151244164,,866.3734741,866.3657837,8.290683746,
longitudinal,100000,100,1,1,0.001,1,1000,3,3,0.3,0.3,0.3,FALSE,0.0001,3,vae-embed,8.629847899,,,,,,,200,113.9606869,544.5029907,544.4952393,7.862615585,,863.2706909,863.2630005,7.995839119,
longitudinal,100000,100,1,1,0.001,1,1000,3,3,0.3,0.3,0.3,FALSE,0.0001,3,lmmvae,1.678094058,,3.491121769,0.41449061,0.257278472,,,200,212.5831547,114.0182877,112.83181,7.567839622,1178.948853,122.234024,120.8377228,7.800063133,1388.44519
longitudinal,100000,100,1,1,0.001,1,1000,3,3,0.3,0.3,0.3,FALSE,0.0001,4,pca-ignore,8.719597705,,,,,,,,1.149500608,142.3593194,,,,172.7819786,,,
longitudinal,100000,100,1,1,0.001,1,1000,3,3,0.3,0.3,0.3,FALSE,0.0001,4,vae-ignore,8.587850246,,,,,,,200,93.76163697,543.2492065,543.2339478,15.34780979,,859.0457764,859.0297852,15.56466866,
longitudinal,100000,100,1,1,0.001,1,1000,3,3,0.3,0.3,0.3,FALSE,0.0001,4,vae-embed,8.534154019,,,,,,,200,112.4971631,539.9855347,539.9785767,7.589769363,,853.6810303,853.6727905,7.79893589,
longitudinal,100000,100,1,1,0.001,1,1000,3,3,0.3,0.3,0.3,FALSE,0.0001,4,lmmvae,1.620544305,,3.451872349,0.430655479,0.267488092,,,200,212.6868398,110.1572342,108.9924622,7.430925846,1157.249878,118.4838638,117.1090393,7.505873203,1367.341309
longitudinal,100000,100,2,1,0.001,1,1000,3,3,0.3,0.3,0.3,FALSE,0.0001,0,pca-ignore,8.988430175,,,,,,,,1.070293427,141.3805663,,,,170.2257249,,,
longitudinal,100000,100,2,1,0.001,1,1000,3,3,0.3,0.3,0.3,FALSE,0.0001,0,vae-ignore,8.525217839,,,,,,,200,96.03329015,540.46698,540.4484863,18.31007195,,852.7911987,852.772522,18.75403595,
longitudinal,100000,100,2,1,0.001,1,1000,3,3,0.3,0.3,0.3,FALSE,0.0001,0,vae-embed,8.573122385,,,,,,,200,115.2056656,543.2672119,543.2479248,18.98565674,,857.59021,857.5706177,19.32064819,
longitudinal,100000,100,2,1,0.001,1,1000,3,3,0.3,0.3,0.3,FALSE,0.0001,0,lmmvae,1.759843809,,3.426730394,0.430067599,0.260136396,,,200,215.1614945,119.1436996,117.941597,16.02126694,1185.857666,131.4067688,129.9964447,16.9533596,1393.462769
longitudinal,100000,100,2,1,0.001,1,1000,3,3,0.3,0.3,0.3,FALSE,0.0001,1,pca-ignore,8.834389417,,,,,,,,1.105333805,140.7400135,,,,169.779528,,,
longitudinal,100000,100,2,1,0.001,1,1000,3,3,0.3,0.3,0.3,FALSE,0.0001,1,vae-ignore,8.492400136,,,,,,,200,95.67029595,539.5524292,539.5336304,18.27578926,,849.5117798,849.4935913,18.79463768,
longitudinal,100000,100,2,1,0.001,1,1000,3,3,0.3,0.3,0.3,FALSE,0.0001,1,vae-embed,8.515033946,,,,,,,200,116.0705931,540.7207642,540.7012329,20.68910217,,851.781189,851.7601929,21.17796898,
longitudinal,100000,100,2,1,0.001,1,1000,3,3,0.3,0.3,0.3,FALSE,0.0001,1,lmmvae,1.741779283,,3.419506311,0.424606144,0.257985443,,,200,215.1995137,119.4200745,118.2185593,18.97834015,1182.707153,131.971405,130.5681152,19.6299839,1383.611206
longitudinal,100000,100,2,1,0.001,1,1000,3,3,0.3,0.3,0.3,FALSE,0.0001,2,pca-ignore,8.904152286,,,,,,,,1.516419888,141.1793512,,,,170.1694426,,,
longitudinal,100000,100,2,1,0.001,1,1000,3,3,0.3,0.3,0.3,FALSE,0.0001,2,vae-ignore,8.555575178,,,,,,,200,96.08965063,543.4384766,543.4207153,18.04522514,,855.8286133,855.8096924,18.48294449,
longitudinal,100000,100,2,1,0.001,1,1000,3,3,0.3,0.3,0.3,FALSE,0.0001,2,vae-embed,8.527734727,,,,,,,200,115.1786108,541.9554443,541.9365845,18.53516006,,853.0386963,853.0197754,18.80049324,
longitudinal,100000,100,2,1,0.001,1,1000,3,3,0.3,0.3,0.3,FALSE,0.0001,2,lmmvae,1.794152615,,3.45121479,0.449777186,0.308300823,,,200,215.4813399,120.3534775,119.1408463,26.37634659,1186.29187,129.6832733,128.2549438,27.88066292,1400.49292
longitudinal,100000,100,2,1,0.001,1,1000,3,3,0.3,0.3,0.3,FALSE,0.0001,3,pca-ignore,9.069271612,,,,,,,,1.656582117,140.9995257,,,,169.5835818,,,
longitudinal,100000,100,2,1,0.001,1,1000,3,3,0.3,0.3,0.3,FALSE,0.0001,3,vae-ignore,8.603993975,,,,,,,200,95.92275119,544.6999512,544.6809082,18.8279171,,860.6644287,860.6453857,19.2935276,
longitudinal,100000,100,2,1,0.001,1,1000,3,3,0.3,0.3,0.3,FALSE,0.0001,3,vae-embed,8.555298762,,,,,,,200,115.6051857,541.343811,541.3268433,18.47296715,,855.7872925,855.7692871,18.7749176,
longitudinal,100000,100,2,1,0.001,1,1000,3,3,0.3,0.3,0.3,FALSE,0.0001,3,lmmvae,2.289810187,,3.343889236,0.626898408,0.567631543,,,200,215.0611892,156.7693024,155.2384186,61.39244461,1469.354248,171.5813751,169.9220428,63.32316971,1596.027344
longitudinal,100000,100,2,1,0.001,1,1000,3,3,0.3,0.3,0.3,FALSE,0.0001,4,pca-ignore,8.867345479,,,,,,,,1.651578903,141.2926145,,,,170.4507126,,,
longitudinal,100000,100,2,1,0.001,1,1000,3,3,0.3,0.3,0.3,FALSE,0.0001,4,vae-ignore,8.695193654,,,,,,,200,96.77546167,556.6716309,556.5990601,71.53491974,,869.826416,869.7496948,77.38283539,
longitudinal,100000,100,2,1,0.001,1,1000,3,3,0.3,0.3,0.3,FALSE,0.0001,4,vae-embed,8.565484189,,,,,,,200,114.8740969,543.8521729,543.8301392,22.51826668,,856.8391724,856.815918,22.83192825,
longitudinal,100000,100,2,1,0.001,1,1000,3,3,0.3,0.3,0.3,FALSE,0.0001,4,lmmvae,1.748760496,,3.432664394,0.410985976,0.254329503,,,200,214.6956768,119.3340912,118.1444244,14.87873554,1174.925537,129.3501129,127.9540405,15.47080421,1380.61084
longitudinal,100000,100,1,1,0.001,1,1000,3,3,3,0.3,0.3,FALSE,0.0001,0,pca-ignore,11.67574076,,,,,,,,1.797412872,142.5385504,,,,189.0361848,,,
longitudinal,100000,100,1,1,0.001,1,1000,3,3,3,0.3,0.3,FALSE,0.0001,0,vae-ignore,11.40137617,,,,,,,200,94.38289976,592.6970215,592.6795044,16.99400139,,1140.418457,1140.400024,18.04120064,
longitudinal,100000,100,1,1,0.001,1,1000,3,3,3,0.3,0.3,FALSE,0.0001,0,vae-embed,11.53613012,,,,,,,200,114.4541891,602.4480591,602.4174805,30.04829597,,1153.864258,1153.833252,31.38854027,
longitudinal,100000,100,1,1,0.001,1,1000,3,3,3,0.3,0.3,FALSE,0.0001,0,lmmvae,2.310966449,,3.524605751,0.559713602,0.383100152,,,200,213.3159854,116.9557037,115.7378159,10.55209255,1207.337646,148.1034851,146.4957123,11.43557358,1596.301147
longitudinal,100000,100,1,1,0.001,1,1000,3,3,3,0.3,0.3,FALSE,0.0001,1,pca-ignore,11.58025347,,,,,,,,1.166684389,142.4554161,,,,189.3604303,,,
longitudinal,100000,100,1,1,0.001,1,1000,3,3,3,0.3,0.3,FALSE,0.0001,1,vae-ignore,11.35462269,,,,,,,200,94.12354422,589.3482666,589.3404541,8.144183159,,1135.71582,1135.707153,8.56837368,
longitudinal,100000,100,1,1,0.001,1,1000,3,3,3,0.3,0.3,FALSE,0.0001,1,vae-embed,11.38990028,,,,,,,200,115.0948777,591.3943481,591.3567505,37.70934296,,1139.275635,1139.237061,39.93060684,
longitudinal,100000,100,1,1,0.001,1,1000,3,3,3,0.3,0.3,FALSE,0.0001,1,lmmvae,2.281842315,,3.507128239,0.55126524,0.364248663,,,200,213.0187049,115.7772522,114.5804596,8.083369255,1188.765381,151.0582275,149.4594421,8.186202049,1590.701782
longitudinal,100000,100,1,1,0.001,1,1000,3,3,3,0.3,0.3,FALSE,0.0001,2,pca-ignore,11.74034698,,,,,,,,1.042158127,142.429767,,,,188.4500214,,,
longitudinal,100000,100,1,1,0.001,1,1000,3,3,3,0.3,0.3,FALSE,0.0001,2,vae-ignore,11.42122081,,,,,,,200,93.78023314,595.9594727,595.94104,19.18596649,,1142.408447,1142.389771,19.01699257,
longitudinal,100000,100,1,1,0.001,1,1000,3,3,3,0.3,0.3,FALSE,0.0001,2,vae-embed,11.435177,,,,,,,200,113.1023171,596.6842041,596.6674805,16.33939934,,1143.790283,1143.773315,16.4378109,
longitudinal,100000,100,1,1,0.001,1,1000,3,3,3,0.3,0.3,FALSE,0.0001,2,lmmvae,2.836505429,,3.412763119,0.641741335,0.524042904,,,200,213.7016299,142.2989349,140.9422607,19.93199158,1336.859253,174.436142,172.8990784,20.52329445,1516.525635
longitudinal,100000,100,1,1,0.001,1,1000,3,3,3,0.3,0.3,FALSE,0.0001,3,pca-ignore,11.61491872,,,,,,,,0.996928453,142.4044491,,,,189.1779165,,,
longitudinal,100000,100,1,1,0.001,1,1000,3,3,3,0.3,0.3,FALSE,0.0001,3,vae-ignore,11.33980843,,,,,,,200,94.24644375,588.2988892,588.2903442,9.189245224,,1134.241577,1134.232056,9.746829987,
longitudinal,100000,100,1,1,0.001,1,1000,3,3,3,0.3,0.3,FALSE,0.0001,3,vae-embed,11.3712996,,,,,,,200,113.5331802,590.9468384,590.9381714,8.437903404,,1137.413574,1137.405151,8.559577942,
longitudinal,100000,100,1,1,0.001,1,1000,3,3,3,0.3,0.3,FALSE,0.0001,3,lmmvae,2.254836552,,3.504810095,0.560571671,0.360732943,,,200,213.5444067,115.6590347,114.4254379,7.74924469,1225.652466,157.1923981,155.5342865,8.262907028,1649.730225
longitudinal,100000,100,1,1,0.001,1,1000,3,3,3,0.3,0.3,FALSE,0.0001,4,pca-ignore,11.62088288,,,,,,,,1.33012867,142.5643151,,,,189.0771438,,,
longitudinal,100000,100,1,1,0.001,1,1000,3,3,3,0.3,0.3,FALSE,0.0001,4,vae-ignore,11.38589111,,,,,,,200,93.76942945,594.2024536,594.1929932,8.955888748,,1138.861816,1138.852417,9.390585899,
longitudinal,100000,100,1,1,0.001,1,1000,3,3,3,0.3,0.3,FALSE,0.0001,4,vae-embed,11.40212485,,,,,,,200,114.5184326,597.1431274,597.1328125,10.68641758,,1140.473267,1140.461914,10.91508865,
longitudinal,100000,100,1,1,0.001,1,1000,3,3,3,0.3,0.3,FALSE,0.0001,4,lmmvae,2.249007783,,3.548360825,0.547905028,0.353459924,,,200,213.8990095,115.6784744,114.457634,7.30754137,1213.540771,153.2194824,151.6025543,7.717257977,1609.094116
longitudinal,100000,100,2,1,0.001,1,1000,3,3,3,0.3,0.3,FALSE,0.0001,0,pca-ignore,11.69689352,,,,,,,,1.108044147,141.8617725,,,,187.3095261,,,
longitudinal,100000,100,2,1,0.001,1,1000,3,3,3,0.3,0.3,FALSE,0.0001,0,vae-ignore,11.3229263,,,,,,,200,95.96962738,591.9630737,591.9437256,19.36360741,,1132.572632,1132.552246,21.09562492,
longitudinal,100000,100,2,1,0.001,1,1000,3,3,3,0.3,0.3,FALSE,0.0001,0,vae-embed,11.33930447,,,,,,,200,116.407177,592.6818237,592.6277466,55.12342453,,1134.239502,1134.181641,57.61390686,
longitudinal,100000,100,2,1,0.001,1,1000,3,3,3,0.3,0.3,FALSE,0.0001,0,lmmvae,2.413721752,,3.518156528,0.550166905,0.370770901,,,200,214.7785861,125.5552216,124.2999649,15.55655766,1239.907593,159.16362,157.5106812,16.09438515,1636.921509
longitudinal,100000,100,2,1,0.001,1,1000,3,3,3,0.3,0.3,FALSE,0.0001,1,pca-ignore,11.7977493,,,,,,,,1.110445023,141.970554,,,,187.5263654,,,
longitudinal,100000,100,2,1,0.001,1,1000,3,3,3,0.3,0.3,FALSE,0.0001,1,vae-ignore,11.3008482,,,,,,,200,95.75927043,590.1807251,590.1611328,19.83186722,,1130.352173,1130.331543,21.24915886,
longitudinal,100000,100,2,1,0.001,1,1000,3,3,3,0.3,0.3,FALSE,0.0001,1,vae-embed,11.32961581,,,,,,,200,115.895139,591.7351074,591.715332,18.31095695,,1133.25415,1133.235229,19.52168274,
longitudinal,100000,100,2,1,0.001,1,1000,3,3,3,0.3,0.3,FALSE,0.0001,1,lmmvae,2.396117292,,3.473599195,0.567479253,0.370328516,,,200,226.9008694,128.3223419,127.0595398,24.03231239,1238.7052,177.2876282,175.5806122,27.85289001,1679.035767
longitudinal,100000,100,2,1,0.001,1,1000,3,3,3,0.3,0.3,FALSE,0.0001,2,pca-ignore,11.68608649,,,,,,,,1.041836023,141.1315062,,,,186.2792428,,,
longitudinal,100000,100,2,1,0.001,1,1000,3,3,3,0.3,0.3,FALSE,0.0001,2,vae-ignore,11.26773827,,,,,,,200,96.01314425,589.9154053,589.8983765,17.45258522,,1127.028442,1127.009399,18.10048294,
longitudinal,100000,100,2,1,0.001,1,1000,3,3,3,0.3,0.3,FALSE,0.0001,2,vae-embed,11.1927731,,,,,,,200,115.4040091,584.7650146,584.7415771,23.24030495,,1119.558105,1119.532104,25.17215157,
longitudinal,100000,100,2,1,0.001,1,1000,3,3,3,0.3,0.3,FALSE,0.0001,2,lmmvae,2.414022606,,3.501868248,0.546256661,0.36971572,,,200,215.3747613,127.010788,125.742424,35.19238281,1233.091675,160.7157898,159.0507507,36.25572205,1628.799561
longitudinal,100000,100,2,1,0.001,1,1000,3,3,3,0.3,0.3,FALSE,0.0001,3,pca-ignore,11.59028648,,,,,,,,1.088860512,141.0267948,,,,186.0553717,,,
longitudinal,100000,100,2,1,0.001,1,1000,3,3,3,0.3,0.3,FALSE,0.0001,3,vae-ignore,11.44638785,,,,,,,200,96.49810863,606.9445801,606.795105,148.2574463,,1145.067261,1144.89502,171.2335205,
longitudinal,100000,100,2,1,0.001,1,1000,3,3,3,0.3,0.3,FALSE,0.0001,3,vae-embed,11.21173298,,,,,,,200,115.1405067,588.0040283,587.984375,19.60987091,,1121.432983,1121.413208,20.02447128,
longitudinal,100000,100,2,1,0.001,1,1000,3,3,3,0.3,0.3,FALSE,0.0001,3,lmmvae,2.710363797,,3.578641415,0.787439644,0.694406509,,,200,215.0731359,144.0534515,142.3968201,24.03648376,1632.930298,151.5985565,149.7189941,26.16316795,1853.407837
longitudinal,100000,100,2,1,0.001,1,1000,3,3,3,0.3,0.3,FALSE,0.0001,4,pca-ignore,11.68014963,,,,,,,,1.116603136,141.4881986,,,,186.0879532,,,
longitudinal,100000,100,2,1,0.001,1,1000,3,3,3,0.3,0.3,FALSE,0.0001,4,vae-ignore,11.23435618,,,,,,,200,95.86588979,589.7942505,589.7739868,20.16606712,,1123.690674,1123.670166,21.16850471,
longitudinal,100000,100,2,1,0.001,1,1000,3,3,3,0.3,0.3,FALSE,0.0001,4,vae-embed,11.22332429,,,,,,,200,115.1806796,588.4431763,588.4251709,18.18138123,,1122.584717,1122.564575,19.19768524,
longitudinal,100000,100,2,1,0.001,1,1000,3,3,3,0.3,0.3,FALSE,0.0001,4,lmmvae,2.442772123,,3.511198044,0.521442831,0.37131682,,,200,227.4325819,125.6317596,124.39534,20.11466789,1216.422241,158.0510712,156.4405823,21.63731766,1588.811157
longitudinal,100000,100,1,1,0.001,1,1000,0.3,0.3,0.3,0.3,0.3,FALSE,0.0001,0,svgpvae-10-16-2,2.513030605,,,,,,,199,407.2140357,,,,,,,,
longitudinal,100000,100,1,1,0.001,1,1000,0.3,0.3,0.3,0.3,0.3,FALSE,0.0001,1,svgpvae-10-16-2,2.536844885,,,,,,,199,404.0772133,,,,,,,,
longitudinal,100000,100,1,1,0.001,1,1000,0.3,0.3,0.3,0.3,0.3,FALSE,0.0001,2,svgpvae-10-16-2,2.464317054,,,,,,,199,404.755373,,,,,,,,
longitudinal,100000,100,1,1,0.001,1,1000,0.3,0.3,0.3,0.3,0.3,FALSE,0.0001,3,svgpvae-10-16-2,2.539806195,,,,,,,199,406.7802684,,,,,,,,
longitudinal,100000,100,1,1,0.001,1,1000,0.3,0.3,0.3,0.3,0.3,FALSE,0.0001,4,svgpvae-10-16-2,2.382500397,,,,,,,199,405.0186768,,,,,,,,
longitudinal,100000,100,2,1,0.001,1,1000,0.3,0.3,0.3,0.3,0.3,FALSE,0.0001,0,svgpvae-10-16-2,3.008849575,,,,,,,199,726.139847,,,,,,,,
longitudinal,100000,100,2,1,0.001,1,1000,0.3,0.3,0.3,0.3,0.3,FALSE,0.0001,1,svgpvae-10-16-2,2.879882345,,,,,,,199,728.7895555,,,,,,,,
longitudinal,100000,100,2,1,0.001,1,1000,0.3,0.3,0.3,0.3,0.3,FALSE,0.0001,2,svgpvae-10-16-2,2.930498134,,,,,,,199,725.9978576,,,,,,,,
longitudinal,100000,100,2,1,0.001,1,1000,0.3,0.3,0.3,0.3,0.3,FALSE,0.0001,3,svgpvae-10-16-2,2.872421567,,,,,,,199,727.4200375,,,,,,,,
longitudinal,100000,100,2,1,0.001,1,1000,0.3,0.3,0.3,0.3,0.3,FALSE,0.0001,4,svgpvae-10-16-2,2.830856802,,,,,,,199,725.1160555,,,,,,,,
longitudinal,100000,100,1,1,0.001,1,1000,0.3,0.3,3,0.3,0.3,FALSE,0.0001,0,svgpvae-10-16-2,4.627974973,,,,,,,199,405.8635817,,,,,,,,
longitudinal,100000,100,1,1,0.001,1,1000,0.3,0.3,3,0.3,0.3,FALSE,0.0001,1,svgpvae-10-16-2,4.533668432,,,,,,,199,404.4550068,,,,,,,,
longitudinal,100000,100,1,1,0.001,1,1000,0.3,0.3,3,0.3,0.3,FALSE,0.0001,2,svgpvae-10-16-2,4.634109073,,,,,,,199,403.4892519,,,,,,,,
longitudinal,100000,100,1,1,0.001,1,1000,0.3,0.3,3,0.3,0.3,FALSE,0.0001,3,svgpvae-10-16-2,4.670564125,,,,,,,199,405.0863309,,,,,,,,
longitudinal,100000,100,1,1,0.001,1,1000,0.3,0.3,3,0.3,0.3,FALSE,0.0001,4,svgpvae-10-16-2,4.584667102,,,,,,,199,405.2480695,,,,,,,,
longitudinal,100000,100,2,1,0.001,1,1000,0.3,0.3,3,0.3,0.3,FALSE,0.0001,0,svgpvae-10-16-2,5.081780773,,,,,,,199,726.5831144,,,,,,,,
longitudinal,100000,100,2,1,0.001,1,1000,0.3,0.3,3,0.3,0.3,FALSE,0.0001,1,svgpvae-10-16-2,4.843200407,,,,,,,199,725.999881,,,,,,,,
longitudinal,100000,100,2,1,0.001,1,1000,0.3,0.3,3,0.3,0.3,FALSE,0.0001,2,svgpvae-10-16-2,4.976295566,,,,,,,199,725.9824998,,,,,,,,
longitudinal,100000,100,2,1,0.001,1,1000,0.3,0.3,3,0.3,0.3,FALSE,0.0001,3,svgpvae-10-16-2,4.975550063,,,,,,,199,724.1740775,,,,,,,,
longitudinal,100000,100,2,1,0.001,1,1000,0.3,0.3,3,0.3,0.3,FALSE,0.0001,4,svgpvae-10-16-2,4.877425083,,,,,,,199,725.1806424,,,,,,,,
longitudinal,100000,100,1,1,0.001,1,1000,0.3,3,0.3,0.3,0.3,FALSE,0.0001,0,svgpvae-10-16-2,4.891937981,,,,,,,199,403.7597067,,,,,,,,
longitudinal,100000,100,1,1,0.001,1,1000,0.3,3,0.3,0.3,0.3,FALSE,0.0001,1,svgpvae-10-16-2,4.976999247,,,,,,,199,404.3205693,,,,,,,,
longitudinal,100000,100,1,1,0.001,1,1000,0.3,3,0.3,0.3,0.3,FALSE,0.0001,2,svgpvae-10-16-2,4.841207153,,,,,,,199,406.323138,,,,,,,,
longitudinal,100000,100,1,1,0.001,1,1000,0.3,3,0.3,0.3,0.3,FALSE,0.0001,3,svgpvae-10-16-2,4.872739057,,,,,,,199,404.6760051,,,,,,,,
longitudinal,100000,100,1,1,0.001,1,1000,0.3,3,0.3,0.3,0.3,FALSE,0.0001,4,svgpvae-10-16-2,4.84276617,,,,,,,199,404.2568417,,,,,,,,
longitudinal,100000,100,2,1,0.001,1,1000,0.3,3,0.3,0.3,0.3,FALSE,0.0001,0,svgpvae-10-16-2,5.333516158,,,,,,,199,725.2422168,,,,,,,,
longitudinal,100000,100,2,1,0.001,1,1000,0.3,3,0.3,0.3,0.3,FALSE,0.0001,1,svgpvae-10-16-2,5.236295268,,,,,,,199,725.7593005,,,,,,,,
longitudinal,100000,100,2,1,0.001,1,1000,0.3,3,0.3,0.3,0.3,FALSE,0.0001,2,svgpvae-10-16-2,5.268229325,,,,,,,199,726.7039587,,,,,,,,
longitudinal,100000,100,2,1,0.001,1,1000,0.3,3,0.3,0.3,0.3,FALSE,0.0001,3,svgpvae-10-16-2,5.406952263,,,,,,,199,732.5991132,,,,,,,,
longitudinal,100000,100,2,1,0.001,1,1000,0.3,3,0.3,0.3,0.3,FALSE,0.0001,4,svgpvae-10-16-2,5.319679604,,,,,,,199,733.9332101,,,,,,,,
longitudinal,100000,100,1,1,0.001,1,1000,0.3,3,3,0.3,0.3,FALSE,0.0001,0,svgpvae-10-16-2,7.117826576,,,,,,,199,411.8614647,,,,,,,,
longitudinal,100000,100,1,1,0.001,1,1000,0.3,3,3,0.3,0.3,FALSE,0.0001,1,svgpvae-10-16-2,7.14345155,,,,,,,199,410.494293,,,,,,,,
longitudinal,100000,100,1,1,0.001,1,1000,0.3,3,3,0.3,0.3,FALSE,0.0001,2,svgpvae-10-16-2,6.878303216,,,,,,,199,412.497057,,,,,,,,
longitudinal,100000,100,1,1,0.001,1,1000,0.3,3,3,0.3,0.3,FALSE,0.0001,3,svgpvae-10-16-2,7.011734085,,,,,,,199,408.5372226,,,,,,,,
longitudinal,100000,100,1,1,0.001,1,1000,0.3,3,3,0.3,0.3,FALSE,0.0001,4,svgpvae-10-16-2,7.014112288,,,,,,,199,405.5011358,,,,,,,,
longitudinal,100000,100,2,1,0.001,1,1000,0.3,3,3,0.3,0.3,FALSE,0.0001,0,svgpvae-10-16-2,7.398847591,,,,,,,199,723.3679495,,,,,,,,
longitudinal,100000,100,2,1,0.001,1,1000,0.3,3,3,0.3,0.3,FALSE,0.0001,1,svgpvae-10-16-2,7.122684472,,,,,,,199,724.8607426,,,,,,,,
longitudinal,100000,100,2,1,0.001,1,1000,0.3,3,3,0.3,0.3,FALSE,0.0001,2,svgpvae-10-16-2,7.108478944,,,,,,,199,727.7347717,,,,,,,,
longitudinal,100000,100,2,1,0.001,1,1000,0.3,3,3,0.3,0.3,FALSE,0.0001,3,svgpvae-10-16-2,7.25953741,,,,,,,199,731.4573574,,,,,,,,
longitudinal,100000,100,2,1,0.001,1,1000,0.3,3,3,0.3,0.3,FALSE,0.0001,4,svgpvae-10-16-2,7.071129556,,,,,,,199,728.0041306,,,,,,,,
longitudinal,100000,100,1,1,0.001,1,1000,3,0.3,0.3,0.3,0.3,FALSE,0.0001,0,svgpvae-10-16-2,5.641392934,,,,,,,199,412.4826374,,,,,,,,
longitudinal,100000,100,1,1,0.001,1,1000,3,0.3,0.3,0.3,0.3,FALSE,0.0001,1,svgpvae-10-16-2,5.460099869,,,,,,,199,407.0299392,,,,,,,,
longitudinal,100000,100,1,1,0.001,1,1000,3,0.3,0.3,0.3,0.3,FALSE,0.0001,2,svgpvae-10-16-2,5.761344007,,,,,,,199,406.04531,,,,,,,,
longitudinal,100000,100,1,1,0.001,1,1000,3,0.3,0.3,0.3,0.3,FALSE,0.0001,3,svgpvae-10-16-2,5.680554755,,,,,,,199,406.1970294,,,,,,,,
longitudinal,100000,100,1,1,0.001,1,1000,3,0.3,0.3,0.3,0.3,FALSE,0.0001,4,svgpvae-10-16-2,5.672495112,,,,,,,199,408.4790127,,,,,,,,
longitudinal,100000,100,2,1,0.001,1,1000,3,0.3,0.3,0.3,0.3,FALSE,0.0001,0,svgpvae-10-16-2,5.426675051,,,,,,,199,729.8262577,,,,,,,,
longitudinal,100000,100,2,1,0.001,1,1000,3,0.3,0.3,0.3,0.3,FALSE,0.0001,1,svgpvae-10-16-2,5.770540784,,,,,,,199,725.6308923,,,,,,,,
longitudinal,100000,100,2,1,0.001,1,1000,3,0.3,0.3,0.3,0.3,FALSE,0.0001,2,svgpvae-10-16-2,5.673722068,,,,,,,199,728.5180781,,,,,,,,
longitudinal,100000,100,2,1,0.001,1,1000,3,0.3,0.3,0.3,0.3,FALSE,0.0001,3,svgpvae-10-16-2,5.650603553,,,,,,,199,729.789583,,,,,,,,
longitudinal,100000,100,2,1,0.001,1,1000,3,0.3,0.3,0.3,0.3,FALSE,0.0001,4,svgpvae-10-16-2,5.622248627,,,,,,,199,730.8141453,,,,,,,,
longitudinal,100000,100,1,1,0.001,1,1000,3,0.3,3,0.3,0.3,FALSE,0.0001,0,svgpvae-10-16-2,8.511760015,,,,,,,199,406.1529205,,,,,,,,
longitudinal,100000,100,1,1,0.001,1,1000,3,0.3,3,0.3,0.3,FALSE,0.0001,1,svgpvae-10-16-2,8.377829556,,,,,,,199,406.6468863,,,,,,,,
longitudinal,100000,100,1,1,0.001,1,1000,3,0.3,3,0.3,0.3,FALSE,0.0001,2,svgpvae-10-16-2,8.30266102,,,,,,,199,408.9146221,,,,,,,,
longitudinal,100000,100,1,1,0.001,1,1000,3,0.3,3,0.3,0.3,FALSE,0.0001,3,svgpvae-10-16-2,8.382065131,,,,,,,199,408.1880054,,,,,,,,
longitudinal,100000,100,1,1,0.001,1,1000,3,0.3,3,0.3,0.3,FALSE,0.0001,4,svgpvae-10-16-2,8.34880089,,,,,,,199,409.9573393,,,,,,,,
longitudinal,100000,100,2,1,0.001,1,1000,3,0.3,3,0.3,0.3,FALSE,0.0001,0,svgpvae-10-16-2,8.155068153,,,,,,,199,728.0228281,,,,,,,,
longitudinal,100000,100,2,1,0.001,1,1000,3,0.3,3,0.3,0.3,FALSE,0.0001,1,svgpvae-10-16-2,8.244631746,,,,,,,199,727.2340598,,,,,,,,
longitudinal,100000,100,2,1,0.001,1,1000,3,0.3,3,0.3,0.3,FALSE,0.0001,2,svgpvae-10-16-2,8.196952675,,,,,,,199,726.2386396,,,,,,,,
longitudinal,100000,100,2,1,0.001,1,1000,3,0.3,3,0.3,0.3,FALSE,0.0001,3,svgpvae-10-16-2,8.002568772,,,,,,,199,726.7734187,,,,,,,,
longitudinal,100000,100,2,1,0.001,1,1000,3,0.3,3,0.3,0.3,FALSE,0.0001,4,svgpvae-10-16-2,8.143753281,,,,,,,199,726.3212252,,,,,,,,
longitudinal,100000,100,1,1,0.001,1,1000,3,3,0.3,0.3,0.3,FALSE,0.0001,0,svgpvae-10-16-2,8.868825182,,,,,,,199,404.407167,,,,,,,,
longitudinal,100000,100,1,1,0.001,1,1000,3,3,0.3,0.3,0.3,FALSE,0.0001,1,svgpvae-10-16-2,8.672689335,,,,,,,199,405.1485131,,,,,,,,
longitudinal,100000,100,1,1,0.001,1,1000,3,3,0.3,0.3,0.3,FALSE,0.0001,2,svgpvae-10-16-2,8.966998866,,,,,,,199,404.8617101,,,,,,,,
longitudinal,100000,100,1,1,0.001,1,1000,3,3,0.3,0.3,0.3,FALSE,0.0001,3,svgpvae-10-16-2,8.656113041,,,,,,,199,404.1733093,,,,,,,,
longitudinal,100000,100,1,1,0.001,1,1000,3,3,0.3,0.3,0.3,FALSE,0.0001,4,svgpvae-10-16-2,8.766440228,,,,,,,199,403.2769432,,,,,,,,
longitudinal,100000,100,2,1,0.001,1,1000,3,3,0.3,0.3,0.3,FALSE,0.0001,0,svgpvae-10-16-2,8.645920618,,,,,,,199,728.3886685,,,,,,,,
longitudinal,100000,100,2,1,0.001,1,1000,3,3,0.3,0.3,0.3,FALSE,0.0001,1,svgpvae-10-16-2,8.541048927,,,,,,,199,729.8893147,,,,,,,,
longitudinal,100000,100,2,1,0.001,1,1000,3,3,0.3,0.3,0.3,FALSE,0.0001,2,svgpvae-10-16-2,8.381312657,,,,,,,199,728.214596,,,,,,,,
longitudinal,100000,100,2,1,0.001,1,1000,3,3,0.3,0.3,0.3,FALSE,0.0001,3,svgpvae-10-16-2,8.70214793,,,,,,,199,726.6416919,,,,,,,,
longitudinal,100000,100,2,1,0.001,1,1000,3,3,0.3,0.3,0.3,FALSE,0.0001,4,svgpvae-10-16-2,8.599545847,,,,,,,199,727.2332075,,,,,,,,
longitudinal,100000,100,1,1,0.001,1,1000,3,3,3,0.3,0.3,FALSE,0.0001,0,svgpvae-10-16-2,11.52822153,,,,,,,199,404.7537177,,,,,,,,
longitudinal,100000,100,1,1,0.001,1,1000,3,3,3,0.3,0.3,FALSE,0.0001,1,svgpvae-10-16-2,11.57153628,,,,,,,199,404.5809007,,,,,,,,
longitudinal,100000,100,1,1,0.001,1,1000,3,3,3,0.3,0.3,FALSE,0.0001,2,svgpvae-10-16-2,11.42342946,,,,,,,199,406.1234326,,,,,,,,
longitudinal,100000,100,1,1,0.001,1,1000,3,3,3,0.3,0.3,FALSE,0.0001,3,svgpvae-10-16-2,11.51618684,,,,,,,199,407.121315,,,,,,,,
longitudinal,100000,100,1,1,0.001,1,1000,3,3,3,0.3,0.3,FALSE,0.0001,4,svgpvae-10-16-2,11.39996035,,,,,,,199,405.1573277,,,,,,,,
longitudinal,100000,100,2,1,0.001,1,1000,3,3,3,0.3,0.3,FALSE,0.0001,0,svgpvae-10-16-2,10.98219908,,,,,,,199,728.0920365,,,,,,,,
longitudinal,100000,100,2,1,0.001,1,1000,3,3,3,0.3,0.3,FALSE,0.0001,1,svgpvae-10-16-2,11.12746089,,,,,,,199,729.1061156,,,,,,,,
longitudinal,100000,100,2,1,0.001,1,1000,3,3,3,0.3,0.3,FALSE,0.0001,2,svgpvae-10-16-2,11.11233369,,,,,,,199,729.0486536,,,,,,,,
longitudinal,100000,100,2,1,0.001,1,1000,3,3,3,0.3,0.3,FALSE,0.0001,3,svgpvae-10-16-2,10.96296424,,,,,,,199,725.4984167,,,,,,,,
longitudinal,100000,100,2,1,0.001,1,1000,3,3,3,0.3,0.3,FALSE,0.0001,4,svgpvae-10-16-2,10.94266551,,,,,,,199,726.6529536,,,,,,,,
longitudinal,100000,100,1,1,0.001,1,1000,0.3,0.3,0.3,0.3,0.3,FALSE,0.0001,0,pca-ohe,2.243382732,,,,,,,,10.08859491,,,,,,,,
longitudinal,100000,100,1,1,0.001,1,1000,0.3,0.3,0.3,0.3,0.3,FALSE,0.0001,1,pca-ohe,2.255211801,,,,,,,,9.416351795,,,,,,,,
longitudinal,100000,100,1,1,0.001,1,1000,0.3,0.3,0.3,0.3,0.3,FALSE,0.0001,2,pca-ohe,2.198525925,,,,,,,,9.433879614,,,,,,,,
longitudinal,100000,100,1,1,0.001,1,1000,0.3,0.3,0.3,0.3,0.3,FALSE,0.0001,3,pca-ohe,2.209389881,,,,,,,,9.591607094,,,,,,,,
longitudinal,100000,100,1,1,0.001,1,1000,0.3,0.3,0.3,0.3,0.3,FALSE,0.0001,4,pca-ohe,2.198486401,,,,,,,,9.524662971,,,,,,,,
longitudinal,100000,100,2,1,0.001,1,1000,0.3,0.3,0.3,0.3,0.3,FALSE,0.0001,0,pca-ohe,2.459030193,,,,,,,,9.639502525,,,,,,,,
longitudinal,100000,100,2,1,0.001,1,1000,0.3,0.3,0.3,0.3,0.3,FALSE,0.0001,1,pca-ohe,2.354236044,,,,,,,,9.577693701,,,,,,,,
longitudinal,100000,100,2,1,0.001,1,1000,0.3,0.3,0.3,0.3,0.3,FALSE,0.0001,2,pca-ohe,2.532441329,,,,,,,,9.72337079,,,,,,,,
longitudinal,100000,100,2,1,0.001,1,1000,0.3,0.3,0.3,0.3,0.3,FALSE,0.0001,3,pca-ohe,2.426491614,,,,,,,,9.756378412,,,,,,,,
longitudinal,100000,100,2,1,0.001,1,1000,0.3,0.3,0.3,0.3,0.3,FALSE,0.0001,4,pca-ohe,2.302792325,,,,,,,,9.685281038,,,,,,,,
longitudinal,100000,100,1,1,0.001,1,1000,0.3,0.3,3,0.3,0.3,FALSE,0.0001,0,pca-ohe,4.42682585,,,,,,,,9.333693266,,,,,,,,
longitudinal,100000,100,1,1,0.001,1,1000,0.3,0.3,3,0.3,0.3,FALSE,0.0001,1,pca-ohe,4.33252673,,,,,,,,9.306199312,,,,,,,,
longitudinal,100000,100,1,1,0.001,1,1000,0.3,0.3,3,0.3,0.3,FALSE,0.0001,2,pca-ohe,4.432922882,,,,,,,,9.501200914,,,,,,,,
longitudinal,100000,100,1,1,0.001,1,1000,0.3,0.3,3,0.3,0.3,FALSE,0.0001,3,pca-ohe,4.392296554,,,,,,,,9.436799288,,,,,,,,
longitudinal,100000,100,1,1,0.001,1,1000,0.3,0.3,3,0.3,0.3,FALSE,0.0001,4,pca-ohe,4.336827698,,,,,,,,9.65357089,,,,,,,,
longitudinal,100000,100,2,1,0.001,1,1000,0.3,0.3,3,0.3,0.3,FALSE,0.0001,0,pca-ohe,4.443139545,,,,,,,,9.772191763,,,,,,,,
longitudinal,100000,100,2,1,0.001,1,1000,0.3,0.3,3,0.3,0.3,FALSE,0.0001,1,pca-ohe,4.458095919,,,,,,,,9.625163794,,,,,,,,
longitudinal,100000,100,2,1,0.001,1,1000,0.3,0.3,3,0.3,0.3,FALSE,0.0001,2,pca-ohe,4.451282017,,,,,,,,9.76140976,,,,,,,,
longitudinal,100000,100,2,1,0.001,1,1000,0.3,0.3,3,0.3,0.3,FALSE,0.0001,3,pca-ohe,4.464107514,,,,,,,,9.657821655,,,,,,,,
longitudinal,100000,100,2,1,0.001,1,1000,0.3,0.3,3,0.3,0.3,FALSE,0.0001,4,pca-ohe,4.596789129,,,,,,,,9.817075253,,,,,,,,
longitudinal,100000,100,1,1,0.001,1,1000,0.3,3,0.3,0.3,0.3,FALSE,0.0001,0,pca-ohe,4.800694401,,,,,,,,9.541806936,,,,,,,,
longitudinal,100000,100,1,1,0.001,1,1000,0.3,3,0.3,0.3,0.3,FALSE,0.0001,1,pca-ohe,4.829244694,,,,,,,,9.664366245,,,,,,,,
longitudinal,100000,100,1,1,0.001,1,1000,0.3,3,0.3,0.3,0.3,FALSE,0.0001,2,pca-ohe,4.798916367,,,,,,,,9.758998871,,,,,,,,
longitudinal,100000,100,1,1,0.001,1,1000,0.3,3,0.3,0.3,0.3,FALSE,0.0001,3,pca-ohe,4.732661711,,,,,,,,9.677650928,,,,,,,,
longitudinal,100000,100,1,1,0.001,1,1000,0.3,3,0.3,0.3,0.3,FALSE,0.0001,4,pca-ohe,4.828041412,,,,,,,,9.675128937,,,,,,,,
longitudinal,100000,100,2,1,0.001,1,1000,0.3,3,0.3,0.3,0.3,FALSE,0.0001,0,pca-ohe,4.923665807,,,,,,,,9.604078293,,,,,,,,
longitudinal,100000,100,2,1,0.001,1,1000,0.3,3,0.3,0.3,0.3,FALSE,0.0001,1,pca-ohe,4.913203364,,,,,,,,9.673721075,,,,,,,,
longitudinal,100000,100,2,1,0.001,1,1000,0.3,3,0.3,0.3,0.3,FALSE,0.0001,2,pca-ohe,4.937810595,,,,,,,,9.724047184,,,,,,,,
longitudinal,100000,100,2,1,0.001,1,1000,0.3,3,0.3,0.3,0.3,FALSE,0.0001,3,pca-ohe,4.888847564,,,,,,,,9.72410202,,,,,,,,
longitudinal,100000,100,2,1,0.001,1,1000,0.3,3,0.3,0.3,0.3,FALSE,0.0001,4,pca-ohe,4.917192987,,,,,,,,9.722921133,,,,,,,,
longitudinal,100000,100,1,1,0.001,1,1000,0.3,3,3,0.3,0.3,FALSE,0.0001,0,pca-ohe,6.994837564,,,,,,,,9.742805243,,,,,,,,
longitudinal,100000,100,1,1,0.001,1,1000,0.3,3,3,0.3,0.3,FALSE,0.0001,1,pca-ohe,6.848638069,,,,,,,,9.420368195,,,,,,,,
longitudinal,100000,100,1,1,0.001,1,1000,0.3,3,3,0.3,0.3,FALSE,0.0001,2,pca-ohe,6.877508145,,,,,,,,9.471495152,,,,,,,,
longitudinal,100000,100,1,1,0.001,1,1000,0.3,3,3,0.3,0.3,FALSE,0.0001,3,pca-ohe,6.809622598,,,,,,,,9.468945742,,,,,,,,
longitudinal,100000,100,1,1,0.001,1,1000,0.3,3,3,0.3,0.3,FALSE,0.0001,4,pca-ohe,6.863302782,,,,,,,,9.663652182,,,,,,,,
longitudinal,100000,100,2,1,0.001,1,1000,0.3,3,3,0.3,0.3,FALSE,0.0001,0,pca-ohe,7.019065301,,,,,,,,9.679306507,,,,,,,,
longitudinal,100000,100,2,1,0.001,1,1000,0.3,3,3,0.3,0.3,FALSE,0.0001,1,pca-ohe,6.940421533,,,,,,,,9.735544205,,,,,,,,
longitudinal,100000,100,2,1,0.001,1,1000,0.3,3,3,0.3,0.3,FALSE,0.0001,2,pca-ohe,6.99687796,,,,,,,,9.720609903,,,,,,,,
longitudinal,100000,100,2,1,0.001,1,1000,0.3,3,3,0.3,0.3,FALSE,0.0001,3,pca-ohe,7.049826675,,,,,,,,11.26235175,,,,,,,,
longitudinal,100000,100,2,1,0.001,1,1000,0.3,3,3,0.3,0.3,FALSE,0.0001,4,pca-ohe,7.037423798,,,,,,,,9.854435205,,,,,,,,
longitudinal,100000,100,1,1,0.001,1,1000,3,0.3,0.3,0.3,0.3,FALSE,0.0001,0,pca-ohe,5.508712317,,,,,,,,9.559092522,,,,,,,,
longitudinal,100000,100,1,1,0.001,1,1000,3,0.3,0.3,0.3,0.3,FALSE,0.0001,1,pca-ohe,5.5950019,,,,,,,,9.494348764,,,,,,,,
longitudinal,100000,100,1,1,0.001,1,1000,3,0.3,0.3,0.3,0.3,FALSE,0.0001,2,pca-ohe,5.656425008,,,,,,,,9.60513401,,,,,,,,
longitudinal,100000,100,1,1,0.001,1,1000,3,0.3,0.3,0.3,0.3,FALSE,0.0001,3,pca-ohe,5.650746743,,,,,,,,9.755369425,,,,,,,,
longitudinal,100000,100,1,1,0.001,1,1000,3,0.3,0.3,0.3,0.3,FALSE,0.0001,4,pca-ohe,5.545984887,,,,,,,,9.437417507,,,,,,,,
longitudinal,100000,100,2,1,0.001,1,1000,3,0.3,0.3,0.3,0.3,FALSE,0.0001,0,pca-ohe,5.679509105,,,,,,,,9.610169172,,,,,,,,
longitudinal,100000,100,2,1,0.001,1,1000,3,0.3,0.3,0.3,0.3,FALSE,0.0001,1,pca-ohe,5.772818938,,,,,,,,9.721635103,,,,,,,,
longitudinal,100000,100,2,1,0.001,1,1000,3,0.3,0.3,0.3,0.3,FALSE,0.0001,2,pca-ohe,5.692262207,,,,,,,,9.651403904,,,,,,,,
longitudinal,100000,100,2,1,0.001,1,1000,3,0.3,0.3,0.3,0.3,FALSE,0.0001,3,pca-ohe,5.751011159,,,,,,,,9.712696552,,,,,,,,
longitudinal,100000,100,2,1,0.001,1,1000,3,0.3,0.3,0.3,0.3,FALSE,0.0001,4,pca-ohe,5.624912961,,,,,,,,9.548053741,,,,,,,,
longitudinal,100000,100,1,1,0.001,1,1000,3,0.3,3,0.3,0.3,FALSE,0.0001,0,pca-ohe,8.327436603,,,,,,,,9.461730003,,,,,,,,
longitudinal,100000,100,1,1,0.001,1,1000,3,0.3,3,0.3,0.3,FALSE,0.0001,1,pca-ohe,8.308760502,,,,,,,,9.481063128,,,,,,,,
longitudinal,100000,100,1,1,0.001,1,1000,3,0.3,3,0.3,0.3,FALSE,0.0001,2,pca-ohe,8.511790806,,,,,,,,9.575954437,,,,,,,,
longitudinal,100000,100,1,1,0.001,1,1000,3,0.3,3,0.3,0.3,FALSE,0.0001,3,pca-ohe,8.361186105,,,,,,,,9.738688231,,,,,,,,
longitudinal,100000,100,1,1,0.001,1,1000,3,0.3,3,0.3,0.3,FALSE,0.0001,4,pca-ohe,8.235355014,,,,,,,,9.738183022,,,,,,,,
longitudinal,100000,100,2,1,0.001,1,1000,3,0.3,3,0.3,0.3,FALSE,0.0001,0,pca-ohe,8.409271813,,,,,,,,9.993461132,,,,,,,,
longitudinal,100000,100,2,1,0.001,1,1000,3,0.3,3,0.3,0.3,FALSE,0.0001,1,pca-ohe,8.472127293,,,,,,,,9.892627001,,,,,,,,
longitudinal,100000,100,2,1,0.001,1,1000,3,0.3,3,0.3,0.3,FALSE,0.0001,2,pca-ohe,8.524685051,,,,,,,,9.799270391,,,,,,,,
longitudinal,100000,100,2,1,0.001,1,1000,3,0.3,3,0.3,0.3,FALSE,0.0001,3,pca-ohe,8.415411895,,,,,,,,9.726535082,,,,,,,,
longitudinal,100000,100,2,1,0.001,1,1000,3,0.3,3,0.3,0.3,FALSE,0.0001,4,pca-ohe,8.484945685,,,,,,,,9.733266115,,,,,,,,
longitudinal,100000,100,1,1,0.001,1,1000,3,3,0.3,0.3,0.3,FALSE,0.0001,0,pca-ohe,8.898758304,,,,,,,,9.661307096,,,,,,,,
longitudinal,100000,100,1,1,0.001,1,1000,3,3,0.3,0.3,0.3,FALSE,0.0001,1,pca-ohe,8.829087337,,,,,,,,9.807644606,,,,,,,,
longitudinal,100000,100,1,1,0.001,1,1000,3,3,0.3,0.3,0.3,FALSE,0.0001,2,pca-ohe,8.748315874,,,,,,,,9.568327427,,,,,,,,
longitudinal,100000,100,1,1,0.001,1,1000,3,3,0.3,0.3,0.3,FALSE,0.0001,3,pca-ohe,8.788280035,,,,,,,,9.391949654,,,,,,,,
longitudinal,100000,100,1,1,0.001,1,1000,3,3,0.3,0.3,0.3,FALSE,0.0001,4,pca-ohe,8.776923938,,,,,,,,9.614659071,,,,,,,,
longitudinal,100000,100,2,1,0.001,1,1000,3,3,0.3,0.3,0.3,FALSE,0.0001,0,pca-ohe,8.962665016,,,,,,,,9.770124197,,,,,,,,
longitudinal,100000,100,2,1,0.001,1,1000,3,3,0.3,0.3,0.3,FALSE,0.0001,1,pca-ohe,8.999556414,,,,,,,,9.865170479,,,,,,,,
longitudinal,100000,100,2,1,0.001,1,1000,3,3,0.3,0.3,0.3,FALSE,0.0001,2,pca-ohe,8.823103944,,,,,,,,9.72889328,,,,,,,,
longitudinal,100000,100,2,1,0.001,1,1000,3,3,0.3,0.3,0.3,FALSE,0.0001,3,pca-ohe,8.892266836,,,,,,,,9.465379238,,,,,,,,
longitudinal,100000,100,2,1,0.001,1,1000,3,3,0.3,0.3,0.3,FALSE,0.0001,4,pca-ohe,8.863423976,,,,,,,,9.807446241,,,,,,,,
longitudinal,100000,100,1,1,0.001,1,1000,3,3,3,0.3,0.3,FALSE,0.0001,0,pca-ohe,11.67031995,,,,,,,,9.578973532,,,,,,,,
longitudinal,100000,100,1,1,0.001,1,1000,3,3,3,0.3,0.3,FALSE,0.0001,1,pca-ohe,11.55996993,,,,,,,,9.726902485,,,,,,,,
longitudinal,100000,100,1,1,0.001,1,1000,3,3,3,0.3,0.3,FALSE,0.0001,2,pca-ohe,11.60342122,,,,,,,,9.770040751,,,,,,,,
longitudinal,100000,100,1,1,0.001,1,1000,3,3,3,0.3,0.3,FALSE,0.0001,3,pca-ohe,11.660541,,,,,,,,9.7923491,,,,,,,,
longitudinal,100000,100,1,1,0.001,1,1000,3,3,3,0.3,0.3,FALSE,0.0001,4,pca-ohe,11.71475411,,,,,,,,9.749202251,,,,,,,,
longitudinal,100000,100,2,1,0.001,1,1000,3,3,3,0.3,0.3,FALSE,0.0001,0,pca-ohe,11.85338208,,,,,,,,9.866021156,,,,,,,,
longitudinal,100000,100,2,1,0.001,1,1000,3,3,3,0.3,0.3,FALSE,0.0001,1,pca-ohe,11.73301034,,,,,,,,9.734458208,,,,,,,,
longitudinal,100000,100,2,1,0.001,1,1000,3,3,3,0.3,0.3,FALSE,0.0001,2,pca-ohe,11.70632817,,,,,,,,9.819100142,,,,,,,,
longitudinal,100000,100,2,1,0.001,1,1000,3,3,3,0.3,0.3,FALSE,0.0001,3,pca-ohe,11.76889402,,,,,,,,9.905105114,,,,,,,,
longitudinal,100000,100,2,1,0.001,1,1000,3,3,3,0.3,0.3,FALSE,0.0001,4,pca-ohe,11.78007799,,,,,,,,11.11380672,,,,,,,,
longitudinal,100000,100,1,1,0.001,1,1000,0.3,0.3,0.3,0.3,0.3,FALSE,0.0001,0,vrae,2.473096429,,,,,,,200,663.9216738,,,,,,,,
longitudinal,100000,100,1,1,0.001,1,1000,0.3,0.3,0.3,0.3,0.3,FALSE,0.0001,1,vrae,2.511547481,,,,,,,200,655.5003383,,,,,,,,
longitudinal,100000,100,1,1,0.001,1,1000,0.3,0.3,0.3,0.3,0.3,FALSE,0.0001,2,vrae,2.433561543,,,,,,,200,657.4376159,,,,,,,,
longitudinal,100000,100,1,1,0.001,1,1000,0.3,0.3,0.3,0.3,0.3,FALSE,0.0001,3,vrae,2.510609256,,,,,,,200,654.9792721,,,,,,,,
longitudinal,100000,100,1,1,0.001,1,1000,0.3,0.3,0.3,0.3,0.3,FALSE,0.0001,4,vrae,2.461054224,,,,,,,200,648.659724,,,,,,,,
longitudinal,100000,100,2,1,0.001,1,1000,0.3,0.3,0.3,0.3,0.3,FALSE,0.0001,0,vrae,3.040839242,,,,,,,200,660.2824211,,,,,,,,
longitudinal,100000,100,2,1,0.001,1,1000,0.3,0.3,0.3,0.3,0.3,FALSE,0.0001,1,vrae,2.965233379,,,,,,,200,659.550894,,,,,,,,
longitudinal,100000,100,2,1,0.001,1,1000,0.3,0.3,0.3,0.3,0.3,FALSE,0.0001,2,vrae,3.099244423,,,,,,,200,654.6008883,,,,,,,,
longitudinal,100000,100,2,1,0.001,1,1000,0.3,0.3,0.3,0.3,0.3,FALSE,0.0001,3,vrae,2.740547239,,,,,,,200,650.135015,,,,,,,,
longitudinal,100000,100,2,1,0.001,1,1000,0.3,0.3,0.3,0.3,0.3,FALSE,0.0001,4,vrae,2.871446101,,,,,,,200,654.7113287,,,,,,,,
longitudinal,100000,100,1,1,0.001,1,1000,0.3,0.3,3,0.3,0.3,FALSE,0.0001,0,vrae,4.622751909,,,,,,,200,657.5750337,,,,,,,,
longitudinal,100000,100,1,1,0.001,1,1000,0.3,0.3,3,0.3,0.3,FALSE,0.0001,1,vrae,4.572033797,,,,,,,200,654.5830915,,,,,,,,
longitudinal,100000,100,1,1,0.001,1,1000,0.3,0.3,3,0.3,0.3,FALSE,0.0001,2,vrae,4.582831813,,,,,,,200,655.2545362,,,,,,,,
longitudinal,100000,100,1,1,0.001,1,1000,0.3,0.3,3,0.3,0.3,FALSE,0.0001,3,vrae,4.636151343,,,,,,,200,657.3826702,,,,,,,,
longitudinal,100000,100,1,1,0.001,1,1000,0.3,0.3,3,0.3,0.3,FALSE,0.0001,4,vrae,4.582101854,,,,,,,200,645.7275639,,,,,,,,
longitudinal,100000,100,2,1,0.001,1,1000,0.3,0.3,3,0.3,0.3,FALSE,0.0001,0,vrae,5.117836326,,,,,,,200,643.3367059,,,,,,,,
longitudinal,100000,100,2,1,0.001,1,1000,0.3,0.3,3,0.3,0.3,FALSE,0.0001,1,vrae,5.220747619,,,,,,,200,645.0671544,,,,,,,,
longitudinal,100000,100,2,1,0.001,1,1000,0.3,0.3,3,0.3,0.3,FALSE,0.0001,2,vrae,4.891332952,,,,,,,200,647.0178025,,,,,,,,
longitudinal,100000,100,2,1,0.001,1,1000,0.3,0.3,3,0.3,0.3,FALSE,0.0001,3,vrae,5.015274887,,,,,,,200,655.0269818,,,,,,,,
longitudinal,100000,100,2,1,0.001,1,1000,0.3,0.3,3,0.3,0.3,FALSE,0.0001,4,vrae,4.903548327,,,,,,,200,656.9411337,,,,,,,,
longitudinal,100000,100,1,1,0.001,1,1000,0.3,3,0.3,0.3,0.3,FALSE,0.0001,0,vrae,4.997677445,,,,,,,200,655.5580761,,,,,,,,
longitudinal,100000,100,1,1,0.001,1,1000,0.3,3,0.3,0.3,0.3,FALSE,0.0001,1,vrae,5.157782406,,,,,,,200,657.7256927,,,,,,,,
longitudinal,100000,100,1,1,0.001,1,1000,0.3,3,0.3,0.3,0.3,FALSE,0.0001,2,vrae,4.961223684,,,,,,,200,657.689821,,,,,,,,
longitudinal,100000,100,1,1,0.001,1,1000,0.3,3,0.3,0.3,0.3,FALSE,0.0001,3,vrae,5.065346032,,,,,,,200,664.6322148,,,,,,,,
longitudinal,100000,100,1,1,0.001,1,1000,0.3,3,0.3,0.3,0.3,FALSE,0.0001,4,vrae,4.977697557,,,,,,,200,659.9185808,,,,,,,,
longitudinal,100000,100,2,1,0.001,1,1000,0.3,3,0.3,0.3,0.3,FALSE,0.0001,0,vrae,5.372183788,,,,,,,200,658.742568,,,,,,,,
longitudinal,100000,100,2,1,0.001,1,1000,0.3,3,0.3,0.3,0.3,FALSE,0.0001,1,vrae,5.411988002,,,,,,,200,651.6209149,,,,,,,,
longitudinal,100000,100,2,1,0.001,1,1000,0.3,3,0.3,0.3,0.3,FALSE,0.0001,2,vrae,5.53127827,,,,,,,200,652.7229698,,,,,,,,
longitudinal,100000,100,2,1,0.001,1,1000,0.3,3,0.3,0.3,0.3,FALSE,0.0001,3,vrae,5.441760332,,,,,,,200,657.755842,,,,,,,,
longitudinal,100000,100,2,1,0.001,1,1000,0.3,3,0.3,0.3,0.3,FALSE,0.0001,4,vrae,5.398502493,,,,,,,200,654.3053598,,,,,,,,
longitudinal,100000,100,1,1,0.001,1,1000,0.3,3,3,0.3,0.3,FALSE,0.0001,0,vrae,7.079993742,,,,,,,200,653.2661633,,,,,,,,
longitudinal,100000,100,1,1,0.001,1,1000,0.3,3,3,0.3,0.3,FALSE,0.0001,1,vrae,7.078059953,,,,,,,200,652.1861925,,,,,,,,
longitudinal,100000,100,1,1,0.001,1,1000,0.3,3,3,0.3,0.3,FALSE,0.0001,2,vrae,7.055674213,,,,,,,200,651.6651356,,,,,,,,
longitudinal,100000,100,1,1,0.001,1,1000,0.3,3,3,0.3,0.3,FALSE,0.0001,3,vrae,7.264581244,,,,,,,200,649.4115901,,,,,,,,
longitudinal,100000,100,1,1,0.001,1,1000,0.3,3,3,0.3,0.3,FALSE,0.0001,4,vrae,7.213493079,,,,,,,200,651.9150901,,,,,,,,
longitudinal,100000,100,2,1,0.001,1,1000,0.3,3,3,0.3,0.3,FALSE,0.0001,0,vrae,7.415824605,,,,,,,200,655.083889,,,,,,,,
longitudinal,100000,100,2,1,0.001,1,1000,0.3,3,3,0.3,0.3,FALSE,0.0001,1,vrae,7.766099691,,,,,,,200,650.5693583,,,,,,,,
longitudinal,100000,100,2,1,0.001,1,1000,0.3,3,3,0.3,0.3,FALSE,0.0001,2,vrae,7.578632838,,,,,,,200,650.3755605,,,,,,,,
longitudinal,100000,100,2,1,0.001,1,1000,0.3,3,3,0.3,0.3,FALSE,0.0001,3,vrae,7.670168877,,,,,,,200,651.3830845,,,,,,,,
longitudinal,100000,100,2,1,0.001,1,1000,0.3,3,3,0.3,0.3,FALSE,0.0001,4,vrae,7.773772202,,,,,,,200,648.9831986,,,,,,,,
longitudinal,100000,100,1,1,0.001,1,1000,3,0.3,0.3,0.3,0.3,FALSE,0.0001,0,vrae,5.796248036,,,,,,,200,669.4126363,,,,,,,,
longitudinal,100000,100,1,1,0.001,1,1000,3,0.3,0.3,0.3,0.3,FALSE,0.0001,1,vrae,5.873792879,,,,,,,200,655.6972737,,,,,,,,
longitudinal,100000,100,1,1,0.001,1,1000,3,0.3,0.3,0.3,0.3,FALSE,0.0001,2,vrae,5.875463918,,,,,,,200,657.2460103,,,,,,,,
longitudinal,100000,100,1,1,0.001,1,1000,3,0.3,0.3,0.3,0.3,FALSE,0.0001,3,vrae,5.82591131,,,,,,,200,657.2890468,,,,,,,,
longitudinal,100000,100,1,1,0.001,1,1000,3,0.3,0.3,0.3,0.3,FALSE,0.0001,4,vrae,5.758121116,,,,,,,200,654.8290896,,,,,,,,
longitudinal,100000,100,2,1,0.001,1,1000,3,0.3,0.3,0.3,0.3,FALSE,0.0001,0,vrae,6.089579171,,,,,,,200,660.2101989,,,,,,,,
longitudinal,100000,100,2,1,0.001,1,1000,3,0.3,0.3,0.3,0.3,FALSE,0.0001,1,vrae,6.21709171,,,,,,,200,653.0752184,,,,,,,,
longitudinal,100000,100,2,1,0.001,1,1000,3,0.3,0.3,0.3,0.3,FALSE,0.0001,2,vrae,6.323195576,,,,,,,200,649.6813507,,,,,,,,
longitudinal,100000,100,2,1,0.001,1,1000,3,0.3,0.3,0.3,0.3,FALSE,0.0001,3,vrae,6.463350824,,,,,,,200,649.806834,,,,,,,,
longitudinal,100000,100,2,1,0.001,1,1000,3,0.3,0.3,0.3,0.3,FALSE,0.0001,4,vrae,6.198226897,,,,,,,200,653.9894071,,,,,,,,
longitudinal,100000,100,1,1,0.001,1,1000,3,0.3,3,0.3,0.3,FALSE,0.0001,0,vrae,8.758856035,,,,,,,200,662.4128926,,,,,,,,
longitudinal,100000,100,1,1,0.001,1,1000,3,0.3,3,0.3,0.3,FALSE,0.0001,1,vrae,8.595561115,,,,,,,200,652.5377154,,,,,,,,
longitudinal,100000,100,1,1,0.001,1,1000,3,0.3,3,0.3,0.3,FALSE,0.0001,2,vrae,8.6827665,,,,,,,200,653.6735373,,,,,,,,
longitudinal,100000,100,1,1,0.001,1,1000,3,0.3,3,0.3,0.3,FALSE,0.0001,3,vrae,8.552106252,,,,,,,200,657.5499334,,,,,,,,
longitudinal,100000,100,1,1,0.001,1,1000,3,0.3,3,0.3,0.3,FALSE,0.0001,4,vrae,8.628780492,,,,,,,200,653.4492459,,,,,,,,
longitudinal,100000,100,2,1,0.001,1,1000,3,0.3,3,0.3,0.3,FALSE,0.0001,0,vrae,9.348432768,,,,,,,200,657.7641301,,,,,,,,
longitudinal,100000,100,2,1,0.001,1,1000,3,0.3,3,0.3,0.3,FALSE,0.0001,1,vrae,9.055037972,,,,,,,200,665.7033045,,,,,,,,
longitudinal,100000,100,2,1,0.001,1,1000,3,0.3,3,0.3,0.3,FALSE,0.0001,2,vrae,9.114394226,,,,,,,200,668.1416693,,,,,,,,
longitudinal,100000,100,2,1,0.001,1,1000,3,0.3,3,0.3,0.3,FALSE,0.0001,3,vrae,9.256455278,,,,,,,200,660.3049011,,,,,,,,
longitudinal,100000,100,2,1,0.001,1,1000,3,0.3,3,0.3,0.3,FALSE,0.0001,4,vrae,9.135915077,,,,,,,200,666.2340295,,,,,,,,
longitudinal,100000,100,1,1,0.001,1,1000,3,3,0.3,0.3,0.3,FALSE,0.0001,0,vrae,9.187146597,,,,,,,200,664.2679696,,,,,,,,
longitudinal,100000,100,1,1,0.001,1,1000,3,3,0.3,0.3,0.3,FALSE,0.0001,1,vrae,9.081221931,,,,,,,200,667.7083983,,,,,,,,
longitudinal,100000,100,1,1,0.001,1,1000,3,3,0.3,0.3,0.3,FALSE,0.0001,2,vrae,9.185500343,,,,,,,200,664.709132,,,,,,,,
longitudinal,100000,100,1,1,0.001,1,1000,3,3,0.3,0.3,0.3,FALSE,0.0001,3,vrae,9.059763691,,,,,,,200,662.5791926,,,,,,,,
longitudinal,100000,100,1,1,0.001,1,1000,3,3,0.3,0.3,0.3,FALSE,0.0001,4,vrae,9.131683476,,,,,,,200,660.9665048,,,,,,,,
longitudinal,100000,100,2,1,0.001,1,1000,3,3,0.3,0.3,0.3,FALSE,0.0001,0,vrae,9.539440658,,,,,,,200,658.3021238,,,,,,,,
longitudinal,100000,100,2,1,0.001,1,1000,3,3,0.3,0.3,0.3,FALSE,0.0001,1,vrae,9.684115244,,,,,,,200,659.2773058,,,,,,,,
longitudinal,100000,100,2,1,0.001,1,1000,3,3,0.3,0.3,0.3,FALSE,0.0001,2,vrae,9.430221776,,,,,,,200,658.5554445,,,,,,,,
longitudinal,100000,100,2,1,0.001,1,1000,3,3,0.3,0.3,0.3,FALSE,0.0001,3,vrae,9.824763286,,,,,,,200,656.1390703,,,,,,,,
longitudinal,100000,100,2,1,0.001,1,1000,3,3,0.3,0.3,0.3,FALSE,0.0001,4,vrae,9.588715379,,,,,,,200,656.4784267,,,,,,,,
longitudinal,100000,100,1,1,0.001,1,1000,3,3,3,0.3,0.3,FALSE,0.0001,0,vrae,11.82311482,,,,,,,200,656.8327534,,,,,,,,
longitudinal,100000,100,1,1,0.001,1,1000,3,3,3,0.3,0.3,FALSE,0.0001,1,vrae,12.07727239,,,,,,,200,658.3517311,,,,,,,,
longitudinal,100000,100,1,1,0.001,1,1000,3,3,3,0.3,0.3,FALSE,0.0001,2,vrae,11.85854814,,,,,,,200,655.0838139,,,,,,,,
longitudinal,100000,100,1,1,0.001,1,1000,3,3,3,0.3,0.3,FALSE,0.0001,3,vrae,12.13307716,,,,,,,200,653.1874266,,,,,,,,
longitudinal,100000,100,1,1,0.001,1,1000,3,3,3,0.3,0.3,FALSE,0.0001,4,vrae,12.09254935,,,,,,,200,652.5633876,,,,,,,,
longitudinal,100000,100,2,1,0.001,1,1000,3,3,3,0.3,0.3,FALSE,0.0001,0,vrae,12.20251709,,,,,,,200,650.9214993,,,,,,,,
longitudinal,100000,100,2,1,0.001,1,1000,3,3,3,0.3,0.3,FALSE,0.0001,1,vrae,12.32938691,,,,,,,200,657.6269383,,,,,,,,
longitudinal,100000,100,2,1,0.001,1,1000,3,3,3,0.3,0.3,FALSE,0.0001,2,vrae,12.43758964,,,,,,,200,654.9484794,,,,,,,,
longitudinal,100000,100,2,1,0.001,1,1000,3,3,3,0.3,0.3,FALSE,0.0001,3,vrae,12.4239613,,,,,,,200,656.344815,,,,,,,,
longitudinal,100000,100,2,1,0.001,1,1000,3,3,3,0.3,0.3,FALSE,0.0001,4,vrae,12.46799029,,,,,,,200,659.7674005,,,,,,,,
