mode,N,p,d,sig2e,beta,re_prior,q0,q1,q2,sig2b0,sig2b1,sig2b2,sig2bs_identical,thresh,experiment,exp_type,mse_X,sig2e_est,sig2b_est0,sig2b_est1,sig2b_est2,n_epochs,time,total_loss_tr,recon_loss_tr,kl_loss_tr,re_kl_loss_tr,total_loss_te,recon_loss_te,kl_loss_te,re_kl_loss_te
categorical,100000,100,1,1,0.01,1,1000,3000,5000,0.3,0.3,0.3,FALSE,0.0001,0,pca-ignore,2.251844739,,,,,,1.049955368,140.1151928,,,,140.0584052,,,
categorical,100000,100,1,1,0.01,1,1000,3000,5000,0.3,0.3,0.3,FALSE,0.0001,0,pca-ohe,2.257849432,,,,,,214.1858714,12906.22738,,,,13257.79381,,,
categorical,100000,100,1,1,0.01,1,1000,3000,5000,0.3,0.3,0.3,FALSE,0.0001,0,vae-ignore,2.141213008,,,,,200,97.32501101,214.1760559,214.1173248,5.856744766,,214.179718,214.1211243,5.85131216,
categorical,100000,100,1,1,0.01,1,1000,3000,5000,0.3,0.3,0.3,FALSE,0.0001,0,vae-embed,2.147025124,,,,,200,145.4697616,213.9445801,213.8895721,5.487930298,,214.7569275,214.7024994,5.450499058,
categorical,100000,100,1,1,0.01,1,1000,3000,5000,0.3,0.3,0.3,FALSE,0.0001,0,lmmvae,1.229397273,,0.000404309,0.081771433,0.619448602,200,225.8821714,110.9558105,104.0366287,4.62276268,687.2994995,93.14422607,86.2266922,4.613914967,687.1378784
categorical,100000,100,1,1,0.01,1,1000,3000,5000,0.3,0.3,0.3,FALSE,0.0001,1,pca-ignore,2.313718511,,,,,,1.014043331,138.3765169,,,,138.2053666,,,
categorical,100000,100,1,1,0.01,1,1000,3000,5000,0.3,0.3,0.3,FALSE,0.0001,1,pca-ohe,2.316167473,,,,,,213.7636464,12903.25371,,,,13226.13718,,,
categorical,100000,100,1,1,0.01,1,1000,3000,5000,0.3,0.3,0.3,FALSE,0.0001,1,vae-ignore,2.114615523,,,,,200,94.11775827,211.6036224,211.5447235,5.889377594,,211.5187531,211.460144,5.85614109,
categorical,100000,100,1,1,0.01,1,1000,3000,5000,0.3,0.3,0.3,FALSE,0.0001,1,vae-embed,2.122995511,,,,,200,138.0804975,211.9402466,211.8749237,6.545066357,,212.3650513,212.2999268,6.525784969,
categorical,100000,100,1,1,0.01,1,1000,3000,5000,0.3,0.3,0.3,FALSE,0.0001,1,lmmvae,1.243086804,,0.000430748,0.086151503,0.591449916,200,227.8414459,112.4383011,105.4887238,4.865228176,690.0802612,94.13591003,87.18972778,4.826106071,689.7858276
categorical,100000,100,1,1,0.01,1,1000,3000,5000,0.3,0.3,0.3,FALSE,0.0001,2,pca-ignore,2.364000654,,,,,,0.988016367,138.3337991,,,,138.2654662,,,
categorical,100000,100,1,1,0.01,1,1000,3000,5000,0.3,0.3,0.3,FALSE,0.0001,2,pca-ohe,2.366464575,,,,,,218.8957996,12906.05893,,,,13270.64065,,,
categorical,100000,100,1,1,0.01,1,1000,3000,5000,0.3,0.3,0.3,FALSE,0.0001,2,vae-ignore,2.172314824,,,,,200,93.15816021,217.0395813,216.9771271,6.242075443,,217.2927551,217.2300568,6.254946709,
categorical,100000,100,1,1,0.01,1,1000,3000,5000,0.3,0.3,0.3,FALSE,0.0001,2,vae-embed,2.187324395,,,,,200,140.4319763,217.7360535,217.6596985,7.586338043,,218.8144073,218.7387695,7.554878235,
categorical,100000,100,1,1,0.01,1,1000,3000,5000,0.3,0.3,0.3,FALSE,0.0001,2,lmmvae,1.337435708,,0.000431182,0.083352067,0.643604457,200,226.7958791,120.4666595,113.4464493,4.877149582,697.1480713,100.5423431,93.52602386,4.879222393,696.7573242
categorical,100000,100,1,1,0.01,1,1000,3000,5000,0.3,0.3,0.3,FALSE,0.0001,3,pca-ignore,2.319746689,,,,,,0.854943275,139.7493625,,,,139.8307336,,,
categorical,100000,100,1,1,0.01,1,1000,3000,5000,0.3,0.3,0.3,FALSE,0.0001,3,pca-ohe,2.32519618,,,,,,218.5784698,12904.47946,,,,13274.84164,,,
categorical,100000,100,1,1,0.01,1,1000,3000,5000,0.3,0.3,0.3,FALSE,0.0001,3,vae-ignore,2.175293992,,,,,200,92.36747837,217.6286926,217.5645294,6.413868904,,217.5924225,217.5281525,6.416473389,
categorical,100000,100,1,1,0.01,1,1000,3000,5000,0.3,0.3,0.3,FALSE,0.0001,3,vae-embed,2.201543565,,,,,200,138.909164,219.4225311,219.3639069,5.890171528,,220.2129517,220.154007,5.894635201,
categorical,100000,100,1,1,0.01,1,1000,3000,5000,0.3,0.3,0.3,FALSE,0.0001,3,lmmvae,1.298336979,,0.000415025,0.088821501,0.628663242,200,226.3140349,116.3299637,109.338089,4.681617737,694.4880981,97.7390213,90.74199677,4.689036846,695.0202637
categorical,100000,100,1,1,0.01,1,1000,3000,5000,0.3,0.3,0.3,FALSE,0.0001,4,pca-ignore,2.296028514,,,,,,0.93159771,139.0804561,,,,139.0426342,,,
categorical,100000,100,1,1,0.01,1,1000,3000,5000,0.3,0.3,0.3,FALSE,0.0001,4,pca-ohe,2.299364654,,,,,,215.7561042,12895.36602,,,,13214.68283,,,
categorical,100000,100,1,1,0.01,1,1000,3000,5000,0.3,0.3,0.3,FALSE,0.0001,4,vae-ignore,2.12564597,,,,,200,92.64723206,212.5144806,212.4577789,5.668603897,,212.6222534,212.5656738,5.654513836,
categorical,100000,100,1,1,0.01,1,1000,3000,5000,0.3,0.3,0.3,FALSE,0.0001,4,vae-embed,2.16389738,,,,,200,137.2533705,215.0858765,214.9345551,15.10939503,,216.5403748,216.3902283,15.01808453,
categorical,100000,100,1,1,0.01,1,1000,3000,5000,0.3,0.3,0.3,FALSE,0.0001,4,lmmvae,1.292083172,,0.000485344,0.083837546,0.610474229,200,226.666548,116.6155014,109.7141876,4.705786228,685.4152222,97.93302155,91.03335571,4.707648277,685.25354
categorical,100000,100,2,1,0.01,1,1000,3000,5000,0.3,0.3,0.3,FALSE,0.0001,0,pca-ignore,2.529148861,,,,,,0.914036989,137.1370645,,,,137.2072218,,,
categorical,100000,100,2,1,0.01,1,1000,3000,5000,0.3,0.3,0.3,FALSE,0.0001,0,pca-ohe,2.541833489,,,,,,215.4509144,12899.23612,,,,13244.07137,,,
categorical,100000,100,2,1,0.01,1,1000,3000,5000,0.3,0.3,0.3,FALSE,0.0001,0,vae-ignore,2.308053982,,,,,200,95.07087517,230.6646271,230.3594818,30.51431847,,231.1139221,230.8079071,30.62186241,
categorical,100000,100,2,1,0.01,1,1000,3000,5000,0.3,0.3,0.3,FALSE,0.0001,0,vae-embed,2.367473035,,,,,200,140.059294,230.4815979,230.2278442,25.41424179,,237.0029297,236.7516785,25.11751175,
categorical,100000,100,2,1,0.01,1,1000,3000,5000,0.3,0.3,0.3,FALSE,0.0001,0,lmmvae,1.450836713,,0.000564064,0.088508472,0.612719476,200,227.4415071,129.2228241,122.1739883,10.53411484,694.350708,108.7897339,101.7365952,10.50059509,694.8172607
categorical,100000,100,2,1,0.01,1,1000,3000,5000,0.3,0.3,0.3,FALSE,0.0001,1,pca-ignore,2.620486217,,,,,,1.078136444,137.3093091,,,,137.3345671,,,
categorical,100000,100,2,1,0.01,1,1000,3000,5000,0.3,0.3,0.3,FALSE,0.0001,1,pca-ohe,2.631140963,,,,,,234.039366,12895.15933,,,,13241.25519,,,
categorical,100000,100,2,1,0.01,1,1000,3000,5000,0.3,0.3,0.3,FALSE,0.0001,1,vae-ignore,2.158360798,,,,,200,92.93456721,215.1478271,215.0073547,14.04567814,,215.9760437,215.8361206,13.99215984,
categorical,100000,100,2,1,0.01,1,1000,3000,5000,0.3,0.3,0.3,FALSE,0.0001,1,vae-embed,2.202321515,,,,,200,142.4570842,216.7924042,216.634079,15.8411684,,220.3938293,220.2362213,15.74444199,
categorical,100000,100,2,1,0.01,1,1000,3000,5000,0.3,0.3,0.3,FALSE,0.0001,1,lmmvae,1.504979854,,0.00055678,0.084193237,0.632693112,200,227.50741,134.9420624,127.8089981,10.68838501,702.6443481,112.7857971,105.6531219,10.69373226,702.5759277
categorical,100000,100,2,1,0.01,1,1000,3000,5000,0.3,0.3,0.3,FALSE,0.0001,2,pca-ignore,2.552648333,,,,,,0.983785152,136.5460978,,,,136.4888228,,,
categorical,100000,100,2,1,0.01,1,1000,3000,5000,0.3,0.3,0.3,FALSE,0.0001,2,pca-ohe,2.56275788,,,,,,229.390646,12898.76646,,,,13215.28135,,,
categorical,100000,100,2,1,0.01,1,1000,3000,5000,0.3,0.3,0.3,FALSE,0.0001,2,vae-ignore,2.181356161,,,,,200,93.42280054,217.866272,217.7427521,12.37116051,,218.2581787,218.1346436,12.37470341,
categorical,100000,100,2,1,0.01,1,1000,3000,5000,0.3,0.3,0.3,FALSE,0.0001,2,vae-embed,2.191598371,,,,,200,140.5803909,215.1249695,214.9723206,15.24358463,,219.3142548,219.1629028,15.14234257,
categorical,100000,100,2,1,0.01,1,1000,3000,5000,0.3,0.3,0.3,FALSE,0.0001,2,lmmvae,1.410714944,,0.000411552,0.084278993,0.606086791,200,227.6370695,126.2215729,119.2281494,9.828429222,689.515686,105.8389587,98.84470367,9.812010765,689.6117554
categorical,100000,100,2,1,0.01,1,1000,3000,5000,0.3,0.3,0.3,FALSE,0.0001,3,pca-ignore,2.517288048,,,,,,0.927904844,138.2433771,,,,138.3007465,,,
categorical,100000,100,2,1,0.01,1,1000,3000,5000,0.3,0.3,0.3,FALSE,0.0001,3,pca-ohe,2.532941948,,,,,,226.159219,12905.85266,,,,13249.03196,,,
categorical,100000,100,2,1,0.01,1,1000,3000,5000,0.3,0.3,0.3,FALSE,0.0001,3,vae-ignore,2.221291073,,,,,200,93.29005218,221.1325073,220.9788971,15.34366226,,222.2868958,222.1336212,15.32702923,
categorical,100000,100,2,1,0.01,1,1000,3000,5000,0.3,0.3,0.3,FALSE,0.0001,3,vae-embed,2.298776289,,,,,200,139.9715874,228.7034302,228.5667725,13.64785671,,230.0131531,229.877121,13.60543442,
categorical,100000,100,2,1,0.01,1,1000,3000,5000,0.3,0.3,0.3,FALSE,0.0001,3,lmmvae,1.591829476,,0.000345256,0.08554142,0.651673973,200,226.7635362,142.465271,135.4801331,13.06610966,685.4387207,118.5833282,111.5961227,13.0833168,685.6253052
categorical,100000,100,2,1,0.01,1,1000,3000,5000,0.3,0.3,0.3,FALSE,0.0001,4,pca-ignore,2.596217822,,,,,,1.068669558,137.1716062,,,,137.2333028,,,
categorical,100000,100,2,1,0.01,1,1000,3000,5000,0.3,0.3,0.3,FALSE,0.0001,4,pca-ohe,2.610287018,,,,,,225.9412541,12899.26817,,,,13237.56012,,,
categorical,100000,100,2,1,0.01,1,1000,3000,5000,0.3,0.3,0.3,FALSE,0.0001,4,vae-ignore,2.199374503,,,,,200,92.59751081,218.9920197,218.8518677,13.98883152,,220.0750275,219.9353943,13.94889832,
categorical,100000,100,2,1,0.01,1,1000,3000,5000,0.3,0.3,0.3,FALSE,0.0001,4,vae-embed,2.223245723,,,,,200,142.1462641,218.3805542,218.2226563,15.81539822,,222.4745941,222.3177795,15.68192768,
categorical,100000,100,2,1,0.01,1,1000,3000,5000,0.3,0.3,0.3,FALSE,0.0001,4,lmmvae,1.617236786,,0.000328023,0.086957686,0.6184358,200,226.7834673,144.2635498,137.1864777,12.79480457,694.9138794,120.3387527,113.2615128,12.783144,694.9401245
categorical,100000,100,1,1,0.01,1,1000,3000,5000,0.3,0.3,3,FALSE,0.0001,0,pca-ignore,5.646766956,,,,,,0.957189322,140.579961,,,,140.5462308,,,
categorical,100000,100,1,1,0.01,1,1000,3000,5000,0.3,0.3,3,FALSE,0.0001,0,pca-ohe,5.665137588,,,,,,229.2408738,12905.19762,,,,13245.04669,,,
categorical,100000,100,1,1,0.01,1,1000,3000,5000,0.3,0.3,3,FALSE,0.0001,0,vae-ignore,5.462296936,,,,,200,95.95039082,545.7501221,545.6882935,6.106450558,,546.2886963,546.2280273,6.089635372,
categorical,100000,100,1,1,0.01,1,1000,3000,5000,0.3,0.3,3,FALSE,0.0001,0,vae-embed,5.486220951,,,,,200,149.1892395,547.331665,547.2476807,8.474330902,,548.7093506,548.625,8.402339935,
categorical,100000,100,1,1,0.01,1,1000,3000,5000,0.3,0.3,3,FALSE,0.0001,0,lmmvae,1.422215717,,0.000395853,0.062188014,3.399065256,200,226.0608373,128.1884918,119.7885132,4.344058037,835.6646118,108.5582657,100.1616974,4.351840019,835.3120728
categorical,100000,100,1,1,0.01,1,1000,3000,5000,0.3,0.3,3,FALSE,0.0001,1,pca-ignore,5.627531069,,,,,,1.030949593,141.2205882,,,,141.1835943,,,
categorical,100000,100,1,1,0.01,1,1000,3000,5000,0.3,0.3,3,FALSE,0.0001,1,pca-ohe,5.704161338,,,,,,227.1571286,12907.26991,,,,13247.18096,,,
categorical,100000,100,1,1,0.01,1,1000,3000,5000,0.3,0.3,3,FALSE,0.0001,1,vae-ignore,5.485411535,,,,,200,90.7702024,548.9650269,548.9035645,6.157969952,,548.6045532,548.5430298,6.164750576,
categorical,100000,100,1,1,0.01,1,1000,3000,5000,0.3,0.3,3,FALSE,0.0001,1,vae-embed,5.486402637,,,,,200,139.3849385,548.5183105,548.4584351,6.057507992,,548.7015991,548.6413574,6.034148216,
categorical,100000,100,1,1,0.01,1,1000,3000,5000,0.3,0.3,3,FALSE,0.0001,1,lmmvae,1.349966493,,0.000416748,0.064350724,3.410407782,200,227.0931721,121.4796371,113.038063,4.168664455,839.9970703,103.0785675,94.63961792,4.166343212,839.7297974
categorical,100000,100,1,1,0.01,1,1000,3000,5000,0.3,0.3,3,FALSE,0.0001,2,pca-ignore,5.89417028,,,,,,0.994161606,141.1770106,,,,141.1040791,,,
categorical,100000,100,1,1,0.01,1,1000,3000,5000,0.3,0.3,3,FALSE,0.0001,2,pca-ohe,5.951230457,,,,,,225.3477149,12904.36209,,,,13219.16078,,,
categorical,100000,100,1,1,0.01,1,1000,3000,5000,0.3,0.3,3,FALSE,0.0001,2,vae-ignore,5.703336889,,,,,200,90.61943436,571.2305298,571.1635742,6.717560768,,570.3997803,570.3324585,6.725390434,
categorical,100000,100,1,1,0.01,1,1000,3000,5000,0.3,0.3,3,FALSE,0.0001,2,vae-embed,5.646818907,,,,,200,139.8935831,564.6870728,564.6165771,7.069513321,,564.7504272,564.6801758,7.030717373,
categorical,100000,100,1,1,0.01,1,1000,3000,5000,0.3,0.3,3,FALSE,0.0001,2,lmmvae,1.375348292,,0.000391442,0.058567967,3.589703321,200,225.1026235,123.8476257,115.2670288,4.811316013,853.2612305,104.9824982,96.40843201,4.818434238,852.5952759
categorical,100000,100,1,1,0.01,1,1000,3000,5000,0.3,0.3,3,FALSE,0.0001,3,pca-ignore,6.098608346,,,,,,0.932243347,140.9263504,,,,140.9243067,,,
categorical,100000,100,1,1,0.01,1,1000,3000,5000,0.3,0.3,3,FALSE,0.0001,3,pca-ohe,6.137077288,,,,,,226.2076886,12904.08943,,,,13203.01823,,,
categorical,100000,100,1,1,0.01,1,1000,3000,5000,0.3,0.3,3,FALSE,0.0001,3,vae-ignore,5.960778195,,,,,200,90.57728243,595.8081055,595.7417603,6.600670338,,596.1416016,596.0761719,6.598760128,
categorical,100000,100,1,1,0.01,1,1000,3000,5000,0.3,0.3,3,FALSE,0.0001,3,vae-embed,5.981839701,,,,,200,137.9782405,597.402771,597.3383179,6.359814167,,598.2064209,598.1428833,6.33203125,
categorical,100000,100,1,1,0.01,1,1000,3000,5000,0.3,0.3,3,FALSE,0.0001,3,lmmvae,1.34665034,,0.000407839,0.061649781,3.832360744,200,226.2536914,122.0795593,113.4798965,5.237832546,854.7064819,103.9681778,95.37246704,5.235715389,854.3347168
categorical,100000,100,1,1,0.01,1,1000,3000,5000,0.3,0.3,3,FALSE,0.0001,4,pca-ignore,6.044551873,,,,,,1.095971346,140.4429122,,,,140.3912417,,,
categorical,100000,100,1,1,0.01,1,1000,3000,5000,0.3,0.3,3,FALSE,0.0001,4,pca-ohe,6.061293792,,,,,,223.1909437,12906.50007,,,,13250.70008,,,
categorical,100000,100,1,1,0.01,1,1000,3000,5000,0.3,0.3,3,FALSE,0.0001,4,vae-ignore,5.910119453,,,,,200,91.47041082,591.0045776,590.8755493,12.82539177,,591.1375122,591.0090332,12.8001976,
categorical,100000,100,1,1,0.01,1,1000,3000,5000,0.3,0.3,3,FALSE,0.0001,4,vae-embed,5.862181219,,,,,200,138.9364212,586.0999756,586.0334473,6.667278767,,586.2827759,586.2158203,6.670871258,
categorical,100000,100,1,1,0.01,1,1000,3000,5000,0.3,0.3,3,FALSE,0.0001,4,lmmvae,1.365350345,,0.00040761,0.059768613,3.74135232,200,227.8618581,123.2573013,114.631897,5.43112421,857.0946045,104.8358917,96.21472168,5.430506229,856.684021
categorical,100000,100,1,1,0.01,1,1000,3000,5000,0.3,3,3,FALSE,0.0001,0,pca-ignore,9.447345737,,,,,,0.947342634,141.2536797,,,,141.3072974,,,
categorical,100000,100,1,1,0.01,1,1000,3000,5000,0.3,3,3,FALSE,0.0001,0,pca-ohe,9.533638737,,,,,,227.5649669,12904.34122,,,,13250.97548,,,
categorical,100000,100,1,1,0.01,1,1000,3000,5000,0.3,3,3,FALSE,0.0001,0,vae-ignore,9.210247019,,,,,200,99.77997684,919.3660278,919.286499,8.027386665,,921.1002197,921.0203247,7.998075008,
categorical,100000,100,1,1,0.01,1,1000,3000,5000,0.3,3,3,FALSE,0.0001,0,vae-embed,9.282523167,,,,,200,152.4094584,927.1276245,927.0701294,5.796416283,,928.310791,928.2532959,5.781507492,
categorical,100000,100,1,1,0.01,1,1000,3000,5000,0.3,3,3,FALSE,0.0001,0,lmmvae,1.945752436,,0.002082237,0.637616515,4.128604412,200,288.5100844,166.6211395,157.4009399,4.700387478,917.3135986,147.7367249,138.51297,4.683452129,917.6956177
categorical,100000,100,1,1,0.01,1,1000,3000,5000,0.3,3,3,FALSE,0.0001,1,pca-ignore,9.422125136,,,,,,1.003140688,141.370231,,,,141.2532901,,,
categorical,100000,100,1,1,0.01,1,1000,3000,5000,0.3,3,3,FALSE,0.0001,1,pca-ohe,9.544833702,,,,,,226.9757562,12901.6593,,,,13206.51784,,,
categorical,100000,100,1,1,0.01,1,1000,3000,5000,0.3,3,3,FALSE,0.0001,1,vae-ignore,9.123641042,,,,,200,96.91749454,912.871582,912.7999268,7.007032871,,912.4338989,912.3637695,6.964324951,
categorical,100000,100,1,1,0.01,1,1000,3000,5000,0.3,3,3,FALSE,0.0001,1,vae-embed,9.13065902,,,,,200,145.3860266,913.3270264,913.2606201,6.680717945,,913.1331177,913.065979,6.668961525,
categorical,100000,100,1,1,0.01,1,1000,3000,5000,0.3,3,3,FALSE,0.0001,1,lmmvae,2.161926317,,0.015576936,0.977859795,3.593466759,200,232.4076378,184.8825073,174.8981171,21.48669434,976.9713745,165.2296143,155.2487335,21.46803665,976.6206055
categorical,100000,100,1,1,0.01,1,1000,3000,5000,0.3,3,3,FALSE,0.0001,2,pca-ignore,9.866194066,,,,,,1.57997489,141.3274277,,,,141.4273105,,,
categorical,100000,100,1,1,0.01,1,1000,3000,5000,0.3,3,3,FALSE,0.0001,2,pca-ohe,9.983750815,,,,,,225.6066239,12904.41481,,,,13288.96877,,,
categorical,100000,100,1,1,0.01,1,1000,3000,5000,0.3,3,3,FALSE,0.0001,2,vae-ignore,9.574477145,,,,,200,94.95869684,954.9959717,954.9248047,6.920668125,,957.515686,957.4467773,6.897471905,
categorical,100000,100,1,1,0.01,1,1000,3000,5000,0.3,3,3,FALSE,0.0001,2,vae-embed,9.601529001,,,,,200,142.6420896,954.6651001,954.598999,6.744356155,,960.2136841,960.1467285,6.694179058,
categorical,100000,100,1,1,0.01,1,1000,3000,5000,0.3,3,3,FALSE,0.0001,2,lmmvae,2.119959594,,0.013320526,1.059999108,3.615512133,200,232.7658896,179.0512695,168.8939972,7.125641346,1008.603699,161.4584961,151.2854462,7.113036156,1010.188782
categorical,100000,100,1,1,0.01,1,1000,3000,5000,0.3,3,3,FALSE,0.0001,3,pca-ignore,9.56213415,,,,,,0.903107643,141.3831988,,,,141.498735,,,
categorical,100000,100,1,1,0.01,1,1000,3000,5000,0.3,3,3,FALSE,0.0001,3,pca-ohe,9.712345448,,,,,,225.4355066,12905.93183,,,,13233.00158,,,
categorical,100000,100,1,1,0.01,1,1000,3000,5000,0.3,3,3,FALSE,0.0001,3,vae-ignore,9.283229393,,,,,200,95.43717194,925.2946167,925.2225952,7.197725773,,928.3925171,928.3209839,7.146796703,
categorical,100000,100,1,1,0.01,1,1000,3000,5000,0.3,3,3,FALSE,0.0001,3,vae-embed,9.312275773,,,,,200,141.1326325,926.6453857,926.5725708,7.246831417,,931.2998047,931.2271118,7.191766262,
categorical,100000,100,1,1,0.01,1,1000,3000,5000,0.3,3,3,FALSE,0.0001,3,lmmvae,1.909558514,,0.003455597,0.737639904,4.047746658,200,232.3327034,162.8029785,153.5951538,4.465784073,916.2976074,144.9129791,135.7038574,4.461080551,916.4559937
categorical,100000,100,1,1,0.01,1,1000,3000,5000,0.3,3,3,FALSE,0.0001,4,pca-ignore,9.201619869,,,,,,1.501262903,141.0851853,,,,141.0718792,,,
categorical,100000,100,1,1,0.01,1,1000,3000,5000,0.3,3,3,FALSE,0.0001,4,pca-ohe,9.268227211,,,,,,224.7126479,12905.59051,,,,13258.59032,,,
categorical,100000,100,1,1,0.01,1,1000,3000,5000,0.3,3,3,FALSE,0.0001,4,vae-ignore,9.016239708,,,,,200,94.82464266,901.2797241,901.2081909,7.303891182,,901.699707,901.6262207,7.308813095,
categorical,100000,100,1,1,0.01,1,1000,3000,5000,0.3,3,3,FALSE,0.0001,4,vae-embed,9.074658473,,,,,200,143.8400824,903.9241943,903.7548828,17.01125908,,907.6312256,907.4638062,16.75737953,
categorical,100000,100,1,1,0.01,1,1000,3000,5000,0.3,3,3,FALSE,0.0001,4,lmmvae,1.913385519,,0.002982768,0.636143327,3.958075047,200,232.2926602,163.6925049,154.4830933,4.57227993,916.3483887,145.4427643,136.2359772,4.57475996,916.0999146
categorical,100000,100,2,1,0.01,1,1000,3000,5000,0.3,3,3,FALSE,0.0001,0,pca-ignore,9.656633511,,,,,,0.97156477,141.1056619,,,,141.1133115,,,
categorical,100000,100,2,1,0.01,1,1000,3000,5000,0.3,3,3,FALSE,0.0001,0,pca-ohe,10.00085149,,,,,,223.6473167,12905.39893,,,,13201.93272,,,
categorical,100000,100,2,1,0.01,1,1000,3000,5000,0.3,3,3,FALSE,0.0001,0,vae-ignore,9.135338181,,,,,200,95.96916819,912.5247192,912.3961182,12.83129406,,913.6629028,913.5344849,12.81707478,
categorical,100000,100,2,1,0.01,1,1000,3000,5000,0.3,3,3,FALSE,0.0001,0,vae-embed,9.191368041,,,,,200,143.1534512,914.5396118,914.4080811,13.38152695,,919.2672729,919.1342773,13.28965187,
categorical,100000,100,2,1,0.01,1,1000,3000,5000,0.3,3,3,FALSE,0.0001,0,lmmvae,2.35896181,,0.002626314,0.638605893,4.081122875,200,230.6424387,200.6641235,191.3419189,13.05460358,919.2020264,175.427948,166.1131897,13.05961132,918.421814
categorical,100000,100,2,1,0.01,1,1000,3000,5000,0.3,3,3,FALSE,0.0001,1,pca-ignore,9.536891977,,,,,,1.0087533,140.8872138,,,,140.9131506,,,
categorical,100000,100,2,1,0.01,1,1000,3000,5000,0.3,3,3,FALSE,0.0001,1,pca-ohe,9.805243603,,,,,,230.2788949,12905.1567,,,,13218.9015,,,
categorical,100000,100,2,1,0.01,1,1000,3000,5000,0.3,3,3,FALSE,0.0001,1,vae-ignore,9.074945514,,,,,200,93.59345508,903.9067993,903.7675171,13.93079853,,907.630188,907.4915771,13.85539055,
categorical,100000,100,2,1,0.01,1,1000,3000,5000,0.3,3,3,FALSE,0.0001,1,vae-embed,9.124863179,,,,,200,139.6122918,905.6810303,905.5452271,13.5911684,,912.6154785,912.4805298,13.42589188,
categorical,100000,100,2,1,0.01,1,1000,3000,5000,0.3,3,3,FALSE,0.0001,1,lmmvae,2.072936353,,0.002490364,0.646130323,4.07998848,200,227.9700587,176.866272,167.6098175,9.578072548,916.0678711,156.3411713,147.085495,9.59796524,915.9630737
categorical,100000,100,2,1,0.01,1,1000,3000,5000,0.3,3,3,FALSE,0.0001,2,pca-ignore,9.778422713,,,,,,1.080389261,141.1196392,,,,141.2132858,,,
categorical,100000,100,2,1,0.01,1,1000,3000,5000,0.3,3,3,FALSE,0.0001,2,pca-ohe,10.0928434,,,,,,228.7092316,12903.9309,,,,13249.88486,,,
categorical,100000,100,2,1,0.01,1,1000,3000,5000,0.3,3,3,FALSE,0.0001,2,vae-ignore,9.334665182,,,,,200,93.72432089,930.1311035,930.0009766,12.85443783,,933.5941772,933.4655151,12.84564495,
categorical,100000,100,2,1,0.01,1,1000,3000,5000,0.3,3,3,FALSE,0.0001,2,vae-embed,9.377924496,,,,,200,138.8998005,931.810791,931.6915283,12.07456779,,937.914917,937.7949829,12.02129745,
categorical,100000,100,2,1,0.01,1,1000,3000,5000,0.3,3,3,FALSE,0.0001,2,lmmvae,2.269246138,,0.003140145,0.75759393,3.999536991,200,228.1198001,192.3141174,182.8167877,14.33482456,935.4285278,172.1853333,162.689682,14.31706047,935.2489014
categorical,100000,100,2,1,0.01,1,1000,3000,5000,0.3,3,3,FALSE,0.0001,3,pca-ignore,10.30101495,,,,,,1.022320747,140.5943461,,,,140.5772368,,,
categorical,100000,100,2,1,0.01,1,1000,3000,5000,0.3,3,3,FALSE,0.0001,3,pca-ohe,10.50430152,,,,,,226.9030735,12904.86425,,,,13245.33573,,,
categorical,100000,100,2,1,0.01,1,1000,3000,5000,0.3,3,3,FALSE,0.0001,3,vae-ignore,9.784532565,,,,,200,93.26161742,976.3427734,976.2036133,13.77530289,,978.5983887,978.4614258,13.75756264,
categorical,100000,100,2,1,0.01,1,1000,3000,5000,0.3,3,3,FALSE,0.0001,3,vae-embed,9.836447422,,,,,200,140.3426704,978.3709717,978.2241211,14.54740047,,983.7875977,983.6431274,14.44106579,
categorical,100000,100,2,1,0.01,1,1000,3000,5000,0.3,3,3,FALSE,0.0001,3,lmmvae,2.428264318,,0.004480076,0.787310004,4.195596695,200,228.2583899,207.4694977,197.9128571,14.22036362,941.4619751,181.2468414,171.697937,14.22515297,940.6712036
categorical,100000,100,2,1,0.01,1,1000,3000,5000,0.3,3,3,FALSE,0.0001,4,pca-ignore,9.490508127,,,,,,1.351645947,140.9777104,,,,141.0715356,,,
categorical,100000,100,2,1,0.01,1,1000,3000,5000,0.3,3,3,FALSE,0.0001,4,pca-ohe,9.792841821,,,,,,231.7265029,12902.43948,,,,13234.68597,,,
categorical,100000,100,2,1,0.01,1,1000,3000,5000,0.3,3,3,FALSE,0.0001,4,vae-ignore,8.9935616,,,,,200,94.82641792,894.5109253,894.3706055,14.02043247,,899.4907227,899.3518066,13.92312336,
categorical,100000,100,2,1,0.01,1,1000,3000,5000,0.3,3,3,FALSE,0.0001,4,vae-embed,9.181189489,,,,,200,140.5528805,892.0524292,891.8643188,18.80405998,,918.3059082,918.1270142,17.93784523,
categorical,100000,100,2,1,0.01,1,1000,3000,5000,0.3,3,3,FALSE,0.0001,4,lmmvae,2.256642402,,0.001746679,0.795686185,3.684435844,200,228.3610866,190.6177216,181.0188446,26.8097477,933.0358887,170.1721039,160.570343,26.85516548,933.3306885
categorical,100000,100,2,1,0.01,1,1000,3000,5000,0.3,0.3,3,FALSE,0.0001,0,pca-ignore,5.949303848,,,,,,1.012543678,139.9275528,,,,139.9334869,,,
categorical,100000,100,2,1,0.01,1,1000,3000,5000,0.3,0.3,3,FALSE,0.0001,0,pca-ohe,6.03683498,,,,,,228.1142805,12902.99105,,,,13267.14502,,,
categorical,100000,100,2,1,0.01,1,1000,3000,5000,0.3,0.3,3,FALSE,0.0001,0,vae-ignore,5.621043316,,,,,200,94.32678556,560.9299316,560.7994385,13.03304672,,562.2390747,562.1085205,13.06999588,
categorical,100000,100,2,1,0.01,1,1000,3000,5000,0.3,0.3,3,FALSE,0.0001,0,vae-embed,5.76163788,,,,,200,148.9153252,567.68927,567.3861084,30.27716827,,576.4642334,576.1651001,29.92173767,
categorical,100000,100,2,1,0.01,1,1000,3000,5000,0.3,0.3,3,FALSE,0.0001,0,lmmvae,1.551446228,,0.000409926,0.063697577,3.49948144,200,221.9811068,138.8332672,130.2010345,11.09823322,852.1162109,117.7658157,109.1355743,11.09310341,851.9331055
categorical,100000,100,2,1,0.01,1,1000,3000,5000,0.3,0.3,3,FALSE,0.0001,1,pca-ignore,5.642513317,,,,,,1.266925573,140.3751817,,,,140.365634,,,
categorical,100000,100,2,1,0.01,1,1000,3000,5000,0.3,0.3,3,FALSE,0.0001,1,pca-ohe,5.753228962,,,,,,230.9260774,12907.65036,,,,13232.81655,,,
categorical,100000,100,2,1,0.01,1,1000,3000,5000,0.3,0.3,3,FALSE,0.0001,1,vae-ignore,5.369743896,,,,,200,90.59215808,535.5892334,535.46521,12.44054604,,537.0963135,536.972168,12.39302921,
categorical,100000,100,2,1,0.01,1,1000,3000,5000,0.3,0.3,3,FALSE,0.0001,1,vae-embed,5.406385178,,,,,200,138.8319967,534.6074829,534.465332,14.29390144,,540.7841187,540.6427612,14.09864712,
categorical,100000,100,2,1,0.01,1,1000,3000,5000,0.3,0.3,3,FALSE,0.0001,1,lmmvae,1.524804994,,0.000415321,0.064294107,3.298444748,200,227.3065658,136.9274292,128.3761444,12.07054901,843.0662842,115.1408005,106.5882721,12.07116508,843.1865845
categorical,100000,100,2,1,0.01,1,1000,3000,5000,0.3,0.3,3,FALSE,0.0001,2,pca-ignore,5.969583907,,,,,,0.961085558,139.789773,,,,139.661862,,,
categorical,100000,100,2,1,0.01,1,1000,3000,5000,0.3,0.3,3,FALSE,0.0001,2,pca-ohe,6.035692947,,,,,,229.9325905,12899.99509,,,,13241.27217,,,
categorical,100000,100,2,1,0.01,1,1000,3000,5000,0.3,0.3,3,FALSE,0.0001,2,vae-ignore,5.661548471,,,,,200,91.25343585,567.2218628,566.8550415,36.69721222,,566.5107422,566.1491699,36.14180374,
categorical,100000,100,2,1,0.01,1,1000,3000,5000,0.3,0.3,3,FALSE,0.0001,2,vae-embed,5.578412594,,,,,200,141.0449615,554.635498,554.4971313,13.83751297,,557.9752197,557.8380737,13.72477818,
categorical,100000,100,2,1,0.01,1,1000,3000,5000,0.3,0.3,3,FALSE,0.0001,2,lmmvae,1.738637078,,0.001847983,0.130487025,3.211070061,200,225.435024,155.2965851,146.2431946,27.2426815,878.0944214,130.8013306,121.7573395,27.21517563,877.1920166
categorical,100000,100,2,1,0.01,1,1000,3000,5000,0.3,0.3,3,FALSE,0.0001,3,pca-ignore,6.057076203,,,,,,1.584726095,139.7718168,,,,139.822269,,,
categorical,100000,100,2,1,0.01,1,1000,3000,5000,0.3,0.3,3,FALSE,0.0001,3,pca-ohe,6.18843412,,,,,,231.9291592,12900.07089,,,,13198.87059,,,
categorical,100000,100,2,1,0.01,1,1000,3000,5000,0.3,0.3,3,FALSE,0.0001,3,vae-ignore,5.871916698,,,,,200,92.05224824,585.5801392,585.220459,35.96265793,,587.543396,587.1896973,35.36193848,
categorical,100000,100,2,1,0.01,1,1000,3000,5000,0.3,0.3,3,FALSE,0.0001,3,vae-embed,5.915922327,,,,,200,142.0423472,583.8096313,583.418457,39.1746521,,591.9818115,591.5930786,38.83744431,
categorical,100000,100,2,1,0.01,1,1000,3000,5000,0.3,0.3,3,FALSE,0.0001,3,lmmvae,1.525963851,,0.000431999,0.063584656,3.608114004,200,287.8403592,136.8092804,128.1907501,9.235988617,852.6121216,116.0984268,107.47789,9.25505352,852.8016968
categorical,100000,100,2,1,0.01,1,1000,3000,5000,0.3,0.3,3,FALSE,0.0001,4,pca-ignore,6.119089301,,,,,,1.028414726,140.0324745,,,,139.9072128,,,
categorical,100000,100,2,1,0.01,1,1000,3000,5000,0.3,0.3,3,FALSE,0.0001,4,pca-ohe,6.209545609,,,,,,228.3541801,12903.05104,,,,13291.90612,,,
categorical,100000,100,2,1,0.01,1,1000,3000,5000,0.3,0.3,3,FALSE,0.0001,4,vae-ignore,5.710751085,,,,,200,90.51638746,570.3023071,570.161499,14.10883427,,571.2131348,571.0725708,14.05815315,
categorical,100000,100,2,1,0.01,1,1000,3000,5000,0.3,0.3,3,FALSE,0.0001,4,vae-embed,5.763003233,,,,,200,138.7684793,574.7567749,574.6195068,13.75431061,,576.4354858,576.2987061,13.69377518,
categorical,100000,100,2,1,0.01,1,1000,3000,5000,0.3,0.3,3,FALSE,0.0001,4,lmmvae,1.621125211,,0.000475583,0.069958366,3.568949699,200,224.2761612,146.047699,137.3074493,10.35328579,863.6630249,122.384613,113.6583786,10.39986992,862.2305298
categorical,100000,100,1,1,0.01,1,1000,3000,5000,3,0.3,0.3,FALSE,0.0001,0,pca-ignore,5.928894667,,,,,,1.058535099,141.1161677,,,,141.1354879,,,
categorical,100000,100,1,1,0.01,1,1000,3000,5000,3,0.3,0.3,FALSE,0.0001,0,pca-ohe,5.989052892,,,,,,229.4334519,12897.04606,,,,13236.93708,,,
categorical,100000,100,1,1,0.01,1,1000,3000,5000,3,0.3,0.3,FALSE,0.0001,0,vae-ignore,5.790249228,,,,,200,92.54719591,577.6849976,577.5634766,12.17400932,,579.1436157,579.0236816,11.95548153,
categorical,100000,100,1,1,0.01,1,1000,3000,5000,3,0.3,0.3,FALSE,0.0001,0,vae-embed,5.76209953,,,,,200,145.956768,573.0817871,572.9879761,9.174114227,,576.3014526,576.2115479,8.929865837,
categorical,100000,100,1,1,0.01,1,1000,3000,5000,3,0.3,0.3,FALSE,0.0001,0,lmmvae,1.556948301,,0.066964269,0.303634793,1.986078143,200,220.8181982,137.5337982,129.8151245,4.728506088,767.1384888,118.5571213,110.8367615,4.724954605,767.3069458
categorical,100000,100,1,1,0.01,1,1000,3000,5000,3,0.3,0.3,FALSE,0.0001,1,pca-ignore,6.124752982,,,,,,0.973301649,141.0852284,,,,141.1360851,,,
categorical,100000,100,1,1,0.01,1,1000,3000,5000,3,0.3,0.3,FALSE,0.0001,1,pca-ohe,6.183290321,,,,,,228.4494655,12902.69468,,,,13265.59606,,,
categorical,100000,100,1,1,0.01,1,1000,3000,5000,3,0.3,0.3,FALSE,0.0001,1,vae-ignore,5.945469023,,,,,200,88.43538475,594.3286743,594.2617798,6.668346882,,594.6121216,594.5459595,6.655246735,
categorical,100000,100,1,1,0.01,1,1000,3000,5000,3,0.3,0.3,FALSE,0.0001,1,vae-embed,5.917540696,,,,,200,138.0417261,590.1600342,590.0861206,7.376464844,,591.8290405,591.755127,7.398133755,
categorical,100000,100,1,1,0.01,1,1000,3000,5000,3,0.3,0.3,FALSE,0.0001,1,lmmvae,1.607170937,,0.07563477,0.30207476,2.095192432,200,221.9059596,140.3491974,132.5059357,4.246482849,780.079834,121.54319,113.7007751,4.243828773,779.9970703
categorical,100000,100,1,1,0.01,1,1000,3000,5000,3,0.3,0.3,FALSE,0.0001,2,pca-ignore,5.910130633,,,,,,0.990172863,141.1233855,,,,141.2033627,,,
categorical,100000,100,1,1,0.01,1,1000,3000,5000,3,0.3,0.3,FALSE,0.0001,2,pca-ohe,5.966409798,,,,,,225.6914577,12899.89234,,,,13277.06674,,,
categorical,100000,100,1,1,0.01,1,1000,3000,5000,3,0.3,0.3,FALSE,0.0001,2,vae-ignore,5.789649493,,,,,200,92.14950609,577.9350586,577.8637695,7.226991177,,579.0344849,578.9622803,7.231352329,
categorical,100000,100,1,1,0.01,1,1000,3000,5000,3,0.3,0.3,FALSE,0.0001,2,vae-embed,5.756132448,,,,,200,138.7770596,572.5756226,572.4935303,8.192923546,,575.6955566,575.614624,8.112347603,
categorical,100000,100,1,1,0.01,1,1000,3000,5000,3,0.3,0.3,FALSE,0.0001,2,lmmvae,1.56798869,,0.087935612,0.281695008,2.042869806,200,226.712657,137.4264832,129.6170197,5.29967165,775.6553345,119.3105392,111.4985123,5.296048641,775.9111328
categorical,100000,100,1,1,0.01,1,1000,3000,5000,3,0.3,0.3,FALSE,0.0001,3,pca-ignore,5.909748105,,,,,,0.885310411,141.2982596,,,,141.1914176,,,
categorical,100000,100,1,1,0.01,1,1000,3000,5000,3,0.3,0.3,FALSE,0.0001,3,pca-ohe,5.989102736,,,,,,228.2883315,12909.96883,,,,13237.54148,,,
categorical,100000,100,1,1,0.01,1,1000,3000,5000,3,0.3,0.3,FALSE,0.0001,3,vae-ignore,5.74202784,,,,,200,92.61422229,574.6594238,574.585144,7.334975719,,574.2711792,574.1984253,7.286253929,
categorical,100000,100,1,1,0.01,1,1000,3000,5000,3,0.3,0.3,FALSE,0.0001,3,vae-embed,5.68313361,,,,,200,138.4272807,567.7566528,567.6966553,6.030030727,,568.3748779,568.3148804,6.00950098,
categorical,100000,100,1,1,0.01,1,1000,3000,5000,3,0.3,0.3,FALSE,0.0001,3,lmmvae,1.570083412,,0.07897386,0.281845689,1.992263913,200,227.0944843,138.0209656,130.1953583,4.938374043,777.6132813,119.4006729,111.5809631,4.917107105,777.0515747
categorical,100000,100,1,1,0.01,1,1000,3000,5000,3,0.3,0.3,FALSE,0.0001,4,pca-ignore,5.857916539,,,,,,0.908563614,141.3482957,,,,141.3753266,,,
categorical,100000,100,1,1,0.01,1,1000,3000,5000,3,0.3,0.3,FALSE,0.0001,4,pca-ohe,5.923972768,,,,,,226.4087231,12901.44232,,,,13250.52536,,,
categorical,100000,100,1,1,0.01,1,1000,3000,5000,3,0.3,0.3,FALSE,0.0001,4,vae-ignore,5.64004508,,,,,200,91.9012239,563.3612671,563.2963257,6.390822411,,564.0631714,563.9998779,6.345336914,
categorical,100000,100,1,1,0.01,1,1000,3000,5000,3,0.3,0.3,FALSE,0.0001,4,vae-embed,5.639412784,,,,,200,160.4430821,562.083252,562.0125732,7.094833374,,564.0112305,563.9404297,7.072829723,
categorical,100000,100,1,1,0.01,1,1000,3000,5000,3,0.3,0.3,FALSE,0.0001,4,lmmvae,1.546713096,,0.083821572,0.305029988,1.907872319,200,228.9144609,136.3177185,128.5810089,4.18982029,769.4854126,117.5653534,109.8270035,4.194885731,769.6463623
categorical,100000,100,2,1,0.01,1,1000,3000,5000,3,0.3,0.3,FALSE,0.0001,0,pca-ignore,5.95387108,,,,,,1.367750883,139.4376801,,,,139.562288,,,
categorical,100000,100,2,1,0.01,1,1000,3000,5000,3,0.3,0.3,FALSE,0.0001,0,pca-ohe,6.019109178,,,,,,226.2675014,12902.3739,,,,13200.37493,,,
categorical,100000,100,2,1,0.01,1,1000,3000,5000,3,0.3,0.3,FALSE,0.0001,0,vae-ignore,5.550233861,,,,,200,100.0102148,551.8834229,551.7520752,13.05390644,,555.1558838,555.026001,12.97996712,
categorical,100000,100,2,1,0.01,1,1000,3000,5000,3,0.3,0.3,FALSE,0.0001,0,vae-embed,5.574839412,,,,,200,151.208854,550.5241699,550.3782959,14.59878445,,557.6350708,557.489624,14.45944691,
categorical,100000,100,2,1,0.01,1,1000,3000,5000,3,0.3,0.3,FALSE,0.0001,0,lmmvae,1.682364894,,0.062155198,0.299355477,1.9123981,200,228.180135,147.9937897,140.1721191,9.953627586,772.1865234,127.5747223,119.7507629,9.955827713,772.4395752
categorical,100000,100,2,1,0.01,1,1000,3000,5000,3,0.3,0.3,FALSE,0.0001,1,pca-ignore,5.975502244,,,,,,0.940659046,139.5345203,,,,139.6234632,,,
categorical,100000,100,2,1,0.01,1,1000,3000,5000,3,0.3,0.3,FALSE,0.0001,1,pca-ohe,6.053143127,,,,,,224.4864354,12896.79567,,,,13241.49613,,,
categorical,100000,100,2,1,0.01,1,1000,3000,5000,3,0.3,0.3,FALSE,0.0001,1,vae-ignore,5.665406286,,,,,200,95.33349776,564.1801758,564.0549927,12.50594234,,566.6646729,566.5397339,12.48072433,
categorical,100000,100,2,1,0.01,1,1000,3000,5000,3,0.3,0.3,FALSE,0.0001,1,vae-embed,5.659966067,,,,,200,141.5512202,561.571167,561.4243774,14.73361874,,566.137207,565.9906006,14.65225124,
categorical,100000,100,2,1,0.01,1,1000,3000,5000,3,0.3,0.3,FALSE,0.0001,1,lmmvae,1.702593778,,0.070796035,0.267000079,1.973146081,200,229.7873731,149.6159973,141.7375641,9.558403015,778.27948,128.9687805,121.086525,9.554394722,778.6694946
categorical,100000,100,2,1,0.01,1,1000,3000,5000,3,0.3,0.3,FALSE,0.0001,2,pca-ignore,6.283641981,,,,,,0.99587369,140.3338027,,,,140.342925,,,
categorical,100000,100,2,1,0.01,1,1000,3000,5000,3,0.3,0.3,FALSE,0.0001,2,pca-ohe,6.420078312,,,,,,227.8330233,12898.83561,,,,13224.99349,,,
categorical,100000,100,2,1,0.01,1,1000,3000,5000,3,0.3,0.3,FALSE,0.0001,2,vae-ignore,5.885382354,,,,,200,95.44452262,585.9581909,585.8295288,12.88074493,,588.6643066,588.5356445,12.86528397,
categorical,100000,100,2,1,0.01,1,1000,3000,5000,3,0.3,0.3,FALSE,0.0001,2,vae-embed,5.913284939,,,,,200,142.1384361,584.0048218,583.8610229,14.38847637,,591.4649658,591.3240356,14.08396435,
categorical,100000,100,2,1,0.01,1,1000,3000,5000,3,0.3,0.3,FALSE,0.0001,2,lmmvae,1.852843583,,0.066651672,0.299135655,2.048140526,200,228.1948004,161.7306671,153.7630005,10.32730579,786.4321289,139.2522583,131.2841034,10.32159996,786.4914551
categorical,100000,100,2,1,0.01,1,1000,3000,5000,3,0.3,0.3,FALSE,0.0001,3,pca-ignore,6.199356636,,,,,,1.041884899,139.2761787,,,,139.3585391,,,
categorical,100000,100,2,1,0.01,1,1000,3000,5000,3,0.3,0.3,FALSE,0.0001,3,pca-ohe,6.261074963,,,,,,225.4969251,12902.237,,,,13211.65923,,,
categorical,100000,100,2,1,0.01,1,1000,3000,5000,3,0.3,0.3,FALSE,0.0001,3,vae-ignore,6.104579061,,,,,200,94.82387209,609.2732544,609.0534058,21.83008003,,610.677124,610.4602661,21.67375374,
categorical,100000,100,2,1,0.01,1,1000,3000,5000,3,0.3,0.3,FALSE,0.0001,3,vae-embed,5.8736479,,,,,200,142.6202033,580.3652344,580.2332764,13.24626255,,587.5004272,587.3693848,13.12174034,
categorical,100000,100,2,1,0.01,1,1000,3000,5000,3,0.3,0.3,FALSE,0.0001,3,lmmvae,2.050431927,,0.072520554,0.358586699,1.901100516,200,230.0343204,179.0093384,170.6421661,35.58665848,801.1256714,154.4089966,146.0366211,35.54285049,801.692627
categorical,100000,100,2,1,0.01,1,1000,3000,5000,3,0.3,0.3,FALSE,0.0001,4,pca-ignore,5.95676893,,,,,,0.988800764,140.2388004,,,,140.2894339,,,
categorical,100000,100,2,1,0.01,1,1000,3000,5000,3,0.3,0.3,FALSE,0.0001,4,pca-ohe,6.096275159,,,,,,224.0385156,12903.03268,,,,13210.24227,,,
categorical,100000,100,2,1,0.01,1,1000,3000,5000,3,0.3,0.3,FALSE,0.0001,4,vae-ignore,5.644851733,,,,,200,96.32014251,562.2713013,561.9998779,27.18404961,,564.7496338,564.4804077,26.93944359,
categorical,100000,100,2,1,0.01,1,1000,3000,5000,3,0.3,0.3,FALSE,0.0001,4,vae-embed,5.554568566,,,,,200,142.9714565,553.5007324,553.3746948,12.60202217,,555.5795288,555.4536743,12.59658241,
categorical,100000,100,2,1,0.01,1,1000,3000,5000,3,0.3,0.3,FALSE,0.0001,4,lmmvae,1.750379975,,0.063004881,0.272519648,1.979684114,200,229.4162893,152.0149689,144.1674652,9.741793633,775.0101929,132.0653076,124.218689,9.731999397,774.9387207
categorical,100000,100,1,1,0.01,1,1000,3000,5000,3,0.3,3,FALSE,0.0001,0,pca-ignore,9.740812317,,,,,,1.321822405,141.3660529,,,,141.3745801,,,
categorical,100000,100,1,1,0.01,1,1000,3000,5000,3,0.3,3,FALSE,0.0001,0,pca-ohe,9.866286825,,,,,,220.5904717,12904.36215,,,,13234.53518,,,
categorical,100000,100,1,1,0.01,1,1000,3000,5000,3,0.3,3,FALSE,0.0001,0,vae-ignore,9.471683843,,,,,200,92.70148921,946.7714233,946.7036133,6.870593548,,947.2352905,947.166687,6.849004745,
categorical,100000,100,1,1,0.01,1,1000,3000,5000,3,0.3,3,FALSE,0.0001,0,vae-embed,9.529023753,,,,,200,148.6237612,951.3485107,951.2819214,6.662771702,,952.9686279,952.9016724,6.65329361,
categorical,100000,100,1,1,0.01,1,1000,3000,5000,3,0.3,3,FALSE,0.0001,0,lmmvae,1.716401735,,0.054665174,0.182410181,5.6040802,200,226.6728725,150.993454,141.3538361,4.428802013,959.5430908,130.3253479,120.6918411,4.422936916,958.9266968
categorical,100000,100,1,1,0.01,1,1000,3000,5000,3,0.3,3,FALSE,0.0001,1,pca-ignore,9.643384099,,,,,,0.953983545,141.5031287,,,,141.4801796,,,
categorical,100000,100,1,1,0.01,1,1000,3000,5000,3,0.3,3,FALSE,0.0001,1,pca-ohe,9.793264919,,,,,,229.2323298,12910.16396,,,,13268.86285,,,
categorical,100000,100,1,1,0.01,1,1000,3000,5000,3,0.3,3,FALSE,0.0001,1,vae-ignore,9.342682868,,,,,200,92.60126281,934.8425903,934.7741089,6.891658783,,934.3438721,934.2744141,6.896062374,
categorical,100000,100,1,1,0.01,1,1000,3000,5000,3,0.3,3,FALSE,0.0001,1,vae-embed,9.330257075,,,,,200,141.9564419,930.6201172,930.5473022,7.268948555,,933.093689,933.0205078,7.274746895,
categorical,100000,100,1,1,0.01,1,1000,3000,5000,3,0.3,3,FALSE,0.0001,1,lmmvae,1.713254686,,0.042123388,0.180765837,5.605579853,200,227.2133663,149.0103149,139.3802185,4.702722073,958.31427,130.3093109,120.682251,4.702894211,958.0072021
categorical,100000,100,1,1,0.01,1,1000,3000,5000,3,0.3,3,FALSE,0.0001,2,pca-ignore,8.947589743,,,,,,0.990182877,141.5236267,,,,141.428054,,,
categorical,100000,100,1,1,0.01,1,1000,3000,5000,3,0.3,3,FALSE,0.0001,2,pca-ohe,9.120433662,,,,,,232.7951782,12908.77649,,,,13275.17966,,,
categorical,100000,100,1,1,0.01,1,1000,3000,5000,3,0.3,3,FALSE,0.0001,2,vae-ignore,8.738142826,,,,,200,94.83136868,874.4616089,874.3922119,6.931941986,,873.8831787,873.8135986,6.896203995,
categorical,100000,100,1,1,0.01,1,1000,3000,5000,3,0.3,3,FALSE,0.0001,2,vae-embed,8.728437408,,,,,200,140.1691742,871.5349121,871.4656982,7.005282879,,872.9036865,872.8336182,6.949902534,
categorical,100000,100,1,1,0.01,1,1000,3000,5000,3,0.3,3,FALSE,0.0001,2,lmmvae,1.617416041,,0.04633886,0.160529047,5.225830555,200,228.4848022,141.0254059,131.5659485,4.853272915,941.0985718,123.4974365,114.0502777,4.864613533,939.8430176
categorical,100000,100,1,1,0.01,1,1000,3000,5000,3,0.3,3,FALSE,0.0001,3,pca-ignore,9.696131998,,,,,,0.990826607,141.3781892,,,,141.2682166,,,
categorical,100000,100,1,1,0.01,1,1000,3000,5000,3,0.3,3,FALSE,0.0001,3,pca-ohe,9.816868001,,,,,,226.5311949,12904.36544,,,,13264.8023,,,
categorical,100000,100,1,1,0.01,1,1000,3000,5000,3,0.3,3,FALSE,0.0001,3,vae-ignore,9.418442943,,,,,200,92.12350225,943.8345947,943.7595215,7.352460861,,941.9177856,941.8439941,7.343313217,
categorical,100000,100,1,1,0.01,1,1000,3000,5000,3,0.3,3,FALSE,0.0001,3,vae-embed,9.447861824,,,,,200,138.5345597,943.7736206,943.708313,6.59173727,,944.8527222,944.7875977,6.535219669,
categorical,100000,100,1,1,0.01,1,1000,3000,5000,3,0.3,3,FALSE,0.0001,3,lmmvae,1.809212876,,0.062060986,0.195373356,5.505693436,200,226.6255763,156.8563385,146.9254456,7.946818829,985.1359863,137.4496307,127.5340271,7.949747562,983.6065063
categorical,100000,100,1,1,0.01,1,1000,3000,5000,3,0.3,3,FALSE,0.0001,4,pca-ignore,9.454134581,,,,,,1.328768492,141.4625732,,,,141.4459635,,,
categorical,100000,100,1,1,0.01,1,1000,3000,5000,3,0.3,3,FALSE,0.0001,4,pca-ohe,9.581636823,,,,,,229.1915545,12904.44669,,,,13255.97912,,,
categorical,100000,100,1,1,0.01,1,1000,3000,5000,3,0.3,3,FALSE,0.0001,4,vae-ignore,9.180762372,,,,,200,93.12794161,917.2473145,917.1746826,7.198372841,,918.1478271,918.0765991,7.138856411,
categorical,100000,100,1,1,0.01,1,1000,3000,5000,3,0.3,3,FALSE,0.0001,4,vae-embed,9.221763137,,,,,200,140.9567144,920.9927979,920.9215088,7.090246201,,922.24823,922.1774292,7.018838406,
categorical,100000,100,1,1,0.01,1,1000,3000,5000,3,0.3,3,FALSE,0.0001,4,lmmvae,1.63138889,,0.061321508,0.191066995,5.428906918,200,227.8541319,142.4650421,132.9257965,4.721715927,949.2310181,124.7636719,115.2309113,4.713665485,948.5620117
categorical,100000,100,2,1,0.01,1,1000,3000,5000,3,0.3,3,FALSE,0.0001,0,pca-ignore,9.398408647,,,,,,1.111573219,140.8052698,,,,140.7267873,,,
categorical,100000,100,2,1,0.01,1,1000,3000,5000,3,0.3,3,FALSE,0.0001,0,pca-ohe,9.655992681,,,,,,232.3862653,12899.31945,,,,13217.75364,,,
categorical,100000,100,2,1,0.01,1,1000,3000,5000,3,0.3,3,FALSE,0.0001,0,vae-ignore,8.862077317,,,,,200,94.39225388,885.5148926,885.3710938,14.59232521,,886.3535767,886.2070923,14.57862854,
categorical,100000,100,2,1,0.01,1,1000,3000,5000,3,0.3,3,FALSE,0.0001,0,vae-embed,9.147970507,,,,,200,154.0767882,902.3444824,901.980896,36.1999855,,915.149292,914.8005981,34.958004,
categorical,100000,100,2,1,0.01,1,1000,3000,5000,3,0.3,3,FALSE,0.0001,0,lmmvae,1.824158394,,0.032741737,0.164585784,5.409335136,200,228.9549177,158.6358337,148.9126434,11.0145731,961.2877197,139.0500946,129.3364563,11.00731087,960.3518066
categorical,100000,100,2,1,0.01,1,1000,3000,5000,3,0.3,3,FALSE,0.0001,1,pca-ignore,9.544277107,,,,,,1.016767502,140.779026,,,,140.8768592,,,
categorical,100000,100,2,1,0.01,1,1000,3000,5000,3,0.3,3,FALSE,0.0001,1,pca-ohe,9.808148261,,,,,,232.6525288,12902.11614,,,,13303.2724,,,
categorical,100000,100,2,1,0.01,1,1000,3000,5000,3,0.3,3,FALSE,0.0001,1,vae-ignore,9.264243519,,,,,200,96.42785692,916.3314209,916.0825806,24.86211967,,926.678894,926.4390259,24.03646469,
categorical,100000,100,2,1,0.01,1,1000,3000,5000,3,0.3,3,FALSE,0.0001,1,vae-embed,9.129077411,,,,,200,144.2896955,905.3754883,905.2376709,13.71996593,,913.0397949,912.9036865,13.65270042,
categorical,100000,100,2,1,0.01,1,1000,3000,5000,3,0.3,3,FALSE,0.0001,1,lmmvae,2.01958307,,0.057745799,0.192571238,5.439082623,200,231.741045,176.0276337,166.3328094,12.80078793,956.6976929,150.9943848,141.2958679,12.81767082,957.0371094
categorical,100000,100,2,1,0.01,1,1000,3000,5000,3,0.3,3,FALSE,0.0001,2,pca-ignore,9.618887246,,,,,,1.089496613,140.5123711,,,,140.4545398,,,
categorical,100000,100,2,1,0.01,1,1000,3000,5000,3,0.3,3,FALSE,0.0001,2,pca-ohe,9.808243371,,,,,,228.9773674,12901.866,,,,13277.52292,,,
categorical,100000,100,2,1,0.01,1,1000,3000,5000,3,0.3,3,FALSE,0.0001,2,vae-ignore,9.173929834,,,,,200,96.72166109,915.1990967,915.0639038,13.48752213,,917.5231934,917.3884277,13.43996239,
categorical,100000,100,2,1,0.01,1,1000,3000,5000,3,0.3,3,FALSE,0.0001,2,vae-embed,9.190827918,,,,,200,143.8106053,903.982605,903.8101196,17.26954079,,919.2423096,919.0742188,16.80929947,
categorical,100000,100,2,1,0.01,1,1000,3000,5000,3,0.3,3,FALSE,0.0001,2,lmmvae,1.892563546,,0.0316277,0.1632898,5.524261475,200,231.878408,166.2941742,156.5956726,9.044645309,960.8289795,142.2758026,132.5857849,9.040220261,959.9541016
categorical,100000,100,2,1,0.01,1,1000,3000,5000,3,0.3,3,FALSE,0.0001,3,pca-ignore,9.294538603,,,,,,1.098545074,140.7784369,,,,140.7653663,,,
categorical,100000,100,2,1,0.01,1,1000,3000,5000,3,0.3,3,FALSE,0.0001,3,pca-ohe,9.568296622,,,,,,228.6390533,12904.93796,,,,13288.31549,,,
categorical,100000,100,2,1,0.01,1,1000,3000,5000,3,0.3,3,FALSE,0.0001,3,vae-ignore,8.862620811,,,,,200,96.24634361,883.8338013,883.6774292,15.57386875,,886.4171753,886.2642822,15.25084877,
categorical,100000,100,2,1,0.01,1,1000,3000,5000,3,0.3,3,FALSE,0.0001,3,vae-embed,9.07374584,,,,,200,141.6249006,895.9182129,895.6257935,29.42774963,,907.6563721,907.3729858,28.38343048,
categorical,100000,100,2,1,0.01,1,1000,3000,5000,3,0.3,3,FALSE,0.0001,3,lmmvae,1.960804826,,0.024578495,0.179815963,5.165664673,200,228.1712358,171.3169861,161.6053772,12.84087849,958.3167725,147.4058533,137.7015686,12.84108639,957.5745239
categorical,100000,100,2,1,0.01,1,1000,3000,5000,3,0.3,3,FALSE,0.0001,4,pca-ignore,9.579884268,,,,,,1.011278152,140.8750818,,,,140.9142504,,,
categorical,100000,100,2,1,0.01,1,1000,3000,5000,3,0.3,3,FALSE,0.0001,4,pca-ohe,9.819109634,,,,,,224.4205761,12904.93413,,,,13267.00885,,,
categorical,100000,100,2,1,0.01,1,1000,3000,5000,3,0.3,3,FALSE,0.0001,4,vae-ignore,9.094506399,,,,,200,94.82156897,906.0153809,905.8754883,13.98964691,,909.5913696,909.4519043,13.96814537,
categorical,100000,100,2,1,0.01,1,1000,3000,5000,3,0.3,3,FALSE,0.0001,4,vae-embed,9.448119123,,,,,200,143.0855329,936.6762085,936.324585,35.28752136,,945.1577148,944.8098755,34.80550003,
categorical,100000,100,2,1,0.01,1,1000,3000,5000,3,0.3,3,FALSE,0.0001,4,lmmvae,1.947379152,,0.075754695,0.203170121,5.301950455,200,228.9415987,169.4987946,159.7994995,11.12021828,958.7747192,148.6508636,138.9516602,11.10524654,958.815979
categorical,100000,100,1,1,0.01,1,1000,3000,5000,3,3,3,FALSE,0.0001,0,pca-ignore,13.19493923,,,,,,1.046153307,141.6981278,,,,141.774713,,,
categorical,100000,100,1,1,0.01,1,1000,3000,5000,3,3,3,FALSE,0.0001,0,pca-ohe,13.35755558,,,,,,221.8331492,12901.70218,,,,13224.30554,,,
categorical,100000,100,1,1,0.01,1,1000,3000,5000,3,3,3,FALSE,0.0001,0,vae-ignore,12.81916973,,,,,200,92.44830847,1278.223267,1278.139893,8.496004105,,1281.996216,1281.910522,8.459971428,
categorical,100000,100,1,1,0.01,1,1000,3000,5000,3,3,3,FALSE,0.0001,0,vae-embed,12.87353918,,,,,200,148.3679056,1283.268433,1283.199463,6.993619442,,1287.426514,1287.356079,7.013118744,
categorical,100000,100,1,1,0.01,1,1000,3000,5000,3,3,3,FALSE,0.0001,0,lmmvae,2.240333215,,0.022216823,0.934180677,5.721437931,200,228.0033286,184.9889679,174.7124023,6.449111938,1021.213684,169.4346466,159.1539307,6.449489117,1021.616577
categorical,100000,100,1,1,0.01,1,1000,3000,5000,3,3,3,FALSE,0.0001,1,pca-ignore,12.69633072,,,,,,1.044889688,141.3983084,,,,141.3518838,,,
categorical,100000,100,1,1,0.01,1,1000,3000,5000,3,3,3,FALSE,0.0001,1,pca-ohe,12.87504059,,,,,,229.3645217,12901.58561,,,,13271.10375,,,
categorical,100000,100,1,1,0.01,1,1000,3000,5000,3,3,3,FALSE,0.0001,1,vae-ignore,12.45341,,,,,200,93.24944258,1245.886963,1245.808105,7.754371643,,1245.42688,1245.348022,7.746464729,
categorical,100000,100,1,1,0.01,1,1000,3000,5000,3,3,3,FALSE,0.0001,1,vae-embed,12.38304601,,,,,200,138.9138095,1237.772949,1237.698364,7.56707716,,1238.37915,1238.302856,7.535955429,
categorical,100000,100,1,1,0.01,1,1000,3000,5000,3,3,3,FALSE,0.0001,1,lmmvae,2.194601455,,0.045626678,0.871567488,5.634108067,200,226.7986705,183.5273438,173.3878937,4.697739124,1009.247681,166.4633331,156.3322906,4.699287415,1008.398499
categorical,100000,100,1,1,0.01,1,1000,3000,5000,3,3,3,FALSE,0.0001,2,pca-ignore,12.86410435,,,,,,1.354946375,141.5309595,,,,141.4772625,,,
categorical,100000,100,1,1,0.01,1,1000,3000,5000,3,3,3,FALSE,0.0001,2,pca-ohe,13.0285354,,,,,,221.5881419,12903.04882,,,,13276.20405,,,
categorical,100000,100,1,1,0.01,1,1000,3000,5000,3,3,3,FALSE,0.0001,2,vae-ignore,12.63365563,,,,,200,92.57891226,1264.089478,1264.016968,7.334532738,,1263.438232,1263.364868,7.316361904,
categorical,100000,100,1,1,0.01,1,1000,3000,5000,3,3,3,FALSE,0.0001,2,vae-embed,12.53239329,,,,,200,139.981751,1251.985596,1251.910767,7.241015434,,1253.31189,1253.240723,7.161108017,
categorical,100000,100,1,1,0.01,1,1000,3000,5000,3,3,3,FALSE,0.0001,2,lmmvae,2.249151835,,0.015624618,0.935724556,5.499738216,200,228.6171212,186.2787933,176.13974,5.819793224,1008.090881,168.8401489,158.7086029,5.78999567,1007.343689
categorical,100000,100,1,1,0.01,1,1000,3000,5000,3,3,3,FALSE,0.0001,3,pca-ignore,12.98617531,,,,,,0.875390768,141.6315668,,,,141.6135295,,,
categorical,100000,100,1,1,0.01,1,1000,3000,5000,3,3,3,FALSE,0.0001,3,pca-ohe,13.16025526,,,,,,222.9599586,12904.51594,,,,13246.49839,,,
categorical,100000,100,1,1,0.01,1,1000,3000,5000,3,3,3,FALSE,0.0001,3,vae-ignore,12.62746545,,,,,200,92.95253181,1261.616943,1261.532959,8.38408947,,1262.833252,1262.749268,8.359965324,
categorical,100000,100,1,1,0.01,1,1000,3000,5000,3,3,3,FALSE,0.0001,3,vae-embed,12.6071685,,,,,200,140.7180305,1255.517944,1255.44104,8.007940292,,1260.798706,1260.719971,7.926102161,
categorical,100000,100,1,1,0.01,1,1000,3000,5000,3,3,3,FALSE,0.0001,3,lmmvae,2.215397766,,0.01997423,1.004411578,5.497869968,200,227.6490166,184.6927643,174.5337982,4.393362045,1011.537292,167.4905396,157.3335114,4.393827915,1011.311279
categorical,100000,100,1,1,0.01,1,1000,3000,5000,3,3,3,FALSE,0.0001,4,pca-ignore,13.02080468,,,,,,0.958903074,141.4812633,,,,141.4676619,,,
categorical,100000,100,1,1,0.01,1,1000,3000,5000,3,3,3,FALSE,0.0001,4,pca-ohe,13.19177823,,,,,,224.4858434,12907.32169,,,,13255.17517,,,
categorical,100000,100,1,1,0.01,1,1000,3000,5000,3,3,3,FALSE,0.0001,4,vae-ignore,12.87333512,,,,,200,93.59266853,1286.838013,1286.74585,9.15525341,,1287.424927,1287.337036,8.875189781,
categorical,100000,100,1,1,0.01,1,1000,3000,5000,3,3,3,FALSE,0.0001,4,vae-embed,12.63802562,,,,,200,138.8523827,1261.848755,1261.75293,9.701925278,,1263.901855,1263.805542,9.588906288,
categorical,100000,100,1,1,0.01,1,1000,3000,5000,3,3,3,FALSE,0.0001,4,lmmvae,2.254779757,,0.036575481,0.979277968,5.571240902,200,227.8135624,191.3262939,181.2036438,4.476327419,1007.79718,173.9512024,163.8284302,4.474413872,1007.809509
categorical,100000,100,2,1,0.01,1,1000,3000,5000,3,3,3,FALSE,0.0001,0,pca-ignore,13.30127795,,,,,,1.23479104,141.1141702,,,,141.0793309,,,
categorical,100000,100,2,1,0.01,1,1000,3000,5000,3,3,3,FALSE,0.0001,0,pca-ohe,13.68094201,,,,,,223.0741794,12906.56568,,,,13284.62943,,,
categorical,100000,100,2,1,0.01,1,1000,3000,5000,3,3,3,FALSE,0.0001,0,vae-ignore,12.7085672,,,,,200,94.82731104,1267.828369,1267.689697,13.92614651,,1270.991455,1270.852661,13.90097809,
categorical,100000,100,2,1,0.01,1,1000,3000,5000,3,3,3,FALSE,0.0001,0,vae-embed,12.73240119,,,,,200,152.8655381,1259.89856,1259.725098,17.34690094,,1273.403442,1273.236328,16.66112518,
categorical,100000,100,2,1,0.01,1,1000,3000,5000,3,3,3,FALSE,0.0001,0,lmmvae,2.48401678,,0.026720095,0.950358331,5.664996147,200,229.210602,208.3522949,198.0253448,9.149417877,1023.546326,186.3762207,176.0639343,9.150558472,1022.061829
categorical,100000,100,2,1,0.01,1,1000,3000,5000,3,3,3,FALSE,0.0001,1,pca-ignore,12.95238021,,,,,,1.03737545,141.0175224,,,,141.1091952,,,
categorical,100000,100,2,1,0.01,1,1000,3000,5000,3,3,3,FALSE,0.0001,1,pca-ohe,13.3468435,,,,,,224.2818997,12902.29092,,,,13246.88804,,,
categorical,100000,100,2,1,0.01,1,1000,3000,5000,3,3,3,FALSE,0.0001,1,vae-ignore,12.3382439,,,,,200,94.34623051,1226.821289,1226.679199,14.20667839,,1233.96875,1233.828003,14.02402306,
categorical,100000,100,2,1,0.01,1,1000,3000,5000,3,3,3,FALSE,0.0001,1,vae-embed,12.9104771,,,,,200,143.1534579,1281.401855,1280.963745,43.65934753,,1291.477417,1291.04834,42.93141937,
categorical,100000,100,2,1,0.01,1,1000,3000,5000,3,3,3,FALSE,0.0001,1,lmmvae,2.33395776,,0.032982737,0.911436975,5.549386024,200,229.5243013,194.8417511,184.5306549,9.419266701,1021.713806,175.6893921,165.3766937,9.428821564,1021.833801
categorical,100000,100,2,1,0.01,1,1000,3000,5000,3,3,3,FALSE,0.0001,2,pca-ignore,12.66168103,,,,,,0.975723028,140.89994,,,,140.880559,,,
categorical,100000,100,2,1,0.01,1,1000,3000,5000,3,3,3,FALSE,0.0001,2,pca-ohe,12.99558988,,,,,,223.9184134,12902.11423,,,,13251.49694,,,
categorical,100000,100,2,1,0.01,1,1000,3000,5000,3,3,3,FALSE,0.0001,2,vae-ignore,12.03980504,,,,,200,94.76792026,1198.824951,1198.665161,15.84622002,,1204.133545,1203.978516,15.52294254,
categorical,100000,100,2,1,0.01,1,1000,3000,5000,3,3,3,FALSE,0.0001,2,vae-embed,12.48023758,,,,,200,141.5553019,1241.80188,1241.378784,42.30718613,,1248.436279,1248.020142,41.61257553,
categorical,100000,100,2,1,0.01,1,1000,3000,5000,3,3,3,FALSE,0.0001,2,lmmvae,2.675230303,,0.055871651,0.890859246,5.367916107,200,228.7318156,224.7800446,214.4817505,13.52163124,1016.333313,197.8721924,187.5864716,13.52609825,1015.052002
categorical,100000,100,2,1,0.01,1,1000,3000,5000,3,3,3,FALSE,0.0001,3,pca-ignore,13.36111159,,,,,,1.023472548,141.1334605,,,,141.1322775,,,
categorical,100000,100,2,1,0.01,1,1000,3000,5000,3,3,3,FALSE,0.0001,3,pca-ohe,13.76852847,,,,,,233.0981565,12905.17764,,,,13215.01006,,,
categorical,100000,100,2,1,0.01,1,1000,3000,5000,3,3,3,FALSE,0.0001,3,vae-ignore,12.7484589,,,,,200,95.03260493,1271.372314,1271.231445,13.99176598,,1274.988159,1274.847778,13.95293713,
categorical,100000,100,2,1,0.01,1,1000,3000,5000,3,3,3,FALSE,0.0001,3,vae-embed,12.74464756,,,,,200,141.8127313,1267.343262,1267.190552,15.15491867,,1274.616699,1274.465088,15.03194809,
categorical,100000,100,2,1,0.01,1,1000,3000,5000,3,3,3,FALSE,0.0001,3,lmmvae,2.556038504,,0.036395535,0.941122115,5.68767643,200,231.3495603,217.0723572,206.6726685,9.259102821,1030.703247,193.7280273,183.3359528,9.236662865,1029.966919
categorical,100000,100,2,1,0.01,1,1000,3000,5000,3,3,3,FALSE,0.0001,4,pca-ignore,13.42809402,,,,,,1.077124119,141.4008269,,,,141.3860819,,,
categorical,100000,100,2,1,0.01,1,1000,3000,5000,3,3,3,FALSE,0.0001,4,pca-ohe,13.81824294,,,,,,230.2843449,12905.2719,,,,13237.56345,,,
categorical,100000,100,2,1,0.01,1,1000,3000,5000,3,3,3,FALSE,0.0001,4,vae-ignore,13.22938453,,,,,200,95.70181465,1322.915649,1322.659058,25.28700256,,1323.197144,1322.945557,25.16604042,
categorical,100000,100,2,1,0.01,1,1000,3000,5000,3,3,3,FALSE,0.0001,4,vae-embed,12.87408483,,,,,200,140.7457035,1260.698242,1260.338501,35.72285461,,1287.767822,1287.422607,34.47911835,
categorical,100000,100,2,1,0.01,1,1000,3000,5000,3,3,3,FALSE,0.0001,4,lmmvae,2.422342606,,0.039554309,1.047433257,5.5265522,200,229.4298947,205.5124817,195.2601318,9.275846481,1015.964417,185.1674652,174.92659,9.267439842,1014.822327
categorical,100000,100,1,1,0.01,1,1000,3000,5000,0.3,3,0.3,FALSE,0.0001,0,pca-ignore,5.93993182,,,,,,1.006135702,140.8533854,,,,140.7401915,,,
categorical,100000,100,1,1,0.01,1,1000,3000,5000,0.3,3,0.3,FALSE,0.0001,0,pca-ohe,5.969320907,,,,,,224.9390109,12906.83182,,,,13197.49578,,,
categorical,100000,100,1,1,0.01,1,1000,3000,5000,0.3,3,0.3,FALSE,0.0001,0,vae-ignore,5.77798516,,,,,200,91.81384635,578.2910767,578.2243042,6.673950195,,577.8638916,577.7975464,6.665282726,
categorical,100000,100,1,1,0.01,1,1000,3000,5000,0.3,3,0.3,FALSE,0.0001,0,vae-embed,5.761716334,,,,,200,148.8853319,576.9282227,576.8612671,6.706660748,,576.2369385,576.1699219,6.700242996,
categorical,100000,100,1,1,0.01,1,1000,3000,5000,0.3,3,0.3,FALSE,0.0001,0,lmmvae,1.504007015,,0.001059489,1.446762085,0.955771387,200,226.8518105,133.6717224,125.8552399,4.404653072,777.2386475,115.7463608,107.9361496,4.401847363,776.6152344
categorical,100000,100,1,1,0.01,1,1000,3000,5000,0.3,3,0.3,FALSE,0.0001,1,pca-ignore,5.979948241,,,,,,1.025751591,140.7546628,,,,140.8052648,,,
categorical,100000,100,1,1,0.01,1,1000,3000,5000,0.3,3,0.3,FALSE,0.0001,1,pca-ohe,6.009441488,,,,,,222.4065375,12899.63354,,,,13245.57155,,,
categorical,100000,100,1,1,0.01,1,1000,3000,5000,0.3,3,0.3,FALSE,0.0001,1,vae-ignore,5.718445739,,,,,200,92.70068145,570.781189,570.708374,7.204768658,,571.9144287,571.8417969,7.299474239,
categorical,100000,100,1,1,0.01,1,1000,3000,5000,0.3,3,0.3,FALSE,0.0001,1,vae-embed,5.747742008,,,,,200,138.4039581,573.0144653,572.9473877,6.708235264,,574.8412476,574.7745972,6.67243433,
categorical,100000,100,1,1,0.01,1,1000,3000,5000,0.3,3,0.3,FALSE,0.0001,1,lmmvae,1.507593176,,0.001036079,1.366770506,0.974081099,200,226.8401134,132.6488037,124.8476105,4.932078838,775.18927,116.5151215,108.7134018,4.910524845,775.2616577
categorical,100000,100,1,1,0.01,1,1000,3000,5000,0.3,3,0.3,FALSE,0.0001,2,pca-ignore,6.0989544,,,,,,1.024806499,140.7991096,,,,140.7991484,,,
categorical,100000,100,1,1,0.01,1,1000,3000,5000,0.3,3,0.3,FALSE,0.0001,2,pca-ohe,6.128624566,,,,,,220.7191465,12902.50699,,,,13203.81473,,,
categorical,100000,100,1,1,0.01,1,1000,3000,5000,0.3,3,0.3,FALSE,0.0001,2,vae-ignore,5.909293506,,,,,200,92.99258995,591.0758057,591.0007324,7.52270937,,591.0045776,590.9293213,7.500123501,
categorical,100000,100,1,1,0.01,1,1000,3000,5000,0.3,3,0.3,FALSE,0.0001,2,vae-embed,5.916928043,,,,,200,139.1928356,588.8019409,588.7293091,7.237244606,,591.7634888,591.6921387,7.181493759,
categorical,100000,100,1,1,0.01,1,1000,3000,5000,0.3,3,0.3,FALSE,0.0001,2,lmmvae,1.619694364,,0.001037567,1.406621456,1.009446502,200,227.6051505,142.8892059,135.0467224,5.074449539,779.1637573,125.0432663,117.2002869,5.075041771,779.2307739
categorical,100000,100,1,1,0.01,1,1000,3000,5000,0.3,3,0.3,FALSE,0.0001,3,pca-ignore,5.858640904,,,,,,0.962594509,141.3141068,,,,141.3701066,,,
categorical,100000,100,1,1,0.01,1,1000,3000,5000,0.3,3,0.3,FALSE,0.0001,3,pca-ohe,5.957190417,,,,,,224.1928182,12907.33026,,,,13209.23626,,,
categorical,100000,100,1,1,0.01,1,1000,3000,5000,0.3,3,0.3,FALSE,0.0001,3,vae-ignore,5.677069956,,,,,200,93.68983674,567.1317749,567.0678101,6.399801254,,567.7680054,567.7036133,6.397299767,
categorical,100000,100,1,1,0.01,1,1000,3000,5000,0.3,3,0.3,FALSE,0.0001,3,vae-embed,5.686295581,,,,,200,141.0838859,567.9967651,567.9294434,6.560338974,,568.694397,568.6287842,6.53674984,
categorical,100000,100,1,1,0.01,1,1000,3000,5000,0.3,3,0.3,FALSE,0.0001,3,lmmvae,1.493404786,,0.000933509,1.370746613,0.976118982,200,227.5180509,132.0517883,124.272377,4.371500492,773.5835571,115.131073,107.3528595,4.375001907,773.4538574
categorical,100000,100,1,1,0.01,1,1000,3000,5000,0.3,3,0.3,FALSE,0.0001,4,pca-ignore,5.905240823,,,,,,1.090294123,141.1550197,,,,141.2742431,,,
categorical,100000,100,1,1,0.01,1,1000,3000,5000,0.3,3,0.3,FALSE,0.0001,4,pca-ohe,5.950848693,,,,,,227.1183124,12898.56687,,,,13230.56454,,,
categorical,100000,100,1,1,0.01,1,1000,3000,5000,0.3,3,0.3,FALSE,0.0001,4,vae-ignore,5.739615569,,,,,200,92.14564276,572.3969727,572.3309326,6.524773121,,574.0274048,573.9619141,6.530689716,
categorical,100000,100,1,1,0.01,1,1000,3000,5000,0.3,3,0.3,FALSE,0.0001,4,vae-embed,5.767537096,,,,,200,139.495048,569.4713135,569.387207,8.319069862,,576.8393555,576.7574463,8.142982483,
categorical,100000,100,1,1,0.01,1,1000,3000,5000,0.3,3,0.3,FALSE,0.0001,4,lmmvae,1.487731946,,0.000983765,1.387132168,0.965830624,200,228.0918281,131.2192535,123.4514008,4.340169907,772.4379272,114.5676498,106.794548,4.335288525,772.9758301
categorical,100000,100,2,1,0.01,1,1000,3000,5000,0.3,3,0.3,FALSE,0.0001,0,pca-ignore,5.733308294,,,,,,1.085896254,139.9518057,,,,139.9573045,,,
categorical,100000,100,2,1,0.01,1,1000,3000,5000,0.3,3,0.3,FALSE,0.0001,0,pca-ohe,5.823152864,,,,,,229.6841047,12904.37415,,,,13239.20435,,,
categorical,100000,100,2,1,0.01,1,1000,3000,5000,0.3,3,0.3,FALSE,0.0001,0,vae-ignore,5.476078103,,,,,200,94.29214382,546.6159058,546.4873047,12.87657452,,547.7385254,547.609375,12.89718533,
categorical,100000,100,2,1,0.01,1,1000,3000,5000,0.3,3,0.3,FALSE,0.0001,0,vae-embed,5.472372695,,,,,200,151.3778458,544.4185791,544.2861328,13.28101444,,547.3704834,547.2383423,13.22767162,
categorical,100000,100,2,1,0.01,1,1000,3000,5000,0.3,3,0.3,FALSE,0.0001,0,lmmvae,1.9130166,,0.000823901,1.22710979,1.007473469,200,227.5473483,167.8270111,159.9526825,13.26375771,774.1810913,143.4584656,135.5822144,13.26598263,774.3560791
categorical,100000,100,2,1,0.01,1,1000,3000,5000,0.3,3,0.3,FALSE,0.0001,1,pca-ignore,5.633821346,,,,,,1.066496134,139.2175469,,,,139.236685,,,
categorical,100000,100,2,1,0.01,1,1000,3000,5000,0.3,3,0.3,FALSE,0.0001,1,pca-ohe,5.696735228,,,,,,225.5131507,12902.33829,,,,13238.11749,,,
categorical,100000,100,2,1,0.01,1,1000,3000,5000,0.3,3,0.3,FALSE,0.0001,1,vae-ignore,5.288500716,,,,,200,94.98377013,527.1056519,526.9807129,12.47628784,,528.9768066,528.852356,12.44363594,
categorical,100000,100,2,1,0.01,1,1000,3000,5000,0.3,3,0.3,FALSE,0.0001,1,vae-embed,5.345806675,,,,,200,141.6882777,527.6988525,527.5336914,16.51841736,,534.7424927,534.5795898,16.24951744,
categorical,100000,100,2,1,0.01,1,1000,3000,5000,0.3,3,0.3,FALSE,0.0001,1,lmmvae,1.748765117,,0.000945168,1.132759213,0.955264509,200,229.2017229,153.9885712,146.1698456,9.004099846,772.87323,132.6072693,124.7873764,8.982956886,773.0079346
categorical,100000,100,2,1,0.01,1,1000,3000,5000,0.3,3,0.3,FALSE,0.0001,2,pca-ignore,5.868518428,,,,,,0.968391895,139.2402787,,,,139.1247787,,,
categorical,100000,100,2,1,0.01,1,1000,3000,5000,0.3,3,0.3,FALSE,0.0001,2,pca-ohe,5.925301393,,,,,,226.3245366,12906.61872,,,,13255.8917,,,
categorical,100000,100,2,1,0.01,1,1000,3000,5000,0.3,3,0.3,FALSE,0.0001,2,vae-ignore,5.490274191,,,,,200,94.78217173,547.9448242,547.8037109,14.133111,,549.1657715,549.0254517,14.06880665,
categorical,100000,100,2,1,0.01,1,1000,3000,5000,0.3,3,0.3,FALSE,0.0001,2,vae-embed,5.552386902,,,,,200,141.611901,545.3756714,545.1954346,18.07730103,,555.4171143,555.2388306,17.7870636,
categorical,100000,100,2,1,0.01,1,1000,3000,5000,0.3,3,0.3,FALSE,0.0001,2,lmmvae,1.966589179,,0.001012177,1.254049897,1.003581524,200,228.2855701,172.8943329,165.0310059,13.5870142,772.7295532,147.0223846,139.1673737,13.57439709,771.9276733
categorical,100000,100,2,1,0.01,1,1000,3000,5000,0.3,3,0.3,FALSE,0.0001,3,pca-ignore,6.65429305,,,,,,1.313315153,140.3082756,,,,140.3329894,,,
categorical,100000,100,2,1,0.01,1,1000,3000,5000,0.3,3,0.3,FALSE,0.0001,3,pca-ohe,6.78398639,,,,,,224.7388649,12904.67069,,,,13245.36567,,,
categorical,100000,100,2,1,0.01,1,1000,3000,5000,0.3,3,0.3,FALSE,0.0001,3,vae-ignore,6.321440788,,,,,200,95.89507842,631.2417603,631.1067505,13.52015591,,632.2764282,632.1411743,13.55966091,
categorical,100000,100,2,1,0.01,1,1000,3000,5000,0.3,3,0.3,FALSE,0.0001,3,vae-embed,6.380947051,,,,,200,141.6625319,636.6320801,636.5065918,12.65030003,,638.2186279,638.0925293,12.63229465,
categorical,100000,100,2,1,0.01,1,1000,3000,5000,0.3,3,0.3,FALSE,0.0001,3,lmmvae,1.788410971,,0.001086024,1.625451922,1.04465878,200,228.7010412,157.1614075,148.8793488,12.51211643,815.6904297,135.8562317,127.5711517,12.50923347,815.9954224
categorical,100000,100,2,1,0.01,1,1000,3000,5000,0.3,3,0.3,FALSE,0.0001,4,pca-ignore,5.731132437,,,,,,1.017866611,140.3365415,,,,140.4184704,,,
categorical,100000,100,2,1,0.01,1,1000,3000,5000,0.3,3,0.3,FALSE,0.0001,4,pca-ohe,5.85889006,,,,,,229.0470147,12906.10981,,,,13248.13433,,,
categorical,100000,100,2,1,0.01,1,1000,3000,5000,0.3,3,0.3,FALSE,0.0001,4,vae-ignore,5.429312895,,,,,200,95.54266334,540.7313232,540.6026001,12.88761234,,543.057373,542.9287109,12.90305805,
categorical,100000,100,2,1,0.01,1,1000,3000,5000,0.3,3,0.3,FALSE,0.0001,4,vae-embed,5.492939169,,,,,200,143.6123235,545.8377075,545.7070923,13.10837173,,549.4216309,549.2902832,13.10814571,
categorical,100000,100,2,1,0.01,1,1000,3000,5000,0.3,3,0.3,FALSE,0.0001,4,lmmvae,1.711178973,,0.001107947,1.257340908,0.967333436,200,230.5781167,150.2442627,142.3330688,11.97063637,779.1345215,130.4956055,122.5806503,11.9663496,779.5453491
categorical,100000,100,1,1,0.01,1,1000,3000,5000,3,3,0.3,FALSE,0.0001,0,pca-ignore,9.449828189,,,,,,0.958020687,141.155699,,,,141.0394889,,,
categorical,100000,100,1,1,0.01,1,1000,3000,5000,3,3,0.3,FALSE,0.0001,0,pca-ohe,9.536816444,,,,,,229.1153624,12906.98772,,,,13240.07168,,,
categorical,100000,100,1,1,0.01,1,1000,3000,5000,3,3,0.3,FALSE,0.0001,0,vae-ignore,9.174488384,,,,,200,94.6152246,918.5773926,918.5056152,7.159595966,,917.5253296,917.4536133,7.131398201,
categorical,100000,100,1,1,0.01,1,1000,3000,5000,3,3,0.3,FALSE,0.0001,0,vae-embed,9.182525122,,,,,200,150.3219872,918.5230103,918.439209,8.441699982,,918.3330078,918.2507935,8.332616806,
categorical,100000,100,1,1,0.01,1,1000,3000,5000,3,3,0.3,FALSE,0.0001,0,lmmvae,1.810140429,,0.071488611,1.717659354,2.066282034,200,231.0833354,155.2196503,146.6396942,4.43114233,853.5576172,138.1634674,129.5885925,4.424001694,853.0554199
categorical,100000,100,1,1,0.01,1,1000,3000,5000,3,3,0.3,FALSE,0.0001,1,pca-ignore,9.521301624,,,,,,0.96280551,141.5448167,,,,141.5863543,,,
categorical,100000,100,1,1,0.01,1,1000,3000,5000,3,3,0.3,FALSE,0.0001,1,pca-ohe,9.682146295,,,,,,234.9571908,12907.32163,,,,13273.3372,,,
categorical,100000,100,1,1,0.01,1,1000,3000,5000,3,3,0.3,FALSE,0.0001,1,vae-ignore,9.242922379,,,,,200,90.87097478,923.1834717,923.1102295,7.441567898,,924.3695068,924.2949829,7.364558697,
categorical,100000,100,1,1,0.01,1,1000,3000,5000,3,3,0.3,FALSE,0.0001,1,vae-embed,9.285569226,,,,,200,141.5846415,927.4005737,927.3187256,8.107804298,,928.632019,928.552002,8.032236099,
categorical,100000,100,1,1,0.01,1,1000,3000,5000,3,3,0.3,FALSE,0.0001,1,lmmvae,1.987521638,,0.045210801,1.745990157,2.030924082,200,225.485383,169.297821,160.7825317,5.051523685,846.4973145,154.0067139,145.4871979,5.046295643,846.8969116
categorical,100000,100,1,1,0.01,1,1000,3000,5000,3,3,0.3,FALSE,0.0001,2,pca-ignore,9.752348408,,,,,,0.974838257,141.3661185,,,,141.446602,,,
categorical,100000,100,1,1,0.01,1,1000,3000,5000,3,3,0.3,FALSE,0.0001,2,pca-ohe,9.859688685,,,,,,227.9690394,12900.07151,,,,13264.94193,,,
categorical,100000,100,1,1,0.01,1,1000,3000,5000,3,3,0.3,FALSE,0.0001,2,vae-ignore,9.525866406,,,,,200,90.66091704,950.2280273,950.1608276,6.538756847,,952.65448,952.5894165,6.504133701,
categorical,100000,100,1,1,0.01,1,1000,3000,5000,3,3,0.3,FALSE,0.0001,2,vae-embed,9.509829487,,,,,200,138.1276107,947.8336792,947.7630005,7.221391201,,951.0562744,950.9846802,7.174400806,
categorical,100000,100,1,1,0.01,1,1000,3000,5000,3,3,0.3,FALSE,0.0001,2,lmmvae,1.875978118,,0.041723315,1.801739335,2.096705675,200,222.2804832,158.446579,149.7909546,4.607676506,860.9520874,142.8916016,134.2311859,4.610536098,861.4326172
categorical,100000,100,1,1,0.01,1,1000,3000,5000,3,3,0.3,FALSE,0.0001,3,pca-ignore,9.50610341,,,,,,1.479974747,141.5777291,,,,141.6483284,,,
categorical,100000,100,1,1,0.01,1,1000,3000,5000,3,3,0.3,FALSE,0.0001,3,pca-ohe,9.64478619,,,,,,230.3134894,12901.62774,,,,13214.95738,,,
categorical,100000,100,1,1,0.01,1,1000,3000,5000,3,3,0.3,FALSE,0.0001,3,vae-ignore,9.159742901,,,,,200,90.16041613,912.9511108,912.8713989,8.056628227,,916.0523071,915.9719238,8.073302269,
categorical,100000,100,1,1,0.01,1,1000,3000,5000,3,3,0.3,FALSE,0.0001,3,vae-embed,9.23518142,,,,,200,137.0899451,921.5715942,921.4962769,7.396708488,,923.5968018,923.5214844,7.473396778,
categorical,100000,100,1,1,0.01,1,1000,3000,5000,3,3,0.3,FALSE,0.0001,3,lmmvae,1.855495738,,0.068980247,1.632881761,2.156609297,200,223.5940955,158.7890472,150.1803894,4.466320992,856.3594971,142.5843811,133.9758453,4.471991539,856.3864136
categorical,100000,100,1,1,0.01,1,1000,3000,5000,3,3,0.3,FALSE,0.0001,4,pca-ignore,9.308328869,,,,,,0.95392251,141.4566476,,,,141.446659,,,
categorical,100000,100,1,1,0.01,1,1000,3000,5000,3,3,0.3,FALSE,0.0001,4,pca-ohe,9.402691027,,,,,,224.331269,12898.68478,,,,13240.41099,,,
categorical,100000,100,1,1,0.01,1,1000,3000,5000,3,3,0.3,FALSE,0.0001,4,vae-ignore,9.074505274,,,,,200,89.53118157,906.472229,906.4052124,6.564734936,,907.5153198,907.449707,6.551350117,
categorical,100000,100,1,1,0.01,1,1000,3000,5000,3,3,0.3,FALSE,0.0001,4,vae-embed,9.101074591,,,,,200,139.9633372,908.0062256,907.9362793,6.966517925,,910.1832275,910.1140747,6.902002335,
categorical,100000,100,1,1,0.01,1,1000,3000,5000,3,3,0.3,FALSE,0.0001,4,lmmvae,1.918712114,,0.052366305,1.818666697,1.978778124,200,222.2455754,163.8851166,155.2384949,8.091114044,856.5524292,145.3989868,136.7555695,8.101153374,856.2432251
categorical,100000,100,2,1,0.01,1,1000,3000,5000,3,3,0.3,FALSE,0.0001,0,pca-ignore,9.595501758,,,,,,1.046937227,140.8877918,,,,140.8784965,,,
categorical,100000,100,2,1,0.01,1,1000,3000,5000,3,3,0.3,FALSE,0.0001,0,pca-ohe,9.902552716,,,,,,225.9178565,12899.37716,,,,13217.13869,,,
categorical,100000,100,2,1,0.01,1,1000,3000,5000,3,3,0.3,FALSE,0.0001,0,vae-ignore,9.104659954,,,,,200,93.81587291,904.4210205,904.2658081,15.60030651,,910.6129761,910.4603271,15.31490803,
categorical,100000,100,2,1,0.01,1,1000,3000,5000,3,3,0.3,FALSE,0.0001,0,vae-embed,9.276529814,,,,,200,150.6287305,910.911499,910.6088257,30.31384087,,927.9514771,927.6577148,29.35470963,
categorical,100000,100,2,1,0.01,1,1000,3000,5000,3,3,0.3,FALSE,0.0001,0,lmmvae,2.060880904,,0.032861736,1.750920415,2.043021441,200,224.9599454,174.2698059,165.5722198,10.05393887,859.6696167,155.7661133,147.0702515,10.04579926,859.5162964
categorical,100000,100,2,1,0.01,1,1000,3000,5000,3,3,0.3,FALSE,0.0001,1,pca-ignore,9.680597024,,,,,,0.921173334,140.7433541,,,,140.7527431,,,
categorical,100000,100,2,1,0.01,1,1000,3000,5000,3,3,0.3,FALSE,0.0001,1,pca-ohe,9.892505781,,,,,,226.9287448,12897.72771,,,,13218.04662,,,
categorical,100000,100,2,1,0.01,1,1000,3000,5000,3,3,0.3,FALSE,0.0001,1,vae-ignore,9.096189625,,,,,200,93.19568634,903.9746094,903.8278198,14.51697063,,909.7689209,909.6235962,14.46253777,
categorical,100000,100,2,1,0.01,1,1000,3000,5000,3,3,0.3,FALSE,0.0001,1,vae-embed,9.171848742,,,,,200,140.759887,909.593811,909.4439087,14.96260929,,917.3214111,917.1735229,14.82961082,
categorical,100000,100,2,1,0.01,1,1000,3000,5000,3,3,0.3,FALSE,0.0001,1,lmmvae,2.080583688,,0.026451446,1.732554793,2.04621911,200,224.1185639,178.0975342,169.3208008,9.878380775,867.8104858,158.6546326,149.8762054,9.88301754,867.9667969
categorical,100000,100,2,1,0.01,1,1000,3000,5000,3,3,0.3,FALSE,0.0001,2,pca-ignore,9.068252714,,,,,,0.96423173,141.0359778,,,,141.0908502,,,
categorical,100000,100,2,1,0.01,1,1000,3000,5000,3,3,0.3,FALSE,0.0001,2,pca-ohe,9.302832427,,,,,,225.9986517,12903.55635,,,,13224.16893,,,
categorical,100000,100,2,1,0.01,1,1000,3000,5000,3,3,0.3,FALSE,0.0001,2,vae-ignore,8.675906681,,,,,200,91.31453538,864.4475708,864.3109741,13.87701607,,867.7382202,867.5983887,13.93594837,
categorical,100000,100,2,1,0.01,1,1000,3000,5000,3,3,0.3,FALSE,0.0001,2,vae-embed,8.623727928,,,,,200,141.4790111,858.1066895,857.9763184,13.05393505,,862.4970093,862.3660889,13.04697227,
categorical,100000,100,2,1,0.01,1,1000,3000,5000,3,3,0.3,FALSE,0.0001,2,lmmvae,2.112339092,,0.079720892,1.545823693,2.04664731,200,225.2029617,180.5447388,171.9334717,13.3348074,847.7626953,159.2579956,150.6473541,13.34608746,847.7299805
categorical,100000,100,2,1,0.01,1,1000,3000,5000,3,3,0.3,FALSE,0.0001,3,pca-ignore,9.595812411,,,,,,1.501177073,140.9635454,,,,140.9902717,,,
categorical,100000,100,2,1,0.01,1,1000,3000,5000,3,3,0.3,FALSE,0.0001,3,pca-ohe,9.85792293,,,,,,228.7424002,12906.36667,,,,13249.09634,,,
categorical,100000,100,2,1,0.01,1,1000,3000,5000,3,3,0.3,FALSE,0.0001,3,vae-ignore,9.122483543,,,,,200,92.15986323,908.7814941,908.6339722,14.65053272,,912.4041138,912.2584229,14.67837524,
categorical,100000,100,2,1,0.01,1,1000,3000,5000,3,3,0.3,FALSE,0.0001,3,vae-embed,9.129671105,,,,,200,140.353765,903.9848022,903.8383789,14.5078907,,913.1062012,912.9627075,14.3608551,
categorical,100000,100,2,1,0.01,1,1000,3000,5000,3,3,0.3,FALSE,0.0001,3,lmmvae,1.973484452,,0.090642527,1.741991282,2.070932388,200,225.4447467,169.4822998,160.749176,9.194644928,864.0963135,150.5555267,141.8228607,9.215418816,864.0579224
categorical,100000,100,2,1,0.01,1,1000,3000,5000,3,3,0.3,FALSE,0.0001,4,pca-ignore,9.404474605,,,,,,0.975539923,140.7416424,,,,140.6704354,,,
categorical,100000,100,2,1,0.01,1,1000,3000,5000,3,3,0.3,FALSE,0.0001,4,pca-ohe,9.646735086,,,,,,230.1619906,12904.81423,,,,13216.73787,,,
categorical,100000,100,2,1,0.01,1,1000,3000,5000,3,3,0.3,FALSE,0.0001,4,vae-ignore,8.947423084,,,,,200,91.95354199,893.2875977,893.1572266,13.15677834,,894.8723755,894.7407837,13.13709545,
categorical,100000,100,2,1,0.01,1,1000,3000,5000,3,3,0.3,FALSE,0.0001,4,vae-embed,8.93277261,,,,,200,139.7669859,888.9575806,888.7938232,16.29099274,,893.447876,893.2866821,16.08352089,
categorical,100000,100,2,1,0.01,1,1000,3000,5000,3,3,0.3,FALSE,0.0001,4,lmmvae,2.032617991,,0.039576426,1.72796452,1.990058541,200,223.9650393,173.2581482,164.5637054,9.913202286,859.5095825,154.437561,145.7489471,9.925540924,858.9251709
categorical,100000,100,1,1,0.001,1,1000,3000,5000,0.3,0.3,0.3,FALSE,0.0001,0,vae-ohe,2.24241021,,,,,200,464.8359258,,,,,,,,
categorical,100000,100,1,1,0.001,1,1000,3000,5000,0.3,0.3,0.3,FALSE,0.0001,1,vae-ohe,2.188860233,,,,,200,454.5580781,,,,,,,,
categorical,100000,100,1,1,0.001,1,1000,3000,5000,0.3,0.3,0.3,FALSE,0.0001,2,vae-ohe,2.263358944,,,,,200,458.3475747,,,,,,,,
categorical,100000,100,1,1,0.001,1,1000,3000,5000,0.3,0.3,0.3,FALSE,0.0001,3,vae-ohe,2.239105774,,,,,200,443.2326767,,,,,,,,
categorical,100000,100,1,1,0.001,1,1000,3000,5000,0.3,0.3,0.3,FALSE,0.0001,4,vae-ohe,2.267175193,,,,,200,459.0759022,,,,,,,,
categorical,100000,100,2,1,0.001,1,1000,3000,5000,0.3,0.3,0.3,FALSE,0.0001,0,vae-ohe,2.29766545,,,,,200,458.4713602,,,,,,,,
categorical,100000,100,2,1,0.001,1,1000,3000,5000,0.3,0.3,0.3,FALSE,0.0001,1,vae-ohe,2.378562279,,,,,200,457.4565103,,,,,,,,
categorical,100000,100,2,1,0.001,1,1000,3000,5000,0.3,0.3,0.3,FALSE,0.0001,2,vae-ohe,2.324773109,,,,,200,457.4092286,,,,,,,,
categorical,100000,100,2,1,0.001,1,1000,3000,5000,0.3,0.3,0.3,FALSE,0.0001,3,vae-ohe,2.306810634,,,,,200,441.9247496,,,,,,,,
categorical,100000,100,2,1,0.001,1,1000,3000,5000,0.3,0.3,0.3,FALSE,0.0001,4,vae-ohe,2.298219552,,,,,200,457.6427407,,,,,,,,
categorical,100000,100,1,1,0.001,1,1000,3000,5000,0.3,0.3,3,FALSE,0.0001,0,vae-ohe,5.525811174,,,,,200,443.2439666,,,,,,,,
categorical,100000,100,1,1,0.001,1,1000,3000,5000,0.3,0.3,3,FALSE,0.0001,1,vae-ohe,5.823448973,,,,,200,443.4959948,,,,,,,,
categorical,100000,100,1,1,0.001,1,1000,3000,5000,0.3,0.3,3,FALSE,0.0001,2,vae-ohe,5.803132056,,,,,200,459.026547,,,,,,,,
categorical,100000,100,1,1,0.001,1,1000,3000,5000,0.3,0.3,3,FALSE,0.0001,3,vae-ohe,5.703721728,,,,,200,445.4676065,,,,,,,,
categorical,100000,100,1,1,0.001,1,1000,3000,5000,0.3,0.3,3,FALSE,0.0001,4,vae-ohe,5.721996051,,,,,200,459.62203,,,,,,,,
categorical,100000,100,2,1,0.001,1,1000,3000,5000,0.3,0.3,3,FALSE,0.0001,0,vae-ohe,5.795329317,,,,,200,447.7671344,,,,,,,,
categorical,100000,100,2,1,0.001,1,1000,3000,5000,0.3,0.3,3,FALSE,0.0001,1,vae-ohe,5.913981558,,,,,200,444.725127,,,,,,,,
categorical,100000,100,2,1,0.001,1,1000,3000,5000,0.3,0.3,3,FALSE,0.0001,2,vae-ohe,5.94043573,,,,,200,458.1212113,,,,,,,,
categorical,100000,100,2,1,0.001,1,1000,3000,5000,0.3,0.3,3,FALSE,0.0001,3,vae-ohe,5.771212318,,,,,200,457.4275651,,,,,,,,
categorical,100000,100,2,1,0.001,1,1000,3000,5000,0.3,0.3,3,FALSE,0.0001,4,vae-ohe,5.876589214,,,,,200,458.0376723,,,,,,,,
categorical,100000,100,1,1,0.001,1,1000,3000,5000,0.3,3,0.3,FALSE,0.0001,0,vae-ohe,5.742466459,,,,,200,459.5481973,,,,,,,,
categorical,100000,100,1,1,0.001,1,1000,3000,5000,0.3,3,0.3,FALSE,0.0001,1,vae-ohe,6.073285669,,,,,200,461.1981683,,,,,,,,
categorical,100000,100,1,1,0.001,1,1000,3000,5000,0.3,3,0.3,FALSE,0.0001,2,vae-ohe,5.591049348,,,,,200,461.2659366,,,,,,,,
categorical,100000,100,1,1,0.001,1,1000,3000,5000,0.3,3,0.3,FALSE,0.0001,3,vae-ohe,5.934426127,,,,,200,457.7339365,,,,,,,,
categorical,100000,100,1,1,0.001,1,1000,3000,5000,0.3,3,0.3,FALSE,0.0001,4,vae-ohe,5.817430464,,,,,200,458.7115529,,,,,,,,
categorical,100000,100,2,1,0.001,1,1000,3000,5000,0.3,3,0.3,FALSE,0.0001,0,vae-ohe,5.891036932,,,,,200,460.7089348,,,,,,,,
categorical,100000,100,2,1,0.001,1,1000,3000,5000,0.3,3,0.3,FALSE,0.0001,1,vae-ohe,5.731620256,,,,,200,457.2986634,,,,,,,,
categorical,100000,100,2,1,0.001,1,1000,3000,5000,0.3,3,0.3,FALSE,0.0001,2,vae-ohe,5.652157434,,,,,200,442.3542063,,,,,,,,
categorical,100000,100,2,1,0.001,1,1000,3000,5000,0.3,3,0.3,FALSE,0.0001,3,vae-ohe,5.805505429,,,,,200,444.6958704,,,,,,,,
categorical,100000,100,2,1,0.001,1,1000,3000,5000,0.3,3,0.3,FALSE,0.0001,4,vae-ohe,5.890263937,,,,,200,458.4873557,,,,,,,,
categorical,100000,100,1,1,0.001,1,1000,3000,5000,0.3,3,3,FALSE,0.0001,0,vae-ohe,9.582926953,,,,,200,457.0991442,,,,,,,,
categorical,100000,100,1,1,0.001,1,1000,3000,5000,0.3,3,3,FALSE,0.0001,1,vae-ohe,9.220913658,,,,,200,459.4080496,,,,,,,,
categorical,100000,100,1,1,0.001,1,1000,3000,5000,0.3,3,3,FALSE,0.0001,2,vae-ohe,8.972665461,,,,,200,459.789181,,,,,,,,
categorical,100000,100,1,1,0.001,1,1000,3000,5000,0.3,3,3,FALSE,0.0001,3,vae-ohe,9.50732247,,,,,200,447.0583203,,,,,,,,
categorical,100000,100,1,1,0.001,1,1000,3000,5000,0.3,3,3,FALSE,0.0001,4,vae-ohe,9.36464181,,,,,200,457.9472766,,,,,,,,
categorical,100000,100,2,1,0.001,1,1000,3000,5000,0.3,3,3,FALSE,0.0001,0,vae-ohe,9.149413834,,,,,200,459.1400585,,,,,,,,
categorical,100000,100,2,1,0.001,1,1000,3000,5000,0.3,3,3,FALSE,0.0001,1,vae-ohe,9.050678513,,,,,200,458.8488815,,,,,,,,
categorical,100000,100,2,1,0.001,1,1000,3000,5000,0.3,3,3,FALSE,0.0001,2,vae-ohe,9.157934509,,,,,200,442.770185,,,,,,,,
categorical,100000,100,2,1,0.001,1,1000,3000,5000,0.3,3,3,FALSE,0.0001,3,vae-ohe,9.010156465,,,,,200,458.2656531,,,,,,,,
categorical,100000,100,2,1,0.001,1,1000,3000,5000,0.3,3,3,FALSE,0.0001,4,vae-ohe,9.078040155,,,,,200,444.9771397,,,,,,,,
categorical,100000,100,1,1,0.001,1,1000,3000,5000,3,0.3,0.3,FALSE,0.0001,0,vae-ohe,5.707913923,,,,,200,458.6334264,,,,,,,,
categorical,100000,100,1,1,0.001,1,1000,3000,5000,3,0.3,0.3,FALSE,0.0001,1,vae-ohe,5.845577422,,,,,200,459.4820631,,,,,,,,
categorical,100000,100,1,1,0.001,1,1000,3000,5000,3,0.3,0.3,FALSE,0.0001,2,vae-ohe,6.306076281,,,,,200,444.4934082,,,,,,,,
categorical,100000,100,1,1,0.001,1,1000,3000,5000,3,0.3,0.3,FALSE,0.0001,3,vae-ohe,5.976847054,,,,,200,444.9215822,,,,,,,,
categorical,100000,100,1,1,0.001,1,1000,3000,5000,3,0.3,0.3,FALSE,0.0001,4,vae-ohe,5.358231218,,,,,200,445.6615944,,,,,,,,
categorical,100000,100,2,1,0.001,1,1000,3000,5000,3,0.3,0.3,FALSE,0.0001,0,vae-ohe,5.683167768,,,,,200,459.5167341,,,,,,,,
categorical,100000,100,2,1,0.001,1,1000,3000,5000,3,0.3,0.3,FALSE,0.0001,1,vae-ohe,5.589885713,,,,,200,450.2281661,,,,,,,,
categorical,100000,100,2,1,0.001,1,1000,3000,5000,3,0.3,0.3,FALSE,0.0001,2,vae-ohe,5.854656106,,,,,200,459.3223441,,,,,,,,
categorical,100000,100,2,1,0.001,1,1000,3000,5000,3,0.3,0.3,FALSE,0.0001,3,vae-ohe,5.632640925,,,,,200,458.8019245,,,,,,,,
categorical,100000,100,2,1,0.001,1,1000,3000,5000,3,0.3,0.3,FALSE,0.0001,4,vae-ohe,5.641179332,,,,,200,458.946418,,,,,,,,
categorical,100000,100,1,1,0.001,1,1000,3000,5000,3,0.3,3,FALSE,0.0001,0,vae-ohe,9.627669829,,,,,200,461.2118368,,,,,,,,
categorical,100000,100,1,1,0.001,1,1000,3000,5000,3,0.3,3,FALSE,0.0001,1,vae-ohe,9.241466061,,,,,200,459.2658389,,,,,,,,
categorical,100000,100,1,1,0.001,1,1000,3000,5000,3,0.3,3,FALSE,0.0001,2,vae-ohe,9.250600582,,,,,200,458.7555673,,,,,,,,
categorical,100000,100,1,1,0.001,1,1000,3000,5000,3,0.3,3,FALSE,0.0001,3,vae-ohe,9.231491802,,,,,200,447.4919562,,,,,,,,
categorical,100000,100,1,1,0.001,1,1000,3000,5000,3,0.3,3,FALSE,0.0001,4,vae-ohe,9.245803545,,,,,200,446.1125438,,,,,,,,
categorical,100000,100,2,1,0.001,1,1000,3000,5000,3,0.3,3,FALSE,0.0001,0,vae-ohe,9.162791978,,,,,200,458.828192,,,,,,,,
categorical,100000,100,2,1,0.001,1,1000,3000,5000,3,0.3,3,FALSE,0.0001,1,vae-ohe,9.627025883,,,,,200,461.8576303,,,,,,,,
categorical,100000,100,2,1,0.001,1,1000,3000,5000,3,0.3,3,FALSE,0.0001,2,vae-ohe,9.692393623,,,,,200,460.7672803,,,,,,,,
categorical,100000,100,2,1,0.001,1,1000,3000,5000,3,0.3,3,FALSE,0.0001,3,vae-ohe,9.204519639,,,,,200,461.0095751,,,,,,,,
categorical,100000,100,2,1,0.001,1,1000,3000,5000,3,0.3,3,FALSE,0.0001,4,vae-ohe,9.326624361,,,,,200,462.1054273,,,,,,,,
categorical,100000,100,1,1,0.001,1,1000,3000,5000,3,3,0.3,FALSE,0.0001,0,vae-ohe,9.598941997,,,,,200,464.3425779,,,,,,,,
categorical,100000,100,1,1,0.001,1,1000,3000,5000,3,3,0.3,FALSE,0.0001,1,vae-ohe,9.287531574,,,,,200,461.5566914,,,,,,,,
categorical,100000,100,1,1,0.001,1,1000,3000,5000,3,3,0.3,FALSE,0.0001,2,vae-ohe,9.297675744,,,,,200,463.9178493,,,,,,,,
categorical,100000,100,1,1,0.001,1,1000,3000,5000,3,3,0.3,FALSE,0.0001,3,vae-ohe,9.154796716,,,,,200,461.8043993,,,,,,,,
categorical,100000,100,1,1,0.001,1,1000,3000,5000,3,3,0.3,FALSE,0.0001,4,vae-ohe,9.526212318,,,,,200,464.9366503,,,,,,,,
categorical,100000,100,2,1,0.001,1,1000,3000,5000,3,3,0.3,FALSE,0.0001,0,vae-ohe,9.232243741,,,,,200,461.4344809,,,,,,,,
categorical,100000,100,2,1,0.001,1,1000,3000,5000,3,3,0.3,FALSE,0.0001,1,vae-ohe,9.356189813,,,,,200,449.4421706,,,,,,,,
categorical,100000,100,2,1,0.001,1,1000,3000,5000,3,3,0.3,FALSE,0.0001,2,vae-ohe,9.268585985,,,,,200,459.4965119,,,,,,,,
categorical,100000,100,2,1,0.001,1,1000,3000,5000,3,3,0.3,FALSE,0.0001,3,vae-ohe,8.705922395,,,,,200,458.933496,,,,,,,,
categorical,100000,100,2,1,0.001,1,1000,3000,5000,3,3,0.3,FALSE,0.0001,4,vae-ohe,9.4351902,,,,,200,460.3131862,,,,,,,,
categorical,100000,100,1,1,0.001,1,1000,3000,5000,3,3,3,FALSE,0.0001,0,vae-ohe,12.31551717,,,,,200,446.7058942,,,,,,,,
categorical,100000,100,1,1,0.001,1,1000,3000,5000,3,3,3,FALSE,0.0001,1,vae-ohe,12.7095749,,,,,200,448.625097,,,,,,,,
categorical,100000,100,1,1,0.001,1,1000,3000,5000,3,3,3,FALSE,0.0001,2,vae-ohe,12.97257013,,,,,200,458.1625335,,,,,,,,
categorical,100000,100,1,1,0.001,1,1000,3000,5000,3,3,3,FALSE,0.0001,3,vae-ohe,13.37387327,,,,,200,460.3386137,,,,,,,,
categorical,100000,100,1,1,0.001,1,1000,3000,5000,3,3,3,FALSE,0.0001,4,vae-ohe,12.96985216,,,,,200,460.9601281,,,,,,,,
categorical,100000,100,2,1,0.001,1,1000,3000,5000,3,3,3,FALSE,0.0001,0,vae-ohe,12.7498669,,,,,200,461.1249907,,,,,,,,
categorical,100000,100,2,1,0.001,1,1000,3000,5000,3,3,3,FALSE,0.0001,1,vae-ohe,12.4869213,,,,,200,458.9968519,,,,,,,,
categorical,100000,100,2,1,0.001,1,1000,3000,5000,3,3,3,FALSE,0.0001,2,vae-ohe,12.95448244,,,,,200,459.4914029,,,,,,,,
categorical,100000,100,2,1,0.001,1,1000,3000,5000,3,3,3,FALSE,0.0001,3,vae-ohe,12.25669007,,,,,200,460.4969866,,,,,,,,
categorical,100000,100,2,1,0.001,1,1000,3000,5000,3,3,3,FALSE,0.0001,4,vae-ohe,12.15351533,,,,,200,463.2506821,,,,,,,,
